school_id,short_name,long_name,primary_category,is_high_school,is_middle_school,is_elementary_school,is_pre_school,grades_offered_all,grades_offered,student_count_total,student_count_low_income,student_count_special_ed,student_count_english_learners,student_count_black,student_count_hispanic,student_count_white,student_count_asian,student_count_native_american,student_count_other_ethnicity,student_count_asian_pacific_islander,student_count_multi,student_count_hawaiian_pacific_islander,student_count_ethnicity_not_available,title_1_eligible,preschool_inclusive,preschool_instructional,significantly_modified,hard_of_hearing,visual_impairments,transportation_bus,transportation_el,transportation_metra,average_act_school,mean_act,college_enrollment_rate_school,college_enrollment_rate_mean,graduation_rate_school,graduation_rate_mean,overall_rating,rating_status,school_year,network,is_gocps_participant,is_gocps_prek,is_gocps_elementary,is_gocps_high_school,open_for_enrollment_date,closed_for_enrollment_date,school_latitude,school_longitude,zip,multisensory,transition,year_start,pct_low_income,pct_special_ed,pct_english_learners,pct_black,pct_hispanic,pct_white,pct_asian,high_risk
400173,PATHWAYS - BRIGHTON PARK HS,Pathways in Education- Brighton Park,HS,True,False,False,False,"9,10,11,12",9-12,408,341,42,67,12,378,14,3,1,0,0.0,0,0.0,0.0,Unknown,Unknown,Unknown,Unknown,Unknown,Unknown,Unknown,Unknown,Unknown,,,19.4,67.2,11.3,78.9,Level 2+,NOT APPLICABLE,2018-19,Options,False,False,False,False,2014-07-01T00:00:00.000,Unknown,41.808226,-87.702645,60632.0,Unknown,Unknown,2018.0,83.57843137254902,10.294117647058822,16.42156862745098,2.941176470588235,92.64705882352942,3.431372549019608,0.7352941176470588,1
609704,FARRAGUT HS,David G Farragut Career Academy High School,HS,True,False,False,False,"9,10,11,12",9-12,559,555,145,159,66,484,9,0,0,0,0.0,0,0.0,0.0,True,Unknown,Unknown,True,Unknown,Unknown,"21, 52, 82",Pink,Unknown,,,54.5,67.2,68.9,78.9,Level 2+,GOOD STANDING,2018-19,Network 16,True,False,False,True,2004-09-01T00:00:00.000,Unknown,41.84856,-87.708706,60623.0,Unknown,Unknown,2018.0,99.2844364937388,25.9391771019678,28.44364937388193,11.80679785330948,86.58318425760287,1.6100178890876566,0.0,1
609734,TAFT HS,William Howard Taft High School,HS,True,True,False,False,"7,8,9,10,11,12",7-12,3644,1871,447,334,94,1471,1654,290,13,0,0.0,82,19.0,21.0,False,Unknown,Unknown,True,Unknown,Unknown,"68, 86",Blue,Union Pacific Northwest (UP-NW),,,77.5,67.2,83.9,78.9,Level 1,GOOD STANDING,2018-19,Network 14,True,False,True,True,2004-09-01T00:00:00.000,Unknown,41.982961,-87.791547,60631.0,Unknown,Unknown,2018.0,51.34467618002196,12.266739846322722,9.165751920965972,2.579582875960483,40.36772777167948,45.38968166849616,7.958287596048298,0
400106,NOBLE - JOHNSON HS,Noble - John and Eunice Johnson College Prep,HS,True,False,False,False,"9,10,11,12",9-12,607,571,142,3,581,22,1,0,2,0,0.0,1,0.0,0.0,True,Unknown,Unknown,Unknown,Unknown,Unknown,"63, 24","Green, Red",Metra Electric District (ME),,,75.7,67.2,72.0,78.9,Level 2,NOT APPLICABLE,2018-19,Charter,True,False,False,True,2010-07-01T00:00:00.000,Unknown,41.778369,-87.635117,60621.0,Unknown,Unknown,2018.0,94.0691927512356,23.39373970345964,0.4942339373970346,95.71663920922568,3.6243822075782535,0.1647446457990115,0.0,1
609750,SIMPSON HS,Simpson Academy HS for Young Women,HS,True,True,True,False,"6,7,8,9,10,11,12",6-12,31,30,6,3,23,8,0,0,0,0,0.0,0,0.0,0.0,True,Unknown,Unknown,Unknown,Unknown,Unknown,Unknown,Pink,Unknown,,,40.0,67.2,81.1,78.9,Level 1,GOOD STANDING,2018-19,Network 15,False,False,False,False,2004-09-01T00:00:00.000,Unknown,41.864365,-87.668722,60608.0,Unknown,Unknown,2018.0,96.7741935483871,19.35483870967742,9.67741935483871,74.19354838709677,25.806451612903224,0.0,0.0,1
400085,ACERO - GARCIA HS,Acero Charter Schools - Major Hector P. Garcia MD,HS,True,False,False,False,"9,10,11,12",9-12,612,561,108,180,11,591,8,1,1,0,0.0,0,0.0,0.0,True,Unknown,Unknown,Unknown,Unknown,Unknown,"47, 53A",Orange,Unknown,,,64.2,67.2,87.3,78.9,Level 1,NOT APPLICABLE,2018-19,Charter,True,False,False,True,2008-07-01T00:00:00.000,Unknown,41.809171,-87.730467,60632.0,Unknown,Unknown,2018.0,91.66666666666666,17.647058823529413,29.411764705882355,1.7973856209150323,96.5686274509804,1.30718954248366,0.1633986928104575,0
400126,YCCS - ASSOCIATION HOUSE,YCCS-Association House HS,HS,True,False,False,False,"9,10,11,12",9-12,99,98,24,16,30,66,1,1,0,0,0.0,0,1.0,0.0,True,Unknown,Unknown,Unknown,Unknown,Unknown,"70, 65, 82, 94",Blue,Unknown,,,21.1,67.2,81.1,78.9,Level 1+,NOT APPLICABLE,2018-19,Options,False,False,False,False,2012-07-01T00:00:00.000,Unknown,41.901572,-87.70686,60651.0,Unknown,Unknown,2018.0,98.989898989899,24.24242424242424,16.161616161616163,30.303030303030305,66.66666666666666,1.0101010101010102,1.0101010101010102,1
400062,PERSPECTIVES - TECH HS,Perspectives - High School of Technology,HS,True,False,False,False,"9,10,11,12",9-12,311,281,66,0,306,1,1,0,1,0,0.0,2,0.0,0.0,True,Unknown,Unknown,Unknown,Unknown,Unknown,"44, 75",Red,Unknown,,,53.4,67.2,77.6,78.9,Level 2+,NOT APPLICABLE,2018-19,Charter,True,False,False,True,2004-09-01T00:00:00.000,Unknown,41.745949,-87.650657,60620.0,Unknown,Unknown,2018.0,90.35369774919614,21.221864951768488,0.0,98.39228295819936,0.3215434083601286,0.3215434083601286,0.0,1
610594,PATHWAYS - HUMBOLDT PARK HS,Pathways in Education - Humboldt Park HS,HS,True,False,False,False,"9,10,11,12",9-12,69,60,13,8,14,49,5,0,0,0,0.0,1,0.0,0.0,Unknown,Unknown,Unknown,Unknown,Unknown,Unknown,Unknown,Unknown,Unknown,,,59.75,67.2,81.1,78.9,Inability to Rate,GOOD STANDING,2018-19,Options,False,False,False,False,2019-08-01T00:00:00.000,Unknown,41.902841,-87.687946,60622.0,Unknown,Unknown,2018.0,86.95652173913044,18.84057971014493,11.594202898550725,20.28985507246377,71.01449275362319,7.246376811594203,0.0,1
400161,CHICAGO COLLEGIATE,Chicago Collegiate Charter School,HS,True,True,True,False,"4,5,6,7,8,9,10,11",4-11,348,331,66,0,335,9,1,0,0,0,0.0,2,1.0,0.0,Unknown,Unknown,Unknown,Unknown,Unknown,Unknown,28,Unknown,Metra Electric District (ME),,,59.75,67.2,81.1,78.9,Level 2,NOT APPLICABLE,2018-19,Charter,True,False,False,True,2013-07-01T00:00:00.000,Unknown,41.679318,-87.617968,60628.0,Unknown,Unknown,2018.0,95.11494252873564,18.96551724137931,0.0,96.26436781609196,2.586206896551724,0.2873563218390804,0.0,1
400164,INSTITUTO - LOZANO HS,Instituto - Justice Lozano,HS,True,False,False,False,"9,10,11,12",9-12,98,96,19,29,0,98,0,0,0,0,0.0,0,0.0,0.0,Unknown,Unknown,Unknown,Unknown,Unknown,Unknown,"349, 60","Blue, Orange, Pink, Red",BNSF Railway (BNSF),,,31.3,67.2,81.1,78.9,Level 2+,NOT APPLICABLE,2018-19,Options,False,False,False,False,2013-07-01T00:00:00.000,Unknown,41.845957,-87.685903,60608.0,Unknown,Unknown,2018.0,97.95918367346938,19.387755102040817,29.59183673469388,0.0,100.0,0.0,0.0,1
609727,PHILLIPS HS,Wendell Phillips Academy High School,HS,True,False,False,False,"9,10,11,12",9-12,599,565,121,3,582,9,1,0,0,0,0.0,0,0.0,7.0,True,Unknown,Unknown,Unknown,Unknown,Unknown,"1, 3, 39","Green, Red",Unknown,,,66.7,67.2,63.9,78.9,Level 2,INTENSIVE SUPPORT,2018-19,AUSL,True,False,False,True,2004-09-01T00:00:00.000,Unknown,41.82388,-87.619796,60653.0,Unknown,Unknown,2018.0,94.32387312186978,20.20033388981636,0.5008347245409015,97.16193656093488,1.5025041736227045,0.1669449081803005,0.0,1
609698,BOGAN HS,William J Bogan High School,HS,True,False,False,False,"9,10,11,12",9-12,753,660,156,83,474,266,5,0,1,0,0.0,2,1.0,4.0,True,Unknown,Unknown,True,Unknown,Unknown,"53A, 79, 169",Unknown,Unknown,,,53.5,67.2,78.2,78.9,Level 2,INTENSIVE SUPPORT,2018-19,Network 16,True,False,False,True,2004-09-01T00:00:00.000,Unknown,41.749376,-87.721097,60652.0,Unknown,Unknown,2018.0,87.64940239043824,20.717131474103585,11.02257636122178,62.94820717131474,35.3253652058433,0.6640106241699867,0.0,1
609676,DUNBAR HS,Paul Laurence Dunbar Career Academy High School,HS,True,False,False,False,"9,10,11,12",9-12,348,346,84,7,330,14,2,0,0,0,0.0,1,1.0,0.0,True,Unknown,Unknown,True,Unknown,Unknown,"1, 3, 4",Unknown,Metra Electric District (ME),,,57.6,67.2,67.0,78.9,Level 2,INTENSIVE SUPPORT,2018-19,Network 17,True,False,False,True,2004-09-01T00:00:00.000,Unknown,41.840226,-87.617637,60616.0,Unknown,Unknown,2018.0,99.42528735632185,24.13793103448276,2.0114942528735638,94.82758620689656,4.022988505747127,0.5747126436781609,0.0,1
400131,YCCS - CAMPOS,YCCS-Dr. Pedro Albizu Campos Puerto Rican HS,HS,True,False,False,False,"9,10,11,12",9-12,171,159,62,18,36,130,3,0,1,0,0.0,0,1.0,0.0,True,Unknown,Unknown,Unknown,Unknown,Unknown,"52, 70",Blue,Unknown,,,30.2,67.2,81.1,78.9,Level 1,NOT APPLICABLE,2018-19,Options,False,False,False,False,2012-07-01T00:00:00.000,Unknown,41.90285,-87.696006,60622.0,Unknown,Unknown,2018.0,92.98245614035088,36.25730994152047,10.526315789473683,21.052631578947366,76.0233918128655,1.7543859649122806,0.0,1
609729,SCHURZ HS,Carl Schurz High School,HS,True,False,False,False,"9,10,11,12",9-12,1517,1361,323,339,128,1248,83,29,5,0,0.0,16,7.0,1.0,True,Unknown,Unknown,True,Unknown,Unknown,"56, 152",Blue,Milwaukee District North (MD-N),,,63.8,67.2,70.6,78.9,Level 2,INTENSIVE SUPPORT,2018-19,Network 14,True,False,False,True,2004-09-01T00:00:00.000,Unknown,41.946365,-87.735612,60641.0,Unknown,Unknown,2018.0,89.71654581410678,21.29202373104812,22.34673698088332,8.437705998681608,82.26763348714569,5.471324983520105,1.911667765326302,1
400055,NOBLE - RAUNER HS,Noble - Rauner College Prep,HS,True,False,False,False,"9,10,11,12",9-12,618,514,102,76,137,456,15,1,1,0,0.0,3,0.0,5.0,True,Unknown,Unknown,Unknown,Unknown,Unknown,"9, 65, 66",Blue,Unknown,,,80.6,67.2,90.3,78.9,Level 1+,NOT APPLICABLE,2018-19,Charter,True,False,False,True,2004-09-01T00:00:00.000,Unknown,41.892425,-87.660859,60642.0,Unknown,Unknown,2018.0,83.1715210355987,16.50485436893204,12.297734627831716,22.16828478964401,73.7864077669903,2.4271844660194173,0.1618122977346278,0
400179,NOBLE - MANSUETO HS,Noble Mansueto High School,HS,True,False,False,False,"9,10,11,12",9-12,1013,929,177,239,10,976,10,15,1,0,0.0,0,1.0,0.0,True,Unknown,Unknown,Unknown,Unknown,Unknown,"47, 52, 53A, 62, 94",Orange,Unknown,,,59.75,67.2,81.1,78.9,Level 1+,NOT APPLICABLE,2018-19,Charter,True,False,False,True,2016-07-01T00:00:00.000,Unknown,41.800136,-87.728003,60632.0,Unknown,Unknown,2018.0,91.70779861796645,17.47285291214215,23.593287265547875,0.9871668311944718,96.34748272458046,0.9871668311944718,1.4807502467917075,1
400135,YCCS - LATINO YOUTH,YCCS-Latino Youth Alternative HS,HS,True,False,False,False,"9,10,11,12",9-12,101,99,20,25,5,96,0,0,0,0,0.0,0,0.0,0.0,True,Unknown,Unknown,Unknown,Unknown,Unknown,"94, 21",Pink,Unknown,,,9.9,67.2,81.1,78.9,Level 1,NOT APPLICABLE,2018-19,Options,False,False,False,False,2012-07-01T00:00:00.000,Unknown,41.854665,-87.69543,60608.0,Unknown,Unknown,2018.0,98.01980198019804,19.8019801980198,24.752475247524757,4.950495049504951,95.04950495049503,0.0,0.0,1
609723,MARSHALL HS,John Marshall Metropolitan High School,HS,True,False,False,False,"9,10,11,12",9-12,258,254,70,1,253,5,0,0,0,0,0.0,0,0.0,0.0,True,Unknown,Unknown,Unknown,Unknown,Unknown,"20, 52, 82, 126",Green,Unknown,,,34.6,67.2,66.4,78.9,Level 2,INTENSIVE SUPPORT,2018-19,Network 15,True,False,False,True,2004-09-01T00:00:00.000,Unknown,41.878444,-87.70805,60624.0,Unknown,Unknown,2018.0,98.44961240310076,27.131782945736436,0.3875968992248062,98.06201550387595,1.937984496124031,0.0,0.0,1
400115,CATALYST - MARIA,Catalyst - Maria Charter School,ES,True,True,True,False,"K,1,2,3,4,5,6,7,8,9,10,11,12",K-12,1064,1031,160,228,470,572,15,1,0,0,0.0,5,0.0,1.0,True,Unknown,Unknown,Unknown,Unknown,Unknown,"52A, 67, 94",Unknown,Unknown,,,68.5,67.2,77.4,78.9,Level 1,NOT APPLICABLE,2018-19,Charter,True,False,False,True,2012-07-01T00:00:00.000,Unknown,41.770992,-87.693075,60629.0,Unknown,Unknown,2018.0,96.8984962406015,15.037593984962406,21.428571428571427,44.17293233082707,53.75939849624061,1.4097744360902256,0.093984962406015,1
400036,CHICAGO VIRTUAL,Chicago Virtual Charter School,HS,True,True,True,False,"K,1,2,3,4,5,6,7,8,9,10,11,12",K-12,496,348,62,31,293,102,49,36,2,0,0.0,12,2.0,0.0,True,Unknown,Unknown,Unknown,Unknown,Unknown,"8, 20, 126","Blue, Green","BNSF Railway (BNSF), Heritage Corridor (HC), Metra Electric District (ME), Milwaukee District North (MD-N), Milwaukee District West (MD-W), North Central Service (NCS), Rock Island District (RI), SouthWest Service (SWS), Union Pacific North (UP-N), Union Pacific Northwest (UP-NW), Union Pacific West (UP-W)",,,50.0,67.2,70.4,78.9,Level 2,NOT APPLICABLE,2018-19,Charter,True,False,False,True,2006-09-01T00:00:00.000,Unknown,41.88055,-87.649772,60607.0,Unknown,Unknown,2018.0,70.16129032258065,12.5,6.25,59.07258064516129,20.56451612903226,9.879032258064516,7.258064516129033,1
610323,BOWEN HS,Bowen High School,HS,True,False,False,False,"9,10,11,12",9-12,243,222,76,22,198,39,2,0,0,0,0.0,2,2.0,0.0,True,Unknown,Unknown,True,Unknown,Unknown,"30, 87, 95E",Unknown,Metra Electric District (ME),,,45.5,67.2,57.1,78.9,Level 2,INTENSIVE SUPPORT,2018-19,Network 17,True,False,False,True,2004-09-01T00:00:00.000,Unknown,41.734627,-87.55755,60617.0,Unknown,Unknown,2018.0,91.35802469135804,31.27572016460905,9.053497942386832,81.48148148148148,16.049382716049383,0.823045267489712,0.0,1
400013,ASPIRA - EARLY COLLEGE HS,ASPIRA Charter School - Early College High School,HS,True,False,False,False,"9,10,11,12",9-12,329,308,87,119,7,313,4,3,0,0,0.0,2,0.0,0.0,True,Unknown,Unknown,Unknown,Unknown,Unknown,"53, 77, 56",Blue,Unknown,,,59.0,67.2,69.8,78.9,Level 2+,NOT APPLICABLE,2018-19,Charter,True,False,False,True,2004-09-01T00:00:00.000,Unknown,41.937298,-87.727096,60618.0,Unknown,Unknown,2018.0,93.61702127659576,26.44376899696049,36.17021276595745,2.127659574468085,95.13677811550151,1.21580547112462,0.911854103343465,1
609708,FOREMAN HS,Edwin G. Foreman College and Career Academy,HS,True,False,False,False,"9,10,11,12",9-12,705,658,162,248,128,539,29,3,4,0,0.0,2,0.0,0.0,True,Unknown,Unknown,Unknown,Unknown,Unknown,"54, 77, 85, 152",Blue,Unknown,,,58.1,67.2,66.2,78.9,Level 2,INTENSIVE SUPPORT,2018-19,Network 14,True,False,False,True,2004-09-01T00:00:00.000,Unknown,41.939797,-87.754167,60641.0,Unknown,Unknown,2018.0,93.33333333333331,22.97872340425532,35.177304964539005,18.156028368794328,76.45390070921985,4.113475177304964,0.425531914893617,1
610557,PATHWAYS - ASHBURN HS,Pathways in Education- Ashburn,HS,True,False,False,False,"9,10,11,12",9-12,279,242,42,30,91,161,23,0,2,0,0.0,1,1.0,0.0,True,Unknown,Unknown,Unknown,Unknown,Unknown,Unknown,Unknown,Unknown,,,19.2,67.2,10.0,78.9,Level 2+,NOT APPLICABLE,2018-19,Options,False,False,False,False,2011-07-01T00:00:00.000,Unknown,41.735239,-87.70406,60652.0,Unknown,Unknown,2018.0,86.73835125448028,15.053763440860216,10.75268817204301,32.61648745519714,57.70609318996416,8.24372759856631,0.0,1
609745,SOUTHSIDE HS,Southside Occupational Academy High School,HS,True,False,False,False,"11,12",11-12,313,282,313,50,207,87,18,1,0,0,0.0,0,0.0,0.0,True,Unknown,Unknown,True,Unknown,Unknown,Unknown,Unknown,Unknown,,,0.0,67.2,81.1,78.9,Inability to Rate,GOOD STANDING,2018-19,ISP,False,False,False,False,2004-09-01T00:00:00.000,Unknown,41.759852,-87.675947,60636.0,Unknown,Unknown,2018.0,90.09584664536742,100.0,15.974440894568689,66.13418530351439,27.79552715654952,5.7507987220447285,0.3194888178913738,1
609732,STEINMETZ HS,Charles P Steinmetz College Preparatory HS,HS,True,False,False,False,"9,10,11,12",9-12,1224,1070,231,279,204,877,85,32,9,0,0.0,13,3.0,1.0,True,Unknown,Unknown,Unknown,Unknown,Unknown,"76, 77, 86",Unknown,Unknown,,,63.2,67.2,74.4,78.9,Level 2,PROVISIONAL SUPPORT,2018-19,Network 14,True,False,False,True,2004-09-01T00:00:00.000,Unknown,41.935634,-87.783515,60634.0,Unknown,Unknown,2018.0,87.41830065359477,18.87254901960784,22.794117647058822,16.666666666666664,71.65032679738562,6.944444444444445,2.6143790849673203,1
400052,NOBLE - COMER,Noble - Gary Comer College Prep,HS,True,True,True,False,"6,7,8,9,10,11,12",6-12,1141,905,190,13,1106,24,1,1,1,0,0.0,3,0.0,5.0,True,Unknown,Unknown,Unknown,Unknown,Unknown,"4, 30, 71",Unknown,Unknown,,,86.4,67.2,85.0,78.9,Level 1,NOT APPLICABLE,2018-19,Charter,True,False,False,True,2008-07-01T00:00:00.000,Unknown,41.764083,-87.601974,60619.0,Unknown,Unknown,2018.0,79.31638913234005,16.65205959684487,1.1393514460999123,96.93251533742333,2.1034180543383,0.0876424189307625,0.0876424189307625,0
609678,JONES HS,William Jones College Preparatory High School,HS,True,False,False,False,"9,10,11,12",9-12,1958,686,100,21,227,550,725,275,2,0,2.0,71,16.0,90.0,False,Unknown,Unknown,True,Unknown,Unknown,"2, 6, 10, 29, 62, 144, 146","Blue, Brown, Pink, Red",Metra Electric District (ME),,,86.4,67.2,96.3,78.9,Level 1+,GOOD STANDING,2018-19,ISP,True,False,False,True,2004-09-01T00:00:00.000,Unknown,41.873066,-87.627675,60605.0,Unknown,Unknown,2018.0,35.035750766087844,5.107252298263535,1.0725229826353422,11.593462717058223,28.08988764044944,37.02757916241063,14.04494382022472,0
609728,ROOSEVELT HS,Theodore Roosevelt High School,HS,True,False,False,False,"9,10,11,12",9-12,988,925,205,354,114,717,59,76,12,0,0.0,3,5.0,2.0,True,Unknown,Unknown,Unknown,Unknown,Unknown,"78, 81, 82",Brown,Unknown,,,67.3,67.2,68.8,78.9,Level 2+,GOOD STANDING,2018-19,Network 14,True,False,True,True,2004-09-01T00:00:00.000,Unknown,41.964828,-87.714819,60625.0,Unknown,Unknown,2018.0,93.62348178137653,20.748987854251013,35.82995951417004,11.538461538461538,72.57085020242914,5.97165991902834,7.6923076923076925,1
400064,PERSPECTIVES - JOSLIN HS,Perspectives - Rodney D. Joslin,HS,True,True,True,False,"6,7,8,9,10,11,12",6-12,377,334,67,5,351,21,0,2,0,0,0.0,2,1.0,0.0,True,Unknown,Unknown,Unknown,Unknown,Unknown,"21, 24, 29, 62","Green, Red",Unknown,,,80.7,67.2,95.7,78.9,Level 2+,NOT APPLICABLE,2018-19,Charter,True,False,False,True,2004-09-01T00:00:00.000,Unknown,41.855999,-87.628531,60616.0,Unknown,Unknown,2018.0,88.59416445623343,17.771883289124666,1.326259946949602,93.10344827586206,5.570291777188329,0.0,0.5305039787798408,0
610244,CLARK HS,Michele Clark Academic Prep Magnet High School,HS,True,False,False,False,"9,10,11,12",9-12,523,504,97,11,506,16,0,0,1,0,0.0,0,0.0,0.0,True,Unknown,Unknown,True,Unknown,Unknown,"7, 57, 126","Blue, Green",Unknown,,,51.5,67.2,83.7,78.9,Level 2,PROVISIONAL SUPPORT,2018-19,ISP,True,False,False,True,2004-09-01T00:00:00.000,Unknown,41.872885,-87.753325,60644.0,Unknown,Unknown,2018.0,96.36711281070744,18.54684512428298,2.103250478011472,96.74952198852772,3.0592734225621414,0.0,0.0,1
400147,CAMELOT - EXCEL HS,Camelot - Chicago Excel Academy,HS,True,False,False,False,"9,10,11,12",9-12,183,173,36,0,181,0,0,0,0,0,0.0,0,0.0,2.0,True,Unknown,Unknown,Unknown,Unknown,Unknown,111,Unknown,Unknown,,,31.3,67.2,28.9,78.9,Level 2+,GOOD STANDING,2018-19,Options,False,False,False,False,2012-07-01T00:00:00.000,Unknown,41.691953,-87.654248,60643.0,Unknown,Unknown,2018.0,94.53551912568308,19.672131147540984,0.0,98.90710382513662,0.0,0.0,0.0,1
400134,YCCS - ADDAMS,YCCS-Jane Addams Alternative HS,HS,True,False,False,False,"9,10,11,12",9-12,124,119,25,9,23,94,7,0,0,0,0.0,0,0.0,0.0,True,Unknown,Unknown,Unknown,Unknown,Unknown,"18, 8, 21",Orange,Unknown,,,24.8,67.2,81.1,78.9,Level 1+,NOT APPLICABLE,2018-19,Options,False,False,False,False,2012-07-01T00:00:00.000,Unknown,41.857208,-87.644888,60616.0,Unknown,Unknown,2018.0,95.96774193548389,20.161290322580644,7.258064516129033,18.548387096774192,75.80645161290323,5.64516129032258,0.0,1
610245,DOUGLASS HS,Frederick A Douglass Academy High School,HS,True,False,False,False,"9,10,11,12",9-12,61,58,20,1,56,4,1,0,0,0,0.0,0,0.0,0.0,True,Unknown,Unknown,Unknown,Unknown,Unknown,"66, 85",Green,Unknown,,,28.1,67.2,64.0,78.9,Level 2,INTENSIVE SUPPORT,2018-19,Network 15,True,False,False,True,2004-09-01T00:00:00.000,Unknown,41.890369,-87.767668,60644.0,Unknown,Unknown,2018.0,95.08196721311477,32.78688524590164,1.639344262295082,91.8032786885246,6.557377049180328,1.639344262295082,0.0,1
610386,PEACE AND EDUCATION HS,Peace & Education Coalition HS,HS,True,False,False,False,"10,11,12",10-12,92,86,25,24,17,74,1,0,0,0,0.0,0,0.0,0.0,True,Unknown,Unknown,Unknown,Unknown,Unknown,Unknown,Unknown,Unknown,,,18.4,67.2,81.1,78.9,Level 1+,GOOD STANDING,2018-19,ISP,False,False,False,False,2004-09-01T00:00:00.000,Unknown,41.803515,-87.667378,60609.0,Unknown,Unknown,2018.0,93.47826086956522,27.173913043478255,26.08695652173913,18.47826086956521,80.43478260869566,1.0869565217391304,0.0,1
609783,JEFFERSON HS,Nancy B Jefferson Alternative HS,HS,True,True,True,False,"6,7,8,9,10,11,12",6-12,175,149,75,12,137,35,3,0,0,0,0.0,0,0.0,0.0,True,Unknown,Unknown,Unknown,Unknown,Unknown,Unknown,Unknown,Unknown,,,59.75,67.2,5.2,78.9,Inability to Rate,GOOD STANDING,2018-19,Network 16,False,False,False,False,2004-09-01T00:00:00.000,Unknown,41.867832,-87.680418,60612.0,Unknown,Unknown,2018.0,85.14285714285714,42.85714285714285,6.857142857142858,78.28571428571428,20.0,1.7142857142857144,0.0,1
609730,SENN HS,Nicholas Senn High School,HS,True,False,False,False,"9,10,11,12",9-12,1545,1185,185,289,371,649,201,265,10,0,3.0,28,6.0,12.0,True,Unknown,Unknown,Unknown,Unknown,Unknown,"22, 36, 84",Red,Unknown,,,80.1,67.2,82.1,78.9,Level 1,GOOD STANDING,2018-19,Network 14,True,False,False,True,2004-09-01T00:00:00.000,Unknown,41.989029,-87.667136,60660.0,Unknown,Unknown,2018.0,76.69902912621359,11.97411003236246,18.705501618122977,24.01294498381877,42.006472491909385,13.00970873786408,17.15210355987055,0
610570,OMBUDSMAN - SOUTH HS,Ombudsman Chicago - South,HS,True,False,False,False,"9,10,11,12",9-12,509,485,92,40,266,229,11,0,1,0,0.0,1,0.0,1.0,True,Unknown,Unknown,Unknown,Unknown,Unknown,"49, 49X","Green, Orange",Unknown,,,22.1,67.2,5.5,78.9,Level 2,NOT APPLICABLE,2018-19,Options,False,False,False,False,2013-07-01T00:00:00.000,Unknown,41.783027,-87.683635,60636.0,Unknown,Unknown,2018.0,95.28487229862476,18.07465618860511,7.858546168958743,52.25933202357563,44.9901768172888,2.161100196463654,0.0,1
400128,YCCS - CCA ACADEMY,YCCS-CCA Academy HS,HS,True,False,False,False,"9,10,11,12",9-12,96,94,24,0,92,2,0,0,0,0,0.0,1,1.0,0.0,True,Unknown,Unknown,Unknown,Unknown,Unknown,"12, 53",Blue,Unknown,,,13.7,67.2,81.1,78.9,Level 1,NOT APPLICABLE,2018-19,Options,False,False,False,False,2012-07-01T00:00:00.000,Unknown,41.864943,-87.723662,60623.0,Unknown,Unknown,2018.0,97.91666666666666,25.0,0.0,95.83333333333334,2.083333333333333,0.0,0.0,1
609740,WELLS HS,Wells Community Academy High School,HS,True,False,False,False,"9,10,11,12",9-12,367,335,100,46,179,165,17,2,0,0,0.0,4,0.0,0.0,True,Unknown,Unknown,Unknown,Unknown,Unknown,"9, 56, 66","Blue, Green",Unknown,,,57.8,67.2,73.9,78.9,Level 2,PROVISIONAL SUPPORT,2018-19,Network 15,True,False,False,True,2004-09-01T00:00:00.000,Unknown,41.898995,-87.667483,60622.0,Unknown,Unknown,2018.0,91.28065395095368,27.24795640326976,12.534059945504088,48.77384196185286,44.95912806539509,4.632152588555858,0.544959128065395,1
609746,KENWOOD HS,Kenwood Academy High School,HS,True,True,False,False,"7,8,9,10,11,12",7-12,2021,1168,123,22,1734,98,92,46,3,0,0.0,44,4.0,0.0,True,Unknown,Unknown,True,Unknown,Unknown,"2, 6, 15, 28, X28",Blue,Metra Electric District (ME),,,78.1,67.2,93.3,78.9,Level 1+,GOOD STANDING,2018-19,Network 17,True,False,True,True,2004-09-01T00:00:00.000,Unknown,41.803772,-87.590421,60615.0,Unknown,Unknown,2018.0,57.793171697179616,6.086095992083127,1.0885700148441364,85.79910935180604,4.8490846115784265,4.552201880257298,2.276100940128649,0
609695,AMUNDSEN HS,Roald Amundsen High School,HS,True,False,False,False,"9,10,11,12",9-12,1370,946,213,122,139,758,294,131,7,0,0.0,36,5.0,0.0,True,Unknown,Unknown,True,Unknown,Unknown,"50, 92",Brown,Unknown,,,76.6,67.2,83.1,78.9,Level 1+,GOOD STANDING,2018-19,ISP,True,False,False,True,2004-09-01T00:00:00.000,Unknown,41.975067,-87.679484,60625.0,Unknown,Unknown,2018.0,69.05109489051094,15.547445255474452,8.905109489051096,10.145985401459855,55.32846715328466,21.45985401459854,9.562043795620438,0
400061,PERSPECTIVES - LEADERSHIP HS,Perspectives - Leadership Academy,HS,True,True,True,False,"6,7,8,9,10,11,12",6-12,506,467,71,1,502,1,0,0,0,0,0.0,2,1.0,0.0,True,Unknown,Unknown,Unknown,Unknown,Unknown,"44, 75",Red,Unknown,,,60.5,67.2,76.2,78.9,Level 2+,NOT APPLICABLE,2018-19,Charter,True,False,False,True,2004-09-01T00:00:00.000,Unknown,41.745961,-87.652045,60620.0,Unknown,Unknown,2018.0,92.29249011857708,14.031620553359684,0.1976284584980237,99.2094861660079,0.1976284584980237,0.0,0.0,1
400104,INSTITUTO - HEALTH,Instituto Health Sciences Career Academy,HS,True,False,False,False,"9,10,11,12",9-12,623,608,123,193,11,607,1,0,3,0,0.0,0,0.0,1.0,True,Unknown,Unknown,Unknown,Unknown,Unknown,"49, 60","Blue, Orange, Pink",BNSF Railway (BNSF),,,48.7,67.2,86.2,78.9,Level 2,NOT APPLICABLE,2018-19,Charter,True,False,False,True,2010-07-01T00:00:00.000,Unknown,41.845967,-87.68724,60608.0,Unknown,Unknown,2018.0,97.59229534510432,19.743178170144464,30.97913322632424,1.7656500802568218,97.43178170144462,0.160513643659711,0.0,1
400125,YCCS - ASPIRA PANTOJA,"YCCS-ASPIRA,Antonia Pantoja Alternative HS",HS,True,False,False,False,"9,10,11,12",9-12,162,151,26,28,8,149,0,1,1,0,0.0,0,0.0,3.0,True,Unknown,Unknown,Unknown,Unknown,Unknown,"53, 77",Blue,Unknown,,,20.8,67.2,81.1,78.9,Level 2+,NOT APPLICABLE,2018-19,Options,False,False,False,False,2012-07-01T00:00:00.000,Unknown,41.938187,-87.727137,60641.0,Unknown,Unknown,2018.0,93.20987654320987,16.049382716049383,17.28395061728395,4.938271604938271,91.9753086419753,0.0,0.6172839506172839,1
609720,LANE TECH HS,Albert G Lane Technical High School,HS,True,True,False,False,"7,8,9,10,11,12",7-12,4477,1813,211,37,335,1727,1764,463,19,0,0.0,126,30.0,13.0,False,Unknown,Unknown,True,True,Unknown,"49, 52, 77, 152","Blue, Brown",Unknown,,,89.3,67.2,96.6,78.9,Level 1+,GOOD STANDING,2018-19,Network 14,True,False,True,True,2004-09-01T00:00:00.000,Unknown,41.946645,-87.691013,60618.0,Unknown,Unknown,2018.0,40.49586776859504,4.712977440250167,0.8264462809917356,7.482689300871119,38.57493857493858,39.40138485593031,10.341746705383068,0
609716,KELVYN PARK HS,Kelvyn Park High School,HS,True,True,False,False,"7,8,9,10,11,12",7-12,419,404,101,137,30,375,8,1,2,0,0.0,2,1.0,0.0,True,Unknown,Unknown,Unknown,Unknown,Unknown,"74, 76",Blue,Milwaukee District North (MD-N),,,39.7,67.2,59.3,78.9,Level 2,INTENSIVE SUPPORT,2018-19,Network 14,True,False,True,True,2004-09-01T00:00:00.000,Unknown,41.927918,-87.735999,60639.0,Unknown,Unknown,2018.0,96.4200477326969,24.105011933174225,32.69689737470167,7.159904534606206,89.49880668257757,1.909307875894988,0.2386634844868735,1
610383,SOCIAL JUSTICE HS,Greater Lawndale High School For Social Justice,HS,True,False,False,False,"9,10,11,12",9-12,319,307,47,90,41,275,2,0,1,0,0.0,0,0.0,0.0,True,Unknown,Unknown,Unknown,Unknown,Unknown,"53, 53A, 54B",Unknown,Unknown,,,56.9,67.2,86.5,78.9,Level 2+,GOOD STANDING,2018-19,Network 15,True,False,False,True,2004-09-01T00:00:00.000,Unknown,41.833507,-87.735299,60623.0,Unknown,Unknown,2018.0,96.23824451410658,14.733542319749215,28.213166144200624,12.852664576802509,86.20689655172413,0.6269592476489028,0.0,1
609693,WESTINGHOUSE HS,George Westinghouse College Prep,HS,True,False,False,False,"9,10,11,12",9-12,1237,977,87,36,601,527,19,68,1,0,0.0,8,2.0,11.0,True,Unknown,Unknown,True,Unknown,Unknown,"52, 82",Green,Union Pacific West (UP-W),,,87.8,67.2,95.1,78.9,Level 1+,GOOD STANDING,2018-19,Network 15,True,False,False,True,2009-07-01T00:00:00.000,Unknown,41.889977,-87.707332,60624.0,Unknown,Unknown,2018.0,78.98140662894099,7.033144704931285,2.9102667744543247,48.585286984640256,42.60307194826192,1.5359741309620047,5.497170573969281,0
609713,HYDE PARK HS,Hyde Park Academy High School,HS,True,False,False,False,"9,10,11,12",9-12,711,702,145,6,704,4,0,0,0,0,0.0,3,0.0,0.0,True,Unknown,Unknown,True,Unknown,Unknown,"6, 15, 28, 59, 63, X28, 170","Green, Red",Metra Electric District (ME),,,61.4,67.2,75.1,78.9,Level 2,PROVISIONAL SUPPORT,2018-19,Network 17,True,False,False,True,2004-09-01T00:00:00.000,Unknown,41.782257,-87.586615,60637.0,Unknown,Unknown,2018.0,98.73417721518987,20.39381153305204,0.8438818565400843,99.01547116736992,0.5625879043600562,0.0,0.0,1
609735,TILDEN HS,Edward Tilden Career Community Academy HS,HS,True,False,False,False,"9,10,11,12",9-12,198,188,63,34,84,85,22,7,0,0,0.0,0,0.0,0.0,True,Unknown,Unknown,True,Unknown,Unknown,"8, 44, 47",Red,Unknown,,,56.7,67.2,62.0,78.9,Level 2,INTENSIVE SUPPORT,2018-19,Network 16,True,False,False,True,2004-09-01T00:00:00.000,Unknown,41.80751,-87.642966,60609.0,Unknown,Unknown,2018.0,94.94949494949496,31.818181818181817,17.17171717171717,42.42424242424242,42.92929292929293,11.11111111111111,3.535353535353535,1
610564,DISNEY II HS,Disney II Magnet High School,HS,True,True,False,False,"7,8,9,10,11,12",7-12,766,421,86,32,155,397,162,26,2,0,0.0,24,0.0,0.0,True,Unknown,Unknown,Unknown,Unknown,Unknown,"53, 54A, 80",Blue,Union Pacific Northwest (UP-NW),,,80.4,67.2,81.0,78.9,Level 1,GOOD STANDING,2018-19,Unknown,True,False,True,True,2013-07-01T00:00:00.000,Unknown,41.952488,-87.721364,60618.0,Unknown,Unknown,2018.0,54.960835509138384,11.22715404699739,4.177545691906006,20.234986945169712,51.82767624020887,21.148825065274156,3.3942558746736298,0
609738,LINCOLN PARK HS,Lincoln Park High School,HS,True,False,False,False,"9,10,11,12",9-12,2188,1028,211,58,461,712,665,253,4,0,0.0,89,4.0,0.0,False,Unknown,Unknown,True,Unknown,Unknown,"8, 11, 73, 74, 37","Blue, Brown, Purple, Red",Unknown,,,87.4,67.2,89.3,78.9,Level 1,GOOD STANDING,2018-19,Network 14,True,False,False,True,2004-09-01T00:00:00.000,Unknown,41.918268,-87.646009,60614.0,Unknown,Unknown,2018.0,46.98354661791591,9.643510054844608,2.6508226691042047,21.06946983546618,32.54113345521024,30.39305301645338,11.56307129798903,0
400057,NOBLE - UIC HS,Noble - UIC College Prep,HS,True,False,False,False,"9,10,11,12",9-12,945,804,139,98,275,618,13,33,2,0,0.0,3,1.0,0.0,True,Unknown,Unknown,Unknown,Unknown,Unknown,"50, 12","Blue, Pink",Unknown,,,91.9,67.2,91.1,78.9,Level 1+,NOT APPLICABLE,2018-19,Charter,True,False,False,True,2008-07-01T00:00:00.000,Unknown,41.865817,-87.676111,60608.0,Unknown,Unknown,2018.0,85.07936507936508,14.708994708994709,10.37037037037037,29.100529100529094,65.39682539682539,1.3756613756613756,3.492063492063492,0
400077,U OF C - WOODLAWN HS,University of Chicago - Woodlawn,HS,True,True,True,False,"6,7,8,9,10,11,12",6-12,620,490,84,5,593,9,1,0,1,0,0.0,1,0.0,15.0,True,Unknown,Unknown,Unknown,Unknown,Unknown,"63, 6",Green,Metra Electric District (ME),,,74.4,67.2,79.1,78.9,Level 2+,NOT APPLICABLE,2018-19,Charter,True,False,False,True,2004-09-01T00:00:00.000,Unknown,41.77813,-87.598114,60637.0,Unknown,Unknown,2018.0,79.03225806451613,13.548387096774196,0.8064516129032258,95.64516129032258,1.4516129032258065,0.1612903225806451,0.0,1
609715,KELLY HS,Thomas Kelly College Preparatory,HS,True,False,False,False,"9,10,11,12",9-12,1740,1622,316,521,66,1380,34,244,5,0,0.0,8,3.0,0.0,True,Unknown,Unknown,Unknown,Unknown,Unknown,"39, 62, 94",Orange,Unknown,,,66.7,67.2,67.0,78.9,Level 2+,GOOD STANDING,2018-19,Network 16,True,False,False,True,2004-09-01T00:00:00.000,Unknown,41.818729,-87.694639,60632.0,Unknown,Unknown,2018.0,93.2183908045977,18.160919540229887,29.942528735632184,3.793103448275862,79.3103448275862,1.9540229885057472,14.022988505747128,1
400136,YCCS - OLIVE HARVEY,YCCS-Olive Harvey Middle College HS,HS,True,False,False,False,"9,10,11,12",9-12,101,93,21,6,80,16,0,0,1,0,0.0,1,0.0,3.0,True,Unknown,Unknown,Unknown,Unknown,Unknown,"28, 6",Red,Unknown,,,16.0,67.2,81.1,78.9,Level 2,NOT APPLICABLE,2018-19,Options,False,False,False,False,2012-07-01T00:00:00.000,Unknown,41.712922,-87.592333,60628.0,Unknown,Unknown,2018.0,92.07920792079209,20.792079207920796,5.9405940594059405,79.20792079207921,15.84158415841584,0.0,0.0,1
400141,YCCS - TRUMAN,YCCS-Truman Middle College HS,HS,True,False,False,False,"9,10,11,12",9-12,161,121,20,49,59,63,17,17,2,0,0.0,3,0.0,0.0,Unknown,Unknown,Unknown,Unknown,Unknown,Unknown,81,"Purple, Red",Unknown,,,47.9,67.2,81.1,78.9,Level 1,NOT APPLICABLE,2018-19,Options,False,False,False,False,2012-07-01T00:00:00.000,Unknown,41.965295,-87.659239,60640.0,Unknown,Unknown,2018.0,75.15527950310559,12.422360248447204,30.434782608695656,36.64596273291926,39.130434782608695,10.559006211180124,10.559006211180124,1
400170,NOBLE - ACADEMY HS,Noble - The Noble Academy,HS,True,False,False,False,"9,10,11,12",9-12,478,401,73,55,196,245,6,24,2,0,0.0,3,0.0,2.0,True,Unknown,Unknown,Unknown,Unknown,Unknown,"8, 64, 70, 156, 37","Brown, Purple, Red",Unknown,,,91.5,67.2,81.1,78.9,Level 1+,NOT APPLICABLE,2018-19,Charter,True,False,False,True,2014-07-01T00:00:00.000,Unknown,41.906879,-87.645577,60610.0,Unknown,Unknown,2018.0,83.89121338912135,15.271966527196652,11.506276150627617,41.00418410041841,51.25523012552301,1.2552301255230125,5.02092050209205,0
609766,VAUGHN HS,Jacqueline B Vaughn Occupational High School,HS,True,False,False,False,"9,10,11,12",9-12,219,163,219,68,45,119,52,0,0,0,0.0,2,1.0,0.0,True,Unknown,Unknown,True,Unknown,Unknown,Unknown,Unknown,Unknown,,,6.1,67.2,0.0,78.9,Inability to Rate,GOOD STANDING,2018-19,Network 14,False,False,False,False,2004-09-01T00:00:00.000,Unknown,41.960364,-87.764663,60641.0,Unknown,Unknown,2018.0,74.42922374429224,100.0,31.05022831050228,20.54794520547945,54.337899543379,23.74429223744292,0.0,1
609691,NORTH-GRAND HS,North-Grand High School,HS,True,False,False,False,"9,10,11,12",9-12,1010,944,195,269,173,821,5,3,5,0,0.0,3,0.0,0.0,True,Unknown,Unknown,True,Unknown,Unknown,"65, 72",Unknown,Unknown,,,67.9,67.2,80.4,78.9,Level 2+,GOOD STANDING,2018-19,Network 15,True,False,False,True,2004-09-01T00:00:00.000,Unknown,41.911674,-87.735238,60639.0,Unknown,Unknown,2018.0,93.46534653465348,19.306930693069308,26.633663366336634,17.12871287128713,81.28712871287128,0.495049504950495,0.297029702970297,0
610518,AUSTIN CCA HS,Austin College and Career Academy High School,HS,True,False,False,False,"9,10,11,12",9-12,245,229,77,1,235,7,2,0,0,0,0.0,1,0.0,0.0,True,Unknown,Unknown,Unknown,Unknown,Unknown,"20, 57, 85",Green,Unknown,,,43.3,67.2,64.7,78.9,Level 2,INTENSIVE SUPPORT,2018-19,Network 15,True,False,False,True,2008-07-01T00:00:00.000,Unknown,41.885993,-87.761916,60644.0,Unknown,Unknown,2018.0,93.46938775510203,31.428571428571427,0.4081632653061224,95.91836734693877,2.857142857142857,0.8163265306122449,0.0,1
400176,CAMELOT - EXCEL SOUTHWEST HS,Camelot Excel - Southwest HS,HS,True,True,False,False,"8,9,10,11,12",8-12,94,87,26,7,70,23,1,0,0,0,0.0,0,0.0,0.0,True,Unknown,Unknown,Unknown,Unknown,Unknown,"67, 94",Unknown,Unknown,,,25.0,67.2,0.0,78.9,Level 2+,GOOD STANDING,2018-19,Options,False,False,False,False,2014-07-01T00:00:00.000,Unknown,41.765929,-87.69073,60629.0,Unknown,Unknown,2018.0,92.5531914893617,27.659574468085108,7.446808510638298,74.46808510638297,24.46808510638298,1.0638297872340423,0.0,1
609725,MORGAN PARK HS,Morgan Park High School,HS,True,True,False,False,"7,8,9,10,11,12",7-12,1111,925,154,4,1081,17,5,0,0,0,0.0,6,0.0,2.0,True,Unknown,Unknown,True,Unknown,Unknown,"111, 112",Red,Rock Island District (RI),,,76.0,67.2,77.6,78.9,Level 2+,GOOD STANDING,2018-19,Network 16,True,False,True,True,2004-09-01T00:00:00.000,Unknown,41.692035,-87.665658,60643.0,Unknown,Unknown,2018.0,83.25832583258325,13.861386138613865,0.36003600360036,97.2997299729973,1.53015301530153,0.45004500450045,0.0,1
400143,YCCS - WEST TOWN,YCCS-West Town Acad Alternative HS,HS,True,False,False,False,"9,10,11,12",9-12,117,109,24,8,71,40,0,0,2,0,0.0,0,0.0,4.0,True,Unknown,Unknown,Unknown,Unknown,Unknown,"9, 66","Blue, Green",Unknown,,,18.0,67.2,81.1,78.9,Level 1,NOT APPLICABLE,2018-19,Options,False,False,False,False,2012-07-01T00:00:00.000,Unknown,41.890803,-87.702053,60612.0,Unknown,Unknown,2018.0,93.16239316239316,20.51282051282051,6.837606837606838,60.68376068376068,34.18803418803419,0.0,0.0,1
400034,CICS - NORTHTOWN HS,CICS - Northtown,HS,True,False,False,False,"9,10,11,12",9-12,893,709,214,158,50,511,165,148,4,0,0.0,12,2.0,1.0,True,Unknown,Unknown,Unknown,Unknown,Unknown,"53, 84","Blue, Red",Unknown,,,81.5,67.2,92.1,78.9,Level 1,NOT APPLICABLE,2018-19,Charter,True,False,False,True,2004-09-01T00:00:00.000,Unknown,41.990245,-87.726504,60659.0,Unknown,Unknown,2018.0,79.3952967525196,23.96416573348264,17.69316909294513,5.599104143337066,57.222844344904814,18.47704367301232,16.573348264277715,0
610340,CHICAGO ACADEMY HS,Chicago Academy High School,HS,True,False,False,False,"9,10,11,12",9-12,566,439,105,76,47,384,99,26,4,0,0.0,5,1.0,0.0,True,Unknown,Unknown,Unknown,Unknown,Unknown,"85, 91, 152",Unknown,Unknown,,,78.1,67.2,85.1,78.9,Level 1,GOOD STANDING,2018-19,AUSL,True,False,False,True,2004-09-01T00:00:00.000,Unknown,41.943054,-87.776847,60634.0,Unknown,Unknown,2018.0,77.56183745583039,18.551236749116608,13.427561837455832,8.303886925795052,67.84452296819788,17.491166077738516,4.593639575971731,0
610357,SPRY HS,Spry Community Links High School,HS,True,False,False,False,"9,10,11,12",9-12,100,96,26,36,0,98,1,0,1,0,0.0,0,0.0,0.0,True,Unknown,Unknown,Unknown,Unknown,Unknown,"21, 94",Unknown,Unknown,,,57.1,67.2,75.0,78.9,Level 2,PROVISIONAL SUPPORT,2018-19,Network 16,True,False,False,True,2004-09-01T00:00:00.000,Unknown,41.847762,-87.698946,60623.0,Unknown,Unknown,2018.0,96.0,26.0,36.0,0.0,98.0,1.0,0.0,1
609710,HARLAN HS,John M Harlan Community Academy High School,HS,True,False,False,False,"9,10,11,12",9-12,295,284,77,1,288,5,0,0,0,0,0.0,1,0.0,1.0,True,Unknown,Unknown,Unknown,Unknown,Unknown,"5, 34, 95E, 100, 103, 106, 111, 119",Red,Unknown,,,48.4,67.2,62.3,78.9,Level 2,INTENSIVE SUPPORT,2018-19,Network 17,True,False,True,True,2004-09-01T00:00:00.000,Unknown,41.718372,-87.620623,60628.0,Unknown,Unknown,2018.0,96.27118644067797,26.101694915254235,0.3389830508474576,97.6271186440678,1.694915254237288,0.0,0.0,1
609755,YOUNG HS,Whitney M Young Magnet High School,HS,True,True,False,False,"7,8,9,10,11,12",7-12,2194,786,120,28,424,622,602,415,5,0,0.0,94,12.0,20.0,False,Unknown,Unknown,True,True,Unknown,"9, 20, 126",Blue,Unknown,,,88.4,67.2,99.1,78.9,Level 1+,GOOD STANDING,2018-19,ISP,True,False,True,True,2004-09-01T00:00:00.000,Unknown,41.878603,-87.664233,60607.0,Unknown,Unknown,2018.0,35.824977210574296,5.469462169553328,1.276207839562443,19.325432999088424,28.35004557885141,27.438468550592525,18.915223336371923,0
609709,GAGE PARK HS,Gage Park High School,HS,True,False,False,False,"9,10,11,12",9-12,327,321,68,95,105,219,1,0,0,0,0.0,1,1.0,0.0,True,Unknown,Unknown,Unknown,Unknown,Unknown,"49, 55, 94",Green,Unknown,,,42.9,67.2,72.2,78.9,Level 2,INTENSIVE SUPPORT,2018-19,Network 16,True,False,False,True,2004-09-01T00:00:00.000,Unknown,41.791013,-87.688954,60629.0,Unknown,Unknown,2018.0,98.1651376146789,20.795107033639145,29.051987767584095,32.11009174311927,66.97247706422019,0.3058103975535168,0.0,1
400091,CHICAGO TECH HS,Chicago Technology Academy High School,HS,True,False,False,False,"9,10,11,12",9-12,310,283,75,6,246,58,4,0,0,0,0.0,2,0.0,0.0,True,Unknown,Unknown,Unknown,Unknown,Unknown,"12, 60","Blue, Pink, Red",Unknown,,,63.3,67.2,88.9,78.9,Level 2,PROVISIONAL SUPPORT,2018-19,Unknown,True,False,False,True,2009-07-01T00:00:00.000,Unknown,41.863301,-87.659095,60608.0,Unknown,Unknown,2018.0,91.29032258064515,24.193548387096776,1.935483870967742,79.35483870967742,18.70967741935484,1.2903225806451613,0.0,0
609719,LAKE VIEW HS,Lake View High School,HS,True,False,False,False,"9,10,11,12",9-12,1286,983,229,119,131,911,153,41,10,0,0.0,35,5.0,0.0,True,Unknown,Unknown,Unknown,Unknown,Unknown,"9, 80, X9","Blue, Brown, Green, Orange, Pink, Purple, Red",Unknown,,,76.2,67.2,86.9,78.9,Level 2+,GOOD STANDING,2018-19,Network 14,True,False,False,True,2004-09-01T00:00:00.000,Unknown,41.954764,-87.668953,60613.0,Unknown,Unknown,2018.0,76.43856920684293,17.80715396578538,9.253499222395025,10.186625194401245,70.83981337480559,11.897356143079316,3.188180404354588,0
610334,RABY HS,Al Raby High School,HS,True,False,False,False,"9,10,11,12",9-12,261,248,84,11,237,21,1,1,0,0,0.0,0,1.0,0.0,True,Unknown,Unknown,True,Unknown,Unknown,82,Green,Union Pacific West (UP-W),,,45.5,67.2,73.0,78.9,Level 2,INTENSIVE SUPPORT,2018-19,Network 15,True,False,False,True,2004-09-01T00:00:00.000,Unknown,41.88621,-87.715423,60624.0,Unknown,Unknown,2018.0,95.0191570881226,32.18390804597701,4.21455938697318,90.80459770114942,8.045977011494253,0.3831417624521072,0.3831417624521072,1
400051,NOBLE - NOBLE HS,Noble - Noble College Prep,HS,True,False,False,False,"9,10,11,12",9-12,683,572,104,103,82,575,13,7,4,0,0.0,2,0.0,0.0,True,Unknown,Unknown,Unknown,Unknown,Unknown,"9, 56, 70",Blue,Unknown,,,86.5,67.2,91.4,78.9,Level 1+,NOT APPLICABLE,2018-19,Charter,True,False,False,True,2004-09-01T00:00:00.000,Unknown,41.900191,-87.662628,60642.0,Unknown,Unknown,2018.0,83.74816983894583,15.226939970717424,15.080527086383604,12.005856515373353,84.1874084919473,1.903367496339678,1.0248901903367496,0
400144,YCCS - WEST,YCCS-West HS,HS,True,False,False,False,"9,10,11,12",9-12,139,128,27,4,90,46,3,0,0,0,0.0,0,0.0,0.0,True,Unknown,Unknown,Unknown,Unknown,Unknown,"70, 54","Blue, Green",Unknown,,,16.9,67.2,81.1,78.9,Level 2+,NOT APPLICABLE,2018-19,Options,False,False,False,False,2012-07-01T00:00:00.000,Unknown,41.90224,-87.74881,60651.0,Unknown,Unknown,2018.0,92.0863309352518,19.42446043165468,2.877697841726619,64.74820143884892,33.093525179856115,2.158273381294964,0.0,1
609739,WASHINGTON HS,George Washington High School,HS,True,False,False,False,"9,10,11,12",9-12,1443,1236,240,231,70,1279,69,3,13,0,0.0,9,0.0,0.0,True,Unknown,Unknown,True,Unknown,Unknown,30,Unknown,Unknown,,,62.0,67.2,80.9,78.9,Level 2+,GOOD STANDING,2018-19,Network 17,True,False,False,True,2004-09-01T00:00:00.000,Unknown,41.688137,-87.53757,60617.0,Unknown,Unknown,2018.0,85.65488565488566,16.632016632016633,16.008316008316008,4.851004851004851,88.63478863478863,4.781704781704782,0.2079002079002079,0
609768,HOPE HS,Hope College Preparatory High School,HS,True,False,False,False,"11,12",11-12,0,0,0,0,0,0,0,0,0,0,0.0,0,0.0,0.0,True,Unknown,Unknown,True,Unknown,Unknown,"8, 55, 59","Blue, Green",Unknown,,,80.0,67.2,60.5,78.9,Level 2,INTENSIVE SUPPORT,2018-19,Network 16,True,False,False,True,2004-09-01T00:00:00.000,Unknown,41.793553,-87.641244,60621.0,Unknown,Unknown,2018.0,0.0,0.0,0.0,0.0,0.0,0.0,0.0,1
400117,NOBLE - HANSBERRY HS,Noble - Hansberry College Prep,HS,True,False,False,False,"9,10,11,12",9-12,490,419,100,7,483,4,1,0,0,0,0.0,0,0.0,2.0,True,Unknown,Unknown,Unknown,Unknown,Unknown,"87, 24, 4",Red,Rock Island District (RI),,,80.3,67.2,86.9,78.9,Level 2+,NOT APPLICABLE,2018-19,Charter,True,False,False,True,2012-07-01T00:00:00.000,Unknown,41.734442,-87.650987,60620.0,Unknown,Unknown,2018.0,85.51020408163265,20.40816326530612,1.4285714285714286,98.57142857142858,0.8163265306122449,0.2040816326530612,0.0,0
610543,SOLORIO HS,Eric Solorio Academy High School,HS,True,False,False,False,"9,10,11,12",9-12,1212,1126,147,175,45,1150,9,0,6,0,0.0,2,0.0,0.0,True,Unknown,Unknown,True,Unknown,Unknown,"52, 52A, 55",Orange,Unknown,,,73.5,67.2,90.2,78.9,Level 1,GOOD STANDING,2018-19,AUSL,True,False,False,True,2010-07-01T00:00:00.000,Unknown,41.795201,-87.711059,60632.0,Unknown,Unknown,2018.0,92.9042904290429,12.128712871287128,14.43894389438944,3.7128712871287126,94.88448844884488,0.7425742574257426,0.0,0
609694,HANCOCK HS,John Hancock College Preparatory High School,HS,True,False,False,False,"9,10,11,12",9-12,1008,803,25,9,18,940,34,9,5,0,0.0,1,1.0,0.0,True,Unknown,Unknown,Unknown,Unknown,Unknown,"53A, 55, 59",Orange,Unknown,,,77.2,67.2,87.2,78.9,Level 1+,GOOD STANDING,2018-19,Network 15,True,False,False,True,2004-09-01T00:00:00.000,Unknown,41.791464,-87.72447,60629.0,Unknown,Unknown,2018.0,79.6626984126984,2.4801587301587302,0.8928571428571428,1.7857142857142856,93.25396825396824,3.373015873015873,0.8928571428571428,0
400022,CHIARTS HS,Chicago High School for the Arts (ChiArts),HS,True,False,False,False,"9,10,11,12",9-12,612,279,40,4,197,240,115,9,2,0,0.0,8,2.0,39.0,False,Unknown,Unknown,Unknown,Unknown,Unknown,"66, 70, 52, 49","Blue, Red",Union Pacific North (UP-N),,,80.1,67.2,86.1,78.9,Level 1,GOOD STANDING,2018-19,Contract,True,False,False,True,2009-07-01T00:00:00.000,Unknown,41.899377,-87.694945,60622.0,Unknown,Unknown,2018.0,45.588235294117645,6.535947712418301,0.6535947712418301,32.189542483660134,39.21568627450981,18.79084967320261,1.4705882352941175,0
400054,NOBLE - PRITZKER HS,Noble - Pritzker College Prep,HS,True,False,False,False,"9,10,11,12",9-12,967,916,107,145,36,918,8,1,3,0,0.0,1,0.0,0.0,True,Unknown,Unknown,Unknown,Unknown,Unknown,"53, 72, 73","Blue, Brown",Unknown,,,86.8,67.2,89.1,78.9,Level 1+,NOT APPLICABLE,2018-19,Charter,True,False,False,True,2004-09-01T00:00:00.000,Unknown,41.915214,-87.730127,60639.0,Unknown,Unknown,2018.0,94.72595656670114,11.06514994829369,14.99482936918304,3.722854188210962,94.93278179937953,0.8273009307135472,0.1034126163391934,0
400139,YCCS - SULLIVAN,YCCS-Sullivan House Alternative HS,HS,True,False,False,False,"9,10,11,12",9-12,296,284,45,3,266,27,0,0,2,0,0.0,1,0.0,0.0,True,Unknown,Unknown,Unknown,Unknown,Unknown,"30, 14, 28, 15",Unknown,Unknown,,,7.8,67.2,81.1,78.9,Level 1+,NOT APPLICABLE,2018-19,Options,False,False,False,False,2012-07-01T00:00:00.000,Unknown,41.746287,-87.578492,60617.0,Unknown,Unknown,2018.0,95.94594594594594,15.202702702702704,1.0135135135135136,89.86486486486487,9.12162162162162,0.0,0.0,1
609737,VON STEUBEN HS,Friedrich W von Steuben Metropolitan Science HS,HS,True,False,False,False,"9,10,11,12",9-12,1697,1147,112,68,169,929,296,257,7,0,0.0,33,6.0,0.0,True,Unknown,Unknown,True,Unknown,Unknown,"81, 82, 92, 93",Brown,Unknown,,,82.9,67.2,91.5,78.9,Level 1+,GOOD STANDING,2018-19,Network 14,True,False,False,True,2004-09-01T00:00:00.000,Unknown,41.973185,-87.713386,60625.0,Unknown,Unknown,2018.0,67.58986446670595,6.599882144961697,4.007071302298174,9.95875073659399,54.74366529169122,17.442545668827343,15.144372421921036,0
400127,YCCS - AUSTIN CAREER,YCCS-Austin Career Education Center HS,HS,True,False,False,False,"9,10,11,12",9-12,74,69,16,1,70,4,0,0,0,0,0.0,0,0.0,0.0,True,Unknown,Unknown,Unknown,Unknown,Unknown,"57, 66","Green, Red",Unknown,,,7.8,67.2,81.1,78.9,Level 1+,NOT APPLICABLE,2018-19,Options,False,False,False,False,2012-07-01T00:00:00.000,Unknown,41.894976,-87.760221,60651.0,Unknown,Unknown,2018.0,93.24324324324324,21.62162162162162,1.351351351351351,94.5945945945946,5.405405405405405,0.0,0.0,1
400124,YCCS - MCKINLEY,YCCS- McKinley Lakeside Leadership HS,HS,True,False,False,False,"9,10,11,12",9-12,126,122,35,0,125,1,0,0,0,0,0.0,0,0.0,0.0,True,Unknown,Unknown,Unknown,Unknown,Unknown,29,Green,Unknown,,,15.8,67.2,81.1,78.9,Level 1,NOT APPLICABLE,2018-19,Options,False,False,False,False,2012-07-01T00:00:00.000,Unknown,41.841331,-87.625331,60616.0,Unknown,Unknown,2018.0,96.82539682539682,27.77777777777778,0.0,99.20634920634922,0.7936507936507936,0.0,0.0,1
609780,MARINE LEADERSHIP AT AMES HS,Marine Leadership Academy at Ames,HS,True,True,False,False,"7,8,9,10,11,12",7-12,825,785,79,162,12,795,12,3,1,0,0.0,2,0.0,0.0,True,Unknown,Unknown,Unknown,Unknown,Unknown,73,Unknown,Unknown,,,57.4,67.2,90.3,78.9,Level 1,GOOD STANDING,2018-19,ISP,True,False,True,True,2004-09-01T00:00:00.000,Unknown,41.916045,-87.721742,60647.0,Unknown,Unknown,2018.0,95.15151515151516,9.575757575757576,19.63636363636364,1.4545454545454546,96.36363636363636,1.4545454545454546,0.3636363636363636,1
609759,CLEMENTE HS,Roberto Clemente Community Academy High School,HS,True,False,False,False,"9,10,11,12",9-12,671,620,174,92,191,453,14,6,4,0,0.0,2,1.0,0.0,True,Unknown,Unknown,Unknown,Unknown,Unknown,"49, 70","Blue, Red",Unknown,,,50.0,67.2,83.3,78.9,Level 2,INTENSIVE SUPPORT,2018-19,Network 15,True,False,False,True,2004-09-01T00:00:00.000,Unknown,41.902626,-87.686906,60622.0,Unknown,Unknown,2018.0,92.39940387481371,25.93144560357675,13.710879284649776,28.46497764530551,67.51117734724292,2.086438152011923,0.8941877794336811,1
610568,PATHWAYS - AVONDALE HS,Pathways in Education- Avondale,HS,True,False,False,False,"9,10,11,12",9-12,291,239,50,33,20,218,36,7,1,0,0.0,5,2.0,2.0,Unknown,Unknown,Unknown,Unknown,Unknown,Unknown,Unknown,Unknown,Unknown,,,23.7,67.2,8.7,78.9,Level 2+,NOT APPLICABLE,2018-19,Options,False,False,False,False,2013-07-01T00:00:00.000,Unknown,41.939433,-87.705206,60618.0,Unknown,Unknown,2018.0,82.13058419243985,17.18213058419244,11.34020618556701,6.872852233676976,74.91408934707904,12.371134020618555,2.405498281786942,1
400175,CAMELOT - EXCEL SOUTHSHORE HS,Camelot Excel - Southshore HS,HS,True,False,False,False,"9,10,11,12",9-12,204,182,19,4,148,46,2,0,1,0,0.0,1,0.0,6.0,True,Unknown,Unknown,Unknown,Unknown,Unknown,"6, 26, 71, 75","Green, Red",Unknown,,,11.4,67.2,30.8,78.9,Level 2,PROVISIONAL SUPPORT,2018-19,Options,False,False,False,False,2014-07-01T00:00:00.000,Unknown,41.759749,-87.556487,60649.0,Unknown,Unknown,2018.0,89.2156862745098,9.31372549019608,1.96078431372549,72.54901960784314,22.54901960784314,0.9803921568627452,0.0,1
400171,FOUNDATIONS,Foundations College Preparatory Charter School,HS,True,True,True,False,"6,7,8,9,10,11,12",6-12,195,182,43,2,191,2,0,0,1,0,0.0,1,0.0,0.0,True,Unknown,Unknown,Unknown,Unknown,Unknown,"111, 108, 8A",Red,Rock Island District (RI),,,59.75,67.2,81.1,78.9,Level 2,NOT APPLICABLE,2018-19,Charter,True,False,False,True,2014-07-01T00:00:00.000,Unknown,41.694671,-87.653535,60643.0,Unknown,Unknown,2018.0,93.33333333333331,22.05128205128205,1.0256410256410255,97.94871794871794,1.0256410256410255,0.0,0.0,1
610592,ENGLEWOOD STEM HS,Englewood STEM High School,HS,True,False,False,False,9,9,419,416,93,12,390,25,3,0,0,0,0.0,1,0.0,0.0,Unknown,Unknown,Unknown,Unknown,Unknown,Unknown,Unknown,Unknown,Unknown,,,59.75,67.2,81.1,78.9,Inability to Rate,GOOD STANDING,2018-19,Network 16,True,False,Unknown,True,2019-07-01T00:00:00.000,Unknown,41.770251,-87.639061,60621.0,Unknown,Unknown,2018.0,99.28400954653938,22.19570405727924,2.863961813842482,93.07875894988068,5.966587112171838,0.7159904534606205,0.0,1
400119,LEGAL PREP HS,Legal Prep Charter Academy,HS,True,False,False,False,"9,10,11,12",9-12,279,263,59,0,277,1,0,0,1,0,0.0,0,0.0,0.0,True,Unknown,Unknown,Unknown,Unknown,Unknown,20126,Green,Unknown,,,48.9,67.2,71.8,78.9,Level 2,NOT APPLICABLE,2018-19,Charter,True,False,False,True,2012-07-01T00:00:00.000,Unknown,41.881733,-87.733778,60624.0,Unknown,Unknown,2018.0,94.2652329749104,21.14695340501792,0.0,99.2831541218638,0.3584229390681003,0.0,0.0,1
609751,KING HS,Dr  Martin Luther King  Jr  College Prep HS,HS,True,False,False,False,"9,10,11,12",9-12,483,402,61,7,461,13,1,2,1,0,0.0,5,0.0,0.0,True,Unknown,Unknown,True,Unknown,Unknown,"4, 43, 47",Red,Metra Electric District (ME),,,86.3,67.2,96.9,78.9,Level 1,GOOD STANDING,2018-19,Network 17,True,False,False,True,2004-09-01T00:00:00.000,Unknown,41.813675,-87.603874,60653.0,Unknown,Unknown,2018.0,83.22981366459628,12.629399585921323,1.4492753623188406,95.44513457556936,2.691511387163561,0.2070393374741201,0.4140786749482402,0
400145,YCCS - YOUTH CONNECTION,YCCS-Youth Connection Leadership Acad HS,HS,True,False,False,False,"9,10,11,12",9-12,110,107,29,0,103,4,3,0,0,0,0.0,0,0.0,0.0,True,Unknown,Unknown,Unknown,Unknown,Unknown,"29, 35","Green, Red",Unknown,,,16.8,67.2,81.1,78.9,Level 1,NOT APPLICABLE,2018-19,Options,False,False,False,False,2012-07-01T00:00:00.000,Unknown,41.832072,-87.626781,60616.0,Unknown,Unknown,2018.0,97.27272727272728,26.36363636363636,0.0,93.63636363636364,3.636363636363636,2.727272727272727,0.0,1
610391,LINDBLOM HS,Robert Lindblom Math & Science Academy HS,HS,True,True,False,False,"7,8,9,10,11,12",7-12,1356,846,72,26,943,350,43,11,4,0,0.0,5,0.0,0.0,True,Unknown,Unknown,True,Unknown,Unknown,"9, 48, 63",Green,Unknown,,,89.4,67.2,95.8,78.9,Level 1+,GOOD STANDING,2018-19,Network 16,True,False,True,True,2004-09-01T00:00:00.000,Unknown,41.782041,-87.671662,60636.0,Unknown,Unknown,2018.0,62.38938053097345,5.3097345132743365,1.9174041297935105,69.54277286135692,25.81120943952802,3.171091445427729,0.8112094395280236,0
610402,DEVRY HS,DeVry University Advantage Academy HS,HS,True,False,False,False,"11,12",11-12,142,94,10,5,47,75,13,6,0,0,0.0,1,0.0,0.0,True,Unknown,Unknown,Unknown,Unknown,Unknown,"49, 77, 52",Unknown,Unknown,,,81.1,67.2,81.1,78.9,Level 1+,GOOD STANDING,2018-19,Network 14,False,False,False,False,2004-09-01T00:00:00.000,Unknown,41.941388,-87.690761,60640.0,Unknown,Unknown,2018.0,66.19718309859155,7.042253521126761,3.5211267605633805,33.098591549295776,52.816901408450704,9.15492957746479,4.225352112676056,0
610390,RICKOVER MILITARY HS,Hyman G Rickover Naval Academy High School,HS,True,False,False,False,"9,10,11,12",9-12,394,322,47,35,22,308,37,23,2,0,0.0,1,0.0,1.0,True,Unknown,Unknown,Unknown,Unknown,Unknown,"91, 78, 85, 80",Blue,Union Pacific Northwest (UP-NW),,,68.3,67.2,88.7,78.9,Level 1,GOOD STANDING,2018-19,ISP,True,False,False,True,2004-09-01T00:00:00.000,Unknown,41.989021,-87.665789,60634.0,Unknown,Unknown,2018.0,81.7258883248731,11.928934010152284,8.883248730964468,5.583756345177665,78.1725888324873,9.390862944162436,5.83756345177665,0
400121,ACERO - DE LA CRUZ,Acero Charter Schools - Sor Juana Inés de la Cruz,ES,True,True,True,False,"K,1,2,3,4,5,6,7,8,9,10,11,12",K-12,597,541,95,259,265,302,12,10,3,0,0.0,4,1.0,0.0,True,Unknown,Unknown,Unknown,Unknown,Unknown,Unknown,Red,Unknown,,,66.7,67.2,79.5,78.9,Level 2,NOT APPLICABLE,2018-19,Charter,True,False,False,True,2012-07-01T00:00:00.000,Unknown,42.016476,-87.684406,60645.0,Unknown,Unknown,2018.0,90.61976549413735,15.912897822445563,43.383584589614735,44.388609715242886,50.58626465661642,2.010050251256281,1.675041876046901,1
609744,NORTHSIDE LEARNING HS,Northside Learning Center High School,HS,True,False,False,False,"9,10,11,12",9-12,233,192,233,81,43,129,44,11,2,0,0.0,4,0.0,0.0,True,Unknown,Unknown,True,Unknown,Unknown,Unknown,Unknown,Unknown,,,0.0,67.2,0.0,78.9,Inability to Rate,GOOD STANDING,2018-19,Network 14,False,False,False,False,2004-09-01T00:00:00.000,Unknown,41.982973,-87.722386,60659.0,Unknown,Unknown,2018.0,82.40343347639485,100.0,34.763948497854074,18.4549356223176,55.36480686695279,18.88412017167382,4.721030042918455,1
609754,CHICAGO MILITARY HS,Chicago Military Academy High School,HS,True,False,False,False,"9,10,11,12",9-12,302,262,25,21,190,103,4,1,0,0,0.0,3,0.0,1.0,True,Unknown,Unknown,Unknown,Unknown,Unknown,"1, 3, 4, 35","Green, Red",Rock Island District (RI),,,70.3,67.2,89.8,78.9,Level 2+,GOOD STANDING,2018-19,Network 17,True,False,False,True,2004-09-01T00:00:00.000,Unknown,41.830555,-87.619216,60653.0,Unknown,Unknown,2018.0,86.75496688741721,8.27814569536424,6.95364238410596,62.91390728476821,34.105960264900666,1.3245033112582782,0.3311258278145695,0
609769,GRAHAM HS,Ray Graham Training Center High School,HS,True,False,False,False,"9,10,11,12",9-12,151,142,151,51,74,62,6,7,0,0,0.0,2,0.0,0.0,True,Unknown,Unknown,True,Unknown,Unknown,Unknown,"Green, Red",Unknown,,,10.7,67.2,81.1,78.9,Inability to Rate,GOOD STANDING,2018-19,Network 14,False,False,False,False,2004-09-01T00:00:00.000,Unknown,41.849675,-87.625315,60616.0,Unknown,Unknown,2018.0,94.03973509933776,100.0,33.77483443708609,49.00662251655629,41.05960264900662,3.9735099337748343,4.635761589403973,1
610547,SOUTH SHORE INTL HS,South Shore Intl College Prep High School,HS,True,False,False,False,"9,10,11,12",9-12,581,478,49,4,562,13,0,1,0,0,0.0,5,0.0,0.0,True,Unknown,Unknown,True,Unknown,Unknown,"J14, 15, 75",Red,Unknown,,,85.7,67.2,94.5,78.9,Level 2+,GOOD STANDING,2018-19,Network 17,True,False,False,True,2011-07-01T00:00:00.000,Unknown,41.758792,-87.576353,60649.0,Unknown,Unknown,2018.0,82.27194492254733,8.433734939759036,0.6884681583476765,96.72977624784856,2.2375215146299485,0.0,0.1721170395869191,0
400156,NOBLE - BUTLER HS,Noble - Butler College Prep,HS,True,False,False,False,"9,10,11,12",9-12,622,564,129,13,580,35,1,0,0,0,0.0,3,1.0,2.0,Unknown,Unknown,Unknown,Unknown,Unknown,Unknown,"106, 103, 115",Red,Metra Electric District (ME),,,85.6,67.2,78.8,78.9,Level 2+,NOT APPLICABLE,2018-19,Charter,True,False,False,True,2013-07-01T00:00:00.000,Unknown,41.706667,-87.602573,60628.0,Unknown,Unknown,2018.0,90.67524115755629,20.739549839228296,2.090032154340836,93.2475884244373,5.627009646302251,0.1607717041800643,0.0,1
400086,URBAN PREP - ENGLEWOOD HS,Urban Prep Academy for Young Men - Englewood,HS,True,False,False,False,"9,10,11,12",9-12,227,187,61,0,227,0,0,0,0,0,0.0,0,0.0,0.0,True,Unknown,Unknown,Unknown,Unknown,Unknown,"3, 4, 8, 9, 24, 44, 63","Green, Red",Unknown,,,70.8,67.2,81.4,78.9,Level 2,NOT APPLICABLE,2018-19,Charter,True,False,False,True,2006-09-01T00:00:00.000,Unknown,41.781498,-87.634357,60621.0,Unknown,Unknown,2018.0,82.37885462555066,26.87224669603524,0.0,100.0,0.0,0.0,0.0,0
610563,BACK OF THE YARDS HS,Back of the Yards IB HS,HS,True,False,False,False,"9,10,11,12",9-12,1067,996,76,135,32,985,11,32,7,0,0.0,0,0.0,0.0,True,Unknown,Unknown,Unknown,Unknown,Unknown,"47, 48, 49",Orange,Unknown,,,84.0,67.2,97.3,78.9,Level 1,GOOD STANDING,2018-19,ISP,True,False,False,True,2013-07-01T00:00:00.000,Unknown,41.808413,-87.677541,60609.0,Unknown,Unknown,2018.0,93.34582942830365,7.1227741330834125,12.652296157450795,2.999062792877226,92.3149015932521,1.0309278350515465,2.999062792877226,0
609749,NORTHSIDE PREP HS,Northside College Preparatory High School,HS,True,False,False,False,"9,10,11,12",9-12,1077,460,52,7,72,319,340,214,4,0,7.0,42,5.0,74.0,False,Unknown,Unknown,True,Unknown,Unknown,"82, 92",Unknown,Unknown,,,93.7,67.2,98.8,78.9,Level 1+,GOOD STANDING,2018-19,ISP,True,False,False,True,2004-09-01T00:00:00.000,Unknown,41.981315,-87.708708,60625.0,Unknown,Unknown,2018.0,42.71123491179202,4.828226555246054,0.6499535747446611,6.685236768802229,29.619312906220983,31.56917363045497,19.87000928505107,0
610392,WORLD LANGUAGE HS,World Language Academy High School,HS,True,False,False,False,"9,10,11,12",9-12,355,334,56,112,15,334,2,0,0,0,0.0,1,0.0,3.0,True,Unknown,Unknown,Unknown,Unknown,Unknown,"53, 53A, 82",Pink,BNSF Railway (BNSF),,,79.7,67.2,84.1,78.9,Level 1,GOOD STANDING,2018-19,Network 15,True,False,False,True,2005-09-01T00:00:00.000,Unknown,41.834397,-87.735292,60623.0,Unknown,Unknown,2018.0,94.08450704225352,15.774647887323944,31.549295774647888,4.225352112676056,94.08450704225352,0.5633802816901409,0.0,0
609748,YORK HS,Consuella B York Alternative HS,HS,True,False,False,False,"9,10,11,12",9-12,139,138,53,6,106,26,3,0,2,0,0.0,2,0.0,0.0,True,Unknown,Unknown,Unknown,Unknown,Unknown,Unknown,Unknown,Unknown,,,4.0,67.2,1.6,78.9,Inability to Rate,GOOD STANDING,2018-19,Network 16,False,False,False,False,2004-09-01T00:00:00.000,Unknown,41.842533,-87.695261,60608.0,Unknown,Unknown,2018.0,99.28057553956836,38.1294964028777,4.316546762589928,76.2589928057554,18.705035971223023,2.158273381294964,0.0,1
609711,HARPER HS,William Rainey Harper High School,HS,True,False,False,False,"11,12",11-12,46,42,13,1,44,2,0,0,0,0,0.0,0,0.0,0.0,True,Unknown,Unknown,Unknown,Unknown,Unknown,"9, 48, 63",Blue,Unknown,,,46.4,67.2,67.7,78.9,Level 2,INTENSIVE SUPPORT,2018-19,Network 16,True,False,False,True,2004-09-01T00:00:00.000,Unknown,41.775124,-87.669089,60636.0,Unknown,Unknown,2018.0,91.30434782608695,28.26086956521739,2.1739130434782608,95.65217391304348,4.3478260869565215,0.0,0.0,1
609679,PROSSER HS,Charles Allen Prosser Career Academy High School,HS,True,False,False,False,"9,10,11,12",9-12,1223,1127,137,79,240,947,22,5,7,0,0.0,0,1.0,1.0,True,Unknown,Unknown,True,True,Unknown,"65, 74, 85",Unknown,Milwaukee District West (MD-W),,,76.5,67.2,90.6,78.9,Level 2+,GOOD STANDING,2018-19,Network 15,True,False,False,True,2004-09-01T00:00:00.000,Unknown,41.920059,-87.761048,60639.0,Unknown,Unknown,2018.0,92.15044971381847,11.201962387571546,6.459525756336877,19.623875715453803,77.43254292722813,1.7988552739165986,0.4088307440719542,0
610380,WILLIAMS HS,Daniel Hale Williams Prep School of Medicine,HS,True,False,False,False,"9,10,11,12",9-12,123,119,16,0,121,1,0,0,0,0,0.0,1,0.0,0.0,True,Unknown,Unknown,Unknown,Unknown,Unknown,"1, 15, 29","Green, Red",Unknown,,,79.3,67.2,92.5,78.9,Level 2,PROVISIONAL SUPPORT,2018-19,Network 17,True,False,False,True,2005-09-01T00:00:00.000,Unknown,41.806118,-87.62503,60615.0,Unknown,Unknown,2018.0,96.7479674796748,13.008130081300814,0.0,98.3739837398374,0.8130081300813009,0.0,0.0,0
400130,YCCS - YOUTH DEVELOPMENT,YCCS-Community Youth Development Institute HS,HS,True,False,False,False,"9,10,11,12",9-12,95,93,30,0,93,0,0,0,1,0,0.0,1,0.0,0.0,True,Unknown,Unknown,Unknown,Unknown,Unknown,"8, 79",Unknown,Unknown,,,22.4,67.2,81.1,78.9,Level 1,NOT APPLICABLE,2018-19,Options,False,False,False,False,2012-07-01T00:00:00.000,Unknown,41.751377,-87.641731,60620.0,Unknown,Unknown,2018.0,97.89473684210527,31.57894736842105,0.0,97.89473684210527,0.0,0.0,0.0,1
609761,CORLISS HS,George H Corliss High School,HS,True,False,False,False,"9,10,11,12",9-12,272,254,86,2,263,6,1,0,0,0,0.0,2,0.0,0.0,True,Unknown,Unknown,True,Unknown,Unknown,"34, 106, 111, 4",Red,Metra Electric District (ME),,,51.4,67.2,67.4,78.9,Level 2,INTENSIVE SUPPORT,2018-19,Network 17,True,False,False,True,2004-09-01T00:00:00.000,Unknown,41.70666,-87.601216,60628.0,Unknown,Unknown,2018.0,93.38235294117648,31.61764705882353,0.7352941176470588,96.69117647058825,2.2058823529411766,0.3676470588235294,0.0,1
610565,CAMELOT - EXCEL ENGLEWOOD HS,Camelot Excel - Englewood HS,HS,True,True,False,False,"8,9,10,11,12",8-12,276,260,43,2,263,6,1,0,0,0,0.0,1,0.0,5.0,True,Unknown,Unknown,Unknown,Unknown,Unknown,"8, 74/5, 67",Unknown,Unknown,,,12.3,67.2,20.5,78.9,Level 1,GOOD STANDING,2018-19,Options,False,False,False,False,2013-07-01T00:00:00.000,Unknown,41.763896,-87.649124,60621.0,Unknown,Unknown,2018.0,94.20289855072464,15.579710144927535,0.7246376811594203,95.28985507246377,2.1739130434782608,0.3623188405797101,0.0,1
609762,JULIAN HS,Percy L Julian High School,HS,True,False,False,False,"9,10,11,12",9-12,379,350,100,1,372,6,0,0,0,0,0.0,1,0.0,0.0,True,Unknown,Unknown,Unknown,Unknown,Unknown,"8A, 9, 103, 108, 112",Unknown,Rock Island District (RI),,,55.9,67.2,78.2,78.9,Level 2,INTENSIVE SUPPORT,2018-19,Network 16,True,False,False,True,2004-09-01T00:00:00.000,Unknown,41.705859,-87.653749,60643.0,Unknown,Unknown,2018.0,92.34828496042216,26.385224274406333,0.2638522427440633,98.15303430079156,1.58311345646438,0.0,0.0,1
609753,CHICAGO AGRICULTURE HS,Chicago High School for Agricultural Sciences,HS,True,False,False,False,"9,10,11,12",9-12,804,347,167,11,373,152,255,2,6,0,0.0,12,4.0,0.0,False,Unknown,Unknown,True,Unknown,Unknown,"52A, 53A, 112",Unknown,Unknown,,,81.3,67.2,85.1,78.9,Level 1,GOOD STANDING,2018-19,ISP,True,False,False,True,2004-09-01T00:00:00.000,Unknown,41.691221,-87.71777,60655.0,Unknown,Unknown,2018.0,43.15920398009951,20.771144278606965,1.3681592039800996,46.39303482587065,18.90547263681592,31.716417910447763,0.2487562189054726,0
610381,BRONZEVILLE HS,Bronzeville Scholastic Academy High School,HS,True,False,False,False,"9,10,11,12",9-12,115,111,29,2,111,3,0,1,0,0,0.0,0,0.0,0.0,True,Unknown,Unknown,True,Unknown,Unknown,"1, 29","Green, Red",Metra Electric District (ME),,,69.4,67.2,86.1,78.9,Level 2,INTENSIVE SUPPORT,2018-19,Network 17,True,False,False,True,2004-09-01T00:00:00.000,Unknown,41.805204,-87.625004,60615.0,Unknown,Unknown,2018.0,96.52173913043478,25.217391304347824,1.7391304347826086,96.52173913043478,2.608695652173913,0.0,0.8695652173913043,0
400133,YCCS - INNOVATIONS,YCCS- Innovations HS of Arts Integration,HS,True,False,False,False,"9,10,11,12",9-12,319,311,68,1,295,17,5,1,0,0,0.0,1,0.0,0.0,True,Unknown,Unknown,Unknown,Unknown,Unknown,"20, 29","Green, Orange, Red",Unknown,,,18.7,67.2,81.1,78.9,Level 2+,NOT APPLICABLE,2018-19,Options,False,False,False,False,2012-07-01T00:00:00.000,Unknown,41.883047,-87.627734,60602.0,Unknown,Unknown,2018.0,97.4921630094044,21.31661442006269,0.3134796238244514,92.47648902821317,5.329153605015674,1.5673981191222568,0.3134796238244514,1
609733,SULLIVAN HS,Roger C Sullivan High School,HS,True,False,False,False,"9,10,11,12",9-12,648,590,159,285,233,228,50,92,2,0,0.0,7,2.0,34.0,True,Unknown,Unknown,True,Unknown,Unknown,"22, 155",Red,Union Pacific North (UP-N),,,61.9,67.2,72.4,78.9,Level 2+,GOOD STANDING,2018-19,Network 14,True,False,False,True,2004-09-01T00:00:00.000,Unknown,42.002688,-87.669192,60626.0,Unknown,Unknown,2018.0,91.0493827160494,24.53703703703704,43.98148148148148,35.95679012345679,35.18518518518518,7.716049382716049,14.19753086419753,1
400157,NOBLE - BAKER HS,Noble - Baker College Prep,HS,True,False,False,False,"9,10,11,12",9-12,200,185,43,29,155,38,4,0,1,0,0.0,1,1.0,0.0,True,Unknown,Unknown,Unknown,Unknown,Unknown,"30, 87, 95",Red,Metra Electric District (ME),,,83.6,67.2,81.1,78.9,Level 2+,NOT APPLICABLE,2018-19,Charter,True,False,False,True,2013-07-01T00:00:00.000,Unknown,41.734622,-87.556201,60617.0,Unknown,Unknown,2018.0,92.5,21.5,14.499999999999998,77.5,19.0,2.0,0.0,0
610513,AIR FORCE HS,Air Force Academy High School,HS,True,False,False,False,"9,10,11,12",9-12,194,161,21,15,89,88,12,1,1,0,0.0,3,0.0,0.0,True,Unknown,Unknown,Unknown,Unknown,Unknown,"24, 35, 39, 44","Green, Red",Rock Island District (RI),,,62.5,67.2,83.7,78.9,Level 2+,GOOD STANDING,2018-19,Network 16,True,False,False,True,2009-07-01T00:00:00.000,Unknown,41.828145,-87.632757,60609.0,Unknown,Unknown,2018.0,82.9896907216495,10.824742268041238,7.731958762886598,45.876288659793815,45.36082474226804,6.185567010309279,0.5154639175257731,0
400129,YCCS - PROGRESSIVE LEADERSHIP,YCCS-Progressive Leadership Academy,HS,True,False,False,False,"9,10,11,12",9-12,129,125,33,0,124,2,0,0,0,0,0.0,2,0.0,1.0,True,Unknown,Unknown,Unknown,Unknown,Unknown,"3, 15",Green,Unknown,,,14.9,67.2,81.1,78.9,Level 1+,NOT APPLICABLE,2018-19,Options,False,False,False,False,2012-07-01T00:00:00.000,Unknown,41.773962,-87.61574,60637.0,Unknown,Unknown,2018.0,96.89922480620154,25.58139534883721,0.0,96.12403100775194,1.550387596899225,0.0,0.0,1
609718,KENNEDY HS,John F Kennedy High School,HS,True,False,False,False,"9,10,11,12",9-12,1546,1070,293,156,34,1184,291,12,13,0,0.0,8,1.0,3.0,True,Unknown,Unknown,True,Unknown,Unknown,"55N, 62, 62H",Orange,Unknown,,,71.1,67.2,79.3,78.9,Level 2+,GOOD STANDING,2018-19,Network 16,True,False,False,True,2004-09-01T00:00:00.000,Unknown,41.789961,-87.78084,60638.0,Unknown,Unknown,2018.0,69.21086675291073,18.95213454075032,10.090556274256144,2.1992238033635187,76.58473479948253,18.82276843467012,0.7761966364812419,1
609674,CHICAGO VOCATIONAL HS,Chicago Vocational Career Academy High School,HS,True,False,False,False,"9,10,11,12",9-12,765,729,213,18,739,19,2,1,1,0,0.0,3,0.0,0.0,True,Unknown,Unknown,True,True,Unknown,"14, 15, 87",Unknown,Unknown,,,38.1,67.2,72.3,78.9,Level 2,PROVISIONAL SUPPORT,2018-19,Network 17,True,False,False,True,2004-09-01T00:00:00.000,Unknown,41.737174,-87.573268,60617.0,Unknown,Unknown,2018.0,95.2941176470588,27.84313725490196,2.3529411764705883,96.60130718954248,2.4836601307189543,0.261437908496732,0.130718954248366,1
400149,ACERO - SOTO HS,Acero Charter Schools - Victoria Soto,HS,True,False,False,False,"9,10,11,12",9-12,515,475,87,171,9,505,1,0,0,0,0.0,0,0.0,0.0,True,Unknown,Unknown,Unknown,Unknown,Unknown,"52, 52A",Orange,Unknown,,,72.3,67.2,71.4,78.9,Level 2+,NOT APPLICABLE,2018-19,Charter,True,False,False,True,2013-07-01T00:00:00.000,Unknown,41.801762,-87.711025,60632.0,Unknown,Unknown,2018.0,92.23300970873788,16.893203883495143,33.20388349514563,1.7475728155339807,98.05825242718448,0.1941747572815534,0.0,1
400113,CICS - CHICAGOQUEST HS,CICS - ChicagoQuest North,HS,True,False,False,False,"9,10,11,12",9-12,148,120,36,1,134,10,2,1,0,0,0.0,1,0.0,0.0,True,Unknown,Unknown,Unknown,Unknown,Unknown,"8, 9, 72","Blue, Red",Unknown,,,62.5,67.2,80.6,78.9,Level 2,NOT APPLICABLE,2018-19,Charter,True,False,False,True,2011-07-01T00:00:00.000,Unknown,41.907797,-87.645561,60610.0,Unknown,Unknown,2018.0,81.08108108108108,24.324324324324326,0.6756756756756757,90.54054054054052,6.756756756756757,1.351351351351351,0.6756756756756757,0
400169,NOBLE - ITW SPEER HS,Noble - ITW David Speer Academy,HS,True,False,False,False,"9,10,11,12",9-12,1004,906,180,148,115,870,12,0,2,0,0.0,3,0.0,2.0,True,Unknown,Unknown,Unknown,Unknown,Unknown,Unknown,Green,Unknown,,,79.9,67.2,85.1,78.9,Level 1+,NOT APPLICABLE,2018-19,Charter,True,False,False,True,2014-07-01T00:00:00.000,Unknown,41.92563,-87.769808,60639.0,Unknown,Unknown,2018.0,90.2390438247012,17.928286852589643,14.741035856573706,11.45418326693227,86.65338645418326,1.195219123505976,0.0,0
609760,CARVER MILITARY HS,George Washington Carver Military Academy HS,HS,True,False,False,False,"9,10,11,12",9-12,479,431,31,23,169,303,6,0,0,0,0.0,1,0.0,0.0,True,Unknown,Unknown,Unknown,Unknown,Unknown,34,Red,Unknown,,,64.0,67.2,96.2,78.9,Level 1,GOOD STANDING,2018-19,Network 17,True,False,False,True,2004-09-01T00:00:00.000,Unknown,41.65629,-87.59062,60827.0,Unknown,Unknown,2018.0,89.97912317327767,6.471816283924843,4.801670146137787,35.281837160751564,63.25678496868476,1.2526096033402925,0.0,0
610587,DYETT ARTS HS,Walter Henri Dyett High School for the Arts,HS,True,False,False,False,"9,10,11,12",9-12,609,535,85,3,587,14,4,0,0,0,0.0,3,0.0,1.0,Unknown,Unknown,Unknown,Unknown,Unknown,Unknown,Unknown,Unknown,Unknown,,,59.75,67.2,81.1,78.9,Level 2+,GOOD STANDING,2018-19,Network 17,True,False,False,True,2016-07-01T00:00:00.000,Unknown,41.801204,-87.612239,60615.0,Unknown,Unknown,2018.0,87.84893267651888,13.957307060755335,0.4926108374384236,96.38752052545156,2.2988505747126435,0.6568144499178982,0.0,1
609712,HIRSCH HS,Emil G Hirsch Metropolitan High School,HS,True,False,False,False,"9,10,11,12",9-12,104,99,45,2,100,2,0,0,1,0,0.0,1,0.0,0.0,True,Unknown,Unknown,Unknown,Unknown,Unknown,Unknown,"Blue, Green",Metra Electric District (ME),,,28.9,67.2,57.5,78.9,Level 2,INTENSIVE SUPPORT,2018-19,Network 17,True,False,False,True,2004-09-01T00:00:00.000,Unknown,41.753748,-87.601727,60619.0,Unknown,Unknown,2018.0,95.1923076923077,43.26923076923077,1.9230769230769231,96.15384615384616,1.9230769230769231,0.0,0.0,1
610384,INFINITY HS,Infinity Math Science and Technology High School,HS,True,False,False,False,"9,10,11,12",9-12,380,364,51,64,5,374,0,1,0,0,0.0,0,0.0,0.0,True,Unknown,Unknown,Unknown,Unknown,Unknown,"53, 53A, 54, 82",Unknown,Unknown,,,73.4,67.2,93.5,78.9,Level 1,GOOD STANDING,2018-19,ISP,True,False,False,True,2004-09-01T00:00:00.000,Unknown,41.836169,-87.735278,60623.0,Unknown,Unknown,2018.0,95.78947368421052,13.421052631578949,16.842105263157894,1.3157894736842104,98.42105263157896,0.0,0.2631578947368421,0
400032,CICS - ELLISON HS,CICS - Ralph Ellison,HS,True,False,False,False,"9,10,11,12",9-12,238,216,61,1,237,0,0,0,0,0,0.0,1,0.0,0.0,True,Unknown,Unknown,Unknown,Unknown,Unknown,"9, 48, 79, 169","Green, Red",Unknown,,,65.3,67.2,79.6,78.9,Level 2,NOT APPLICABLE,2018-19,Charter,True,False,False,True,2004-09-01T00:00:00.000,Unknown,41.748382,-87.66898,60620.0,Unknown,Unknown,2018.0,90.7563025210084,25.63025210084033,0.4201680672268907,99.57983193277312,0.0,0.0,0.0,1
610569,OMBUDSMAN - NORTHWEST HS,Ombudsman Chicago- Northwest,HS,True,False,False,False,"9,10,11,12",9-12,278,248,59,50,19,161,61,22,4,0,0.0,11,0.0,0.0,True,Unknown,Unknown,Unknown,Unknown,Unknown,"290, 270",Blue,Unknown,,,28.8,67.2,11.4,78.9,Level 2,NOT APPLICABLE,2018-19,Options,False,False,False,False,2013-07-01T00:00:00.000,Unknown,42.017171,-87.806682,60631.0,Unknown,Unknown,2018.0,89.20863309352518,21.22302158273381,17.985611510791365,6.83453237410072,57.9136690647482,21.942446043165468,7.913669064748201,1
610561,CRANE MEDICAL HS,Richard T Crane Medical Preparatory HS,HS,True,False,False,False,"9,10,11,12",9-12,415,355,34,6,327,74,4,3,1,0,0.0,3,0.0,3.0,True,Unknown,Unknown,Unknown,Unknown,Unknown,"9, 49, 50, 126",Blue,Unknown,,,76.0,67.2,89.4,78.9,Level 2+,GOOD STANDING,2018-19,Network 15,True,False,False,True,2013-07-01T00:00:00.000,Unknown,41.876947,-87.683301,60612.0,Unknown,Unknown,2018.0,85.54216867469879,8.19277108433735,1.4457831325301205,78.79518072289157,17.83132530120482,0.9638554216867472,0.7228915662650602,0
610394,UPLIFT HS,Uplift Community High School,HS,True,False,False,False,"9,10,11,12",9-12,122,112,65,20,78,24,7,10,2,0,0.0,1,0.0,0.0,True,Unknown,Unknown,True,Unknown,Unknown,"78, 81, 136, 144, 145, 146, 148, 151","Purple, Red",Unknown,,,76.9,67.2,81.0,78.9,Level 2,INTENSIVE SUPPORT,2018-19,Network 14,True,False,False,True,2005-09-01T00:00:00.000,Unknown,41.965547,-87.652473,60640.0,Unknown,Unknown,2018.0,91.8032786885246,53.278688524590166,16.39344262295082,63.934426229508205,19.672131147540984,5.737704918032787,8.19672131147541,0
400056,NOBLE - ROWE CLARK HS,Noble - Rowe-Clark Math and Science Academy,HS,True,False,False,False,"9,10,11,12",9-12,399,362,103,16,325,65,3,0,2,0,0.0,3,0.0,1.0,True,Unknown,Unknown,Unknown,Unknown,Unknown,"53, 66, 82","Blue, Brown, Green",Unknown,,,74.6,67.2,78.8,78.9,Level 1,NOT APPLICABLE,2018-19,Charter,True,False,False,True,2004-09-01T00:00:00.000,Unknown,41.895362,-87.718047,60651.0,Unknown,Unknown,2018.0,90.72681704260653,25.81453634085213,4.010025062656641,81.45363408521304,16.290726817042607,0.7518796992481203,0.0,1
610571,OMBUDSMAN - WEST HS,Ombudsman Chicago- West,HS,True,False,False,False,"9,10,11,12",9-12,363,337,85,21,236,116,5,0,1,0,0.0,4,1.0,0.0,True,Unknown,Unknown,Unknown,Unknown,Unknown,"49, X49",Blue,Unknown,,,13.6,67.2,8.1,78.9,Level 2,NOT APPLICABLE,2018-19,Options,False,False,False,False,2013-07-01T00:00:00.000,Unknown,41.874673,-87.687842,60612.0,Unknown,Unknown,2018.0,92.8374655647383,23.415977961432507,5.785123966942149,65.0137741046832,31.955922865013772,1.3774104683195594,0.0,1
610573,CAMELOT - SAFE HS,Camelot Safe HS,HS,True,False,False,False,"9,10,11,12",9-12,11,9,6,2,8,3,0,0,0,0,0.0,0,0.0,0.0,Unknown,Unknown,Unknown,Unknown,Unknown,Unknown,Unknown,Unknown,Unknown,,,59.75,67.2,81.1,78.9,Level 1+,NOT APPLICABLE,2018-19,Options,False,False,False,False,2013-07-01T00:00:00.000,Unknown,41.753115,-87.551804,60649.0,Unknown,Unknown,2018.0,81.81818181818183,54.54545454545454,18.181818181818183,72.72727272727273,27.27272727272727,0.0,0.0,1
400066,PERSPECTIVES - MATH & SCI HS,Perspectives - Math and Science Academy,HS,True,True,True,False,"6,7,8,9,10,11,12",6-12,508,467,104,6,499,8,0,0,0,0,0.0,1,0.0,0.0,True,Unknown,Unknown,Unknown,Unknown,Unknown,"1, 29, 35",Green,Unknown,,,59.7,67.2,83.0,78.9,Level 2,NOT APPLICABLE,2018-19,Charter,True,False,False,True,2008-07-01T00:00:00.000,Unknown,41.827784,-87.624788,60653.0,Unknown,Unknown,2018.0,91.92913385826772,20.47244094488189,1.1811023622047243,98.22834645669292,1.574803149606299,0.0,0.0,1
609692,SIMEON HS,Neal F Simeon Career Academy High School,HS,True,False,False,False,"9,10,11,12",9-12,1313,1193,163,5,1293,13,0,0,0,0,0.0,7,0.0,0.0,True,Unknown,Unknown,True,Unknown,Unknown,"24, 79",Red,Unknown,,,61.8,67.2,90.2,78.9,Level 2,PROVISIONAL SUPPORT,2018-19,Network 17,True,False,False,True,2004-09-01T00:00:00.000,Unknown,41.745781,-87.63541,60620.0,Unknown,Unknown,2018.0,90.86062452399086,12.414318354912414,0.3808073115003808,98.47677075399848,0.99009900990099,0.0,0.0,0
400167,HORIZON - SOUTHWEST,Horizon Science Academy Southwest Chicago Charter,ES,True,True,True,False,"K,1,2,3,4,5,6,7,8,9,10,11,12",K-12,739,691,82,182,209,521,7,0,1,0,0.0,1,0.0,0.0,True,Unknown,Unknown,Unknown,Unknown,Unknown,Unknown,Unknown,Unknown,,,59.75,67.2,81.1,78.9,Level 2,NOT APPLICABLE,2018-19,Charter,True,False,False,True,2014-07-01T00:00:00.000,Unknown,41.795201,-87.683963,60609.0,Unknown,Unknown,2018.0,93.50473612990528,11.096075778078484,24.62787550744249,28.28146143437077,70.50067658998647,0.9472259810554804,0.0,1
400123,YCCS - SCHOLASTIC ACHIEVEMENT,YCCS- Academy of Scholastic Achievement HS,HS,True,False,False,False,"9,10,11,12",9-12,106,98,19,0,101,3,0,0,1,0,0.0,0,0.0,1.0,True,Unknown,Unknown,Unknown,Unknown,Unknown,"20, 54",Green,Unknown,,,11.5,67.2,81.1,78.9,Level 1+,NOT APPLICABLE,2018-19,Options,False,False,False,False,2012-07-01T00:00:00.000,Unknown,41.880447,-87.742539,60644.0,Unknown,Unknown,2018.0,92.45283018867924,17.92452830188679,0.0,95.28301886792453,2.8301886792452837,0.0,0.0,1
609724,MATHER HS,Stephen T Mather High School,HS,True,False,False,False,"9,10,11,12",9-12,1517,1299,233,424,219,632,227,400,9,0,0.0,19,11.0,0.0,True,Unknown,Unknown,Unknown,Unknown,Unknown,"11, 84, 93","Brown, Red",Unknown,,,74.3,67.2,79.1,78.9,Level 1,GOOD STANDING,2018-19,Network 14,True,False,False,True,2004-09-01T00:00:00.000,Unknown,41.987589,-87.702496,60659.0,Unknown,Unknown,2018.0,85.62953197099539,15.359261700725115,27.94990112063283,14.436387607119311,41.66117336849044,14.963744232036916,26.367831245880023,1
609726,BROOKS HS,Gwendolyn Brooks College Preparatory Academy HS,HS,True,True,False,False,"7,8,9,10,11,12",7-12,999,697,58,2,793,189,7,0,0,0,0.0,7,3.0,0.0,True,Unknown,Unknown,True,Unknown,Unknown,34111119,Orange,Metra Electric District (ME),,,79.8,67.2,94.1,78.9,Level 1+,GOOD STANDING,2018-19,Network 17,True,False,True,True,2004-09-01T00:00:00.000,Unknown,41.692763,-87.616353,60628.0,Unknown,Unknown,2018.0,69.76976976976978,5.805805805805806,0.2002002002002001,79.37937937937937,18.91891891891892,0.7007007007007007,0.0,0
609764,JUAREZ HS,Benito Juarez Community Academy High School,HS,True,False,False,False,"9,10,11,12",9-12,1717,1605,284,370,45,1625,17,11,6,0,0.0,6,0.0,7.0,True,Unknown,Unknown,Unknown,Unknown,Unknown,"9, 21, 60","Blue, Pink, Red",Unknown,,,62.8,67.2,82.0,78.9,Level 2+,GOOD STANDING,2018-19,ISP,True,False,False,True,2004-09-01T00:00:00.000,Unknown,41.852667,-87.663732,60608.0,Unknown,Unknown,2018.0,93.47699475829936,16.540477577169483,21.549213744903906,2.6208503203261504,94.64181712288875,0.99009900990099,0.64065230052417,0
400150,YCCS - CHATHAM,YCCS-Chatham AcademyHS,HS,True,False,False,False,"9,10,11,12",9-12,125,116,26,0,120,1,0,0,0,0,0.0,0,0.0,4.0,True,Unknown,Unknown,Unknown,Unknown,Unknown,"4, 87, 95, 79",Red,Unknown,,,23.1,67.2,81.1,78.9,Level 1,NOT APPLICABLE,2018-19,Options,False,False,False,False,2012-07-01T00:00:00.000,Unknown,41.730131,-87.60698,60619.0,Unknown,Unknown,2018.0,92.8,20.8,0.0,96.0,0.8,0.0,0.0,1
400118,NOBLE - DRW HS,Noble - DRW College Prep,HS,True,False,False,False,"9,10,11,12",9-12,286,262,92,1,272,12,1,0,0,0,0.0,1,0.0,0.0,True,Unknown,Unknown,Unknown,Unknown,Unknown,82,Blue,Unknown,,,80.6,67.2,67.2,78.9,Level 2,NOT APPLICABLE,2018-19,Charter,True,False,False,True,2012-07-01T00:00:00.000,Unknown,41.869328,-87.711654,60624.0,Unknown,Unknown,2018.0,91.6083916083916,32.16783216783217,0.3496503496503496,95.1048951048951,4.195804195804196,0.3496503496503496,0.0,1
609682,RICHARDS HS,Ellen H Richards Career Academy High School,HS,True,False,False,False,"9,10,11,12",9-12,222,213,48,67,106,113,1,0,0,0,0.0,0,0.0,2.0,True,Unknown,Unknown,Unknown,Unknown,Unknown,"9, 51, 47","Green, Red",Unknown,,,37.8,67.2,64.3,78.9,Level 2,INTENSIVE SUPPORT,2018-19,Network 16,True,False,False,True,2004-09-01T00:00:00.000,Unknown,41.802881,-87.662278,60609.0,Unknown,Unknown,2018.0,95.94594594594594,21.62162162162162,30.180180180180184,47.74774774774775,50.9009009009009,0.4504504504504504,0.0,1
610385,MULTICULTURAL HS,Multicultural Academy of Scholarship,HS,True,False,False,False,"9,10,11,12",9-12,220,209,69,63,40,177,3,0,0,0,0.0,0,0.0,0.0,True,Unknown,Unknown,Unknown,Unknown,Unknown,"53, 53A, 54B, 82",Unknown,Unknown,,,61.4,67.2,79.2,78.9,Level 2+,GOOD STANDING,2018-19,Network 15,True,False,False,True,2004-09-01T00:00:00.000,Unknown,41.835282,-87.735283,60623.0,Unknown,Unknown,2018.0,95.0,31.363636363636367,28.63636363636364,18.181818181818183,80.45454545454545,1.3636363636363635,0.0,1
400142,YCCS - VIRTUAL,YCCS-Virtual HS,HS,True,False,False,False,"9,10,11,12",9-12,0,0,0,0,0,0,0,0,0,0,0.0,0,0.0,0.0,Unknown,Unknown,Unknown,Unknown,Unknown,Unknown,Unknown,Unknown,Unknown,,,59.75,67.2,81.1,78.9,Inability to Rate,NOT APPLICABLE,2018-19,Options,False,False,False,False,2012-07-01T00:00:00.000,Unknown,41.876317,-87.674138,60612.0,Unknown,Unknown,2018.0,0.0,0.0,0.0,0.0,0.0,0.0,0.0,1
609756,CURIE HS,Marie Sklodowska Curie Metropolitan High School,HS,True,False,False,False,"9,10,11,12",9-12,2888,2595,331,423,360,2402,48,59,9,0,0.0,7,2.0,1.0,True,Unknown,Unknown,Unknown,True,True,"53A, 62","Blue, Orange, Red",Unknown,,,70.3,67.2,78.9,78.9,Level 2+,GOOD STANDING,2018-19,Network 15,True,False,False,True,2004-09-01T00:00:00.000,Unknown,41.80306,-87.722042,60632.0,Unknown,Unknown,2018.0,89.85457063711911,11.461218836565097,14.646814404432131,12.465373961218836,83.17174515235457,1.662049861495845,2.042936288088643,1
610524,ALCOTT HS,Louisa May Alcott College Preparatory HS,HS,True,False,False,False,"9,10,11,12",9-12,316,243,67,26,56,209,33,8,2,0,0.0,5,3.0,0.0,True,Unknown,Unknown,False,Unknown,Unknown,"49, 50, 76, 77","Blue, Red",Unknown,,,76.2,67.2,92.1,78.9,Level 1,GOOD STANDING,2018-19,Unknown,True,False,False,True,2009-07-01T00:00:00.000,Unknown,41.935795,-87.680562,60618.0,Unknown,Unknown,2018.0,76.89873417721519,21.202531645569614,8.227848101265822,17.72151898734177,66.13924050632912,10.443037974683543,2.5316455696202533,0
400172,ASPIRA - BUSINESS & FINANCE HS,ASPIRA Business and Finance,HS,True,False,False,False,"9,10,11,12",9-12,627,504,136,197,19,582,14,2,1,0,0.0,5,0.0,4.0,True,Unknown,Unknown,Unknown,Unknown,Unknown,56,Blue,Unknown,,,59.75,67.2,81.1,78.9,Level 2+,NOT APPLICABLE,2018-19,Charter,True,False,False,True,2015-07-01T00:00:00.000,Unknown,41.935726,-87.718204,60618.0,Unknown,Unknown,2018.0,80.38277511961722,21.690590111642745,31.419457735247207,3.0303030303030303,92.82296650717704,2.232854864433812,0.3189792663476874,1
400033,CICS - LONGWOOD,CICS - Longwood,HS,True,True,True,False,"3,4,5,6,7,8,9,10,11,12",3-12,1254,1128,238,9,1244,7,1,0,0,0,0.0,0,0.0,2.0,True,Unknown,Unknown,Unknown,Unknown,Unknown,"9, 95W",Unknown,Rock Island District (RI),,,48.6,67.2,85.6,78.9,Level 2,NOT APPLICABLE,2018-19,Charter,True,False,False,True,2004-09-01T00:00:00.000,Unknown,41.721221,-87.655768,60643.0,Unknown,Unknown,2018.0,89.95215311004785,18.9792663476874,0.7177033492822966,99.2025518341308,0.5582137161084529,0.0797448165869218,0.0,1
610304,PHOENIX MILITARY HS,Phoenix Military Academy High School,HS,True,False,False,False,"9,10,11,12",9-12,556,501,37,40,77,445,8,18,2,0,0.0,4,2.0,0.0,True,Unknown,Unknown,Unknown,Unknown,Unknown,"20, 49, 126","Blue, Green",Unknown,,,70.4,67.2,95.8,78.9,Level 1+,GOOD STANDING,2018-19,ISP,True,False,False,True,2004-09-01T00:00:00.000,Unknown,41.879118,-87.68696,60612.0,Unknown,Unknown,2018.0,90.10791366906474,6.654676258992806,7.194244604316546,13.848920863309353,80.03597122302159,1.4388489208633095,3.237410071942446,0
400094,EPIC HS,EPIC Academy Charter High School,HS,True,False,False,False,"9,10,11,12",9-12,516,488,108,71,319,173,4,0,0,0,0.0,7,0.0,13.0,True,Unknown,Unknown,Unknown,Unknown,Unknown,"5, 26, 71",Unknown,Metra Electric District (ME),,,78.3,67.2,76.6,78.9,Level 2+,NOT APPLICABLE,2018-19,Charter,True,False,False,True,2009-07-01T00:00:00.000,Unknown,41.744849,-87.550222,60617.0,Unknown,Unknown,2018.0,94.57364341085272,20.930232558139537,13.75968992248062,61.82170542635659,33.52713178294574,0.7751937984496124,0.0,1
609741,HUBBARD HS,Gurdon S Hubbard High School,HS,True,False,False,False,"9,10,11,12",9-12,1628,1549,228,318,100,1485,31,2,5,0,0.0,4,0.0,1.0,True,Unknown,Unknown,Unknown,Unknown,Unknown,"53A, 63, 59",Orange,Unknown,,,68.5,67.2,83.1,78.9,Level 2+,GOOD STANDING,2018-19,Network 16,True,False,False,True,2004-09-01T00:00:00.000,Unknown,41.780526,-87.718014,60629.0,Unknown,Unknown,2018.0,95.14742014742016,14.004914004914005,19.53316953316953,6.142506142506143,91.2162162162162,1.9041769041769043,0.1228501228501228,0
400098,NOBLE - MUCHIN HS,Noble - Muchin College Prep,HS,True,False,False,False,"9,10,11,12",9-12,960,804,120,68,271,644,3,34,2,0,0.0,5,0.0,1.0,True,Unknown,Unknown,Unknown,Unknown,Unknown,"2, 3, 4, 6, 10, 20, 22, 24, 26, 29, 36, 62, 66, 143, 144, 145, 146, 147, 148, 151","Blue, Brown, Green, Orange, Pink, Purple, Red","BNSF Railway (BNSF), Heritage Corridor (HC), Metra Electric District (ME), Milwaukee District North (MD-N), Milwaukee District West (MD-W), North Central Service (NCS), Rock Island District (RI), SouthWest Service (SWS), Union Pacific North (UP-N), Union Pacific Northwest (UP-NW), Union Pacific West (UP-W)",,,90.0,67.2,93.9,78.9,Level 1+,NOT APPLICABLE,2018-19,Charter,True,False,False,True,2009-07-01T00:00:00.000,Unknown,41.88274,-87.626338,60602.0,Unknown,Unknown,2018.0,83.75,12.5,7.083333333333333,28.229166666666668,67.08333333333333,0.3125,3.5416666666666665,0
400059,NORTH LAWNDALE - COLLINS HS,North Lawndale College Prep - Collins,HS,True,False,False,False,"9,10,11,12",9-12,400,383,68,0,388,4,0,0,0,0,0.0,2,0.0,6.0,True,Unknown,Unknown,Unknown,Unknown,Unknown,"12, 18, 52",Red,Unknown,,,64.2,67.2,72.9,78.9,Level 2+,NOT APPLICABLE,2018-19,Charter,True,False,False,True,2004-09-01T00:00:00.000,Unknown,41.864146,-87.700681,60623.0,Unknown,Unknown,2018.0,95.75,17.0,0.0,97.0,1.0,0.0,0.0,1
609705,FENGER HS,Christian Fenger Academy High School,HS,True,False,False,False,"9,10,11,12",9-12,262,248,51,0,254,4,0,0,0,0,0.0,2,1.0,1.0,True,Unknown,Unknown,Unknown,Unknown,Unknown,8A,"Blue, Brown",Unknown,,,44.4,67.2,70.6,78.9,Level 2,INTENSIVE SUPPORT,2018-19,Network 17,True,False,False,True,2004-09-01T00:00:00.000,Unknown,41.689951,-87.637572,60628.0,Unknown,Unknown,2018.0,94.65648854961832,19.46564885496183,0.0,96.94656488549616,1.5267175572519085,0.0,0.0,1
400058,NORTH LAWNDALE - CHRISTIANA HS,North Lawndale College Prep - Christiana,HS,True,False,False,False,"9,10,11,12",9-12,315,266,58,0,307,4,1,0,0,0,0.0,0,0.0,3.0,True,Unknown,Unknown,Unknown,Unknown,Unknown,"18, 52",Green,Unknown,,,60.8,67.2,72.0,78.9,Level 2,NOT APPLICABLE,2018-19,Charter,True,False,False,True,2004-09-01T00:00:00.000,Unknown,41.858564,-87.708987,60623.0,Unknown,Unknown,2018.0,84.44444444444444,18.41269841269841,0.0,97.46031746031746,1.2698412698412698,0.3174603174603174,0.0,1
400137,LITTLE BLACK PEARL HS,Little Black Pearl Art and Design Academy,HS,True,False,False,False,"9,10,11,12",9-12,128,84,29,0,126,0,0,0,0,0,0.0,2,0.0,0.0,True,Unknown,Unknown,Unknown,Unknown,Unknown,47,Red,Unknown,,,68.8,67.2,48.4,78.9,Level 1,GOOD STANDING,2018-19,Options,False,False,False,False,2012-07-01T00:00:00.000,Unknown,41.809695,-87.59934,60653.0,Unknown,Unknown,2018.0,65.625,22.65625,0.0,98.4375,0.0,0.0,0.0,1
400097,NOBLE - BULLS HS,Noble - Chicago Bulls College Prep,HS,True,False,False,False,"9,10,11,12",9-12,1135,1000,188,128,364,749,4,6,3,0,0.0,3,1.0,5.0,True,Unknown,Unknown,Unknown,Unknown,Unknown,"20, 50, 126",Blue,Unknown,,,89.8,67.2,87.3,78.9,Level 1+,NOT APPLICABLE,2018-19,Charter,True,False,False,True,2009-07-01T00:00:00.000,Unknown,41.878809,-87.678195,60612.0,Unknown,Unknown,2018.0,88.10572687224669,16.56387665198238,11.277533039647578,32.0704845814978,65.99118942731278,0.3524229074889868,0.5286343612334802,0
610593,OMBUDSMAN - ROSELAND HS,Ombudsman Chicago - Roseland HS,HS,True,False,False,False,"9,10,11,12",9-12,152,136,28,1,148,3,1,0,0,0,0.0,0,0.0,0.0,Unknown,Unknown,Unknown,Unknown,Unknown,Unknown,Unknown,Unknown,Unknown,,,59.75,67.2,81.1,78.9,Inability to Rate,GOOD STANDING,2018-19,Options,False,False,False,False,2019-08-01T00:00:00.000,Unknown,41.695105,-87.642816,60628.0,Unknown,Unknown,2018.0,89.47368421052632,18.421052631578945,0.6578947368421052,97.36842105263158,1.973684210526316,0.6578947368421052,0.0,1
610499,COLLINS HS,Collins Academy High School,HS,True,False,False,False,"9,10,11,12",9-12,222,217,60,1,214,8,0,0,0,0,0.0,0,0.0,0.0,True,Unknown,Unknown,Unknown,Unknown,Unknown,"12, 18, 52",Unknown,Unknown,,,70.4,67.2,59.5,78.9,Level 2,INTENSIVE SUPPORT,2018-19,AUSL,True,False,False,True,2007-07-01T00:00:00.000,Unknown,41.864149,-87.702042,60623.0,Unknown,Unknown,2018.0,97.74774774774777,27.027027027027028,0.4504504504504504,96.3963963963964,3.603603603603604,0.0,0.0,1
400053,NOBLE - GOLDER HS,Noble - Golder College Prep,HS,True,False,False,False,"9,10,11,12",9-12,634,579,110,87,106,496,17,2,1,0,0.0,5,0.0,7.0,True,Unknown,Unknown,Unknown,Unknown,Unknown,"9, 65, 66",Blue,Unknown,,,91.0,67.2,85.2,78.9,Level 1+,NOT APPLICABLE,2018-19,Charter,True,False,False,True,2004-09-01T00:00:00.000,Unknown,41.895282,-87.664483,60642.0,Unknown,Unknown,2018.0,91.32492113564668,17.350157728706623,13.722397476340694,16.7192429022082,78.23343848580441,2.6813880126182967,0.3154574132492113,0
400162,INTRINSIC HS,Intrinsic Charter School,HS,True,True,False,False,"7,8,9,10,11,12",7-12,1005,876,193,148,36,930,32,3,0,0,0.0,1,0.0,3.0,True,Unknown,Unknown,Unknown,Unknown,Unknown,77,Blue,Milwaukee District North (MD-N),,,80.1,67.2,87.1,78.9,Level 1,NOT APPLICABLE,2018-19,Charter,True,False,False,True,2013-07-01T00:00:00.000,Unknown,41.938988,-87.741129,60641.0,Unknown,Unknown,2018.0,87.16417910447761,19.203980099502488,14.72636815920398,3.582089552238806,92.53731343283582,3.184079601990049,0.2985074626865672,0
609680,PAYTON HS,Walter Payton College Preparatory High School,HS,True,False,False,False,"9,10,11,12",9-12,1218,354,54,9,127,265,535,227,2,0,0.0,51,11.0,0.0,False,Unknown,Unknown,True,Unknown,True,"11, 36, 70","Brown, Red",Unknown,,,92.2,67.2,96.4,78.9,Level 1+,GOOD STANDING,2018-19,ISP,True,False,False,True,2004-09-01T00:00:00.000,Unknown,41.901575,-87.635385,60610.0,Unknown,Unknown,2018.0,29.064039408866996,4.433497536945813,0.7389162561576355,10.426929392446633,21.75697865353038,43.92446633825944,18.63711001642036,0
609722,MANLEY HS,Manley Career Academy High School,HS,True,False,False,False,"9,10,11,12",9-12,87,81,39,0,83,3,1,0,0,0,0.0,0,0.0,0.0,True,Unknown,Unknown,Unknown,Unknown,Unknown,"7, 12, 94",Blue,Unknown,,,55.2,67.2,43.9,78.9,Level 2,INTENSIVE SUPPORT,2018-19,Network 15,True,False,False,True,2004-09-01T00:00:00.000,Unknown,41.870939,-87.699896,60612.0,Unknown,Unknown,2018.0,93.10344827586206,44.82758620689656,0.0,95.40229885057472,3.4482758620689653,1.1494252873563218,0.0,1
610389,ORR HS,Orr Academy High School,HS,True,False,False,False,"9,10,11,12",9-12,234,224,49,7,207,25,2,0,0,0,0.0,0,0.0,0.0,True,Unknown,Unknown,Unknown,Unknown,Unknown,"53, 66",Unknown,Unknown,,,38.3,67.2,31.6,78.9,Level 3,INTENSIVE SUPPORT,2018-19,AUSL,True,False,False,True,2008-07-01T00:00:00.000,Unknown,41.894449,-87.726166,60624.0,Unknown,Unknown,2018.0,95.72649572649571,20.94017094017094,2.9914529914529915,88.46153846153845,10.683760683760685,0.8547008547008548,0.0,1
610558,GOODE HS,Sarah E. Goode STEM Academy,HS,True,False,False,False,"9,10,11,12",9-12,923,808,146,104,384,523,5,1,3,0,0.0,6,1.0,0.0,True,Unknown,Unknown,Unknown,Unknown,Unknown,"52, 79",Unknown,SouthWest Service (SWS),,,66.5,67.2,91.8,78.9,Level 2+,GOOD STANDING,2018-19,Network 16,True,False,False,True,2012-07-01T00:00:00.000,Unknown,41.75375,-87.707345,60652.0,Unknown,Unknown,2018.0,87.54062838569881,15.81798483206934,11.267605633802818,41.603466955579634,56.66305525460456,0.5417118093174431,0.1083423618634886,0
400035,CHICAGO MATH & SCIENCE HS,Chicago Math and Science Academy Charter School,HS,True,True,True,False,"6,7,8,9,10,11,12",6-12,602,530,74,155,199,296,35,60,2,0,0.0,10,0.0,0.0,True,Unknown,Unknown,Unknown,Unknown,Unknown,22,Unknown,Union Pacific North (UP-N),,,70.2,67.2,86.2,78.9,Level 1,NOT APPLICABLE,2018-19,Charter,True,False,False,True,2004-09-01T00:00:00.000,Unknown,42.013031,-87.674818,60626.0,Unknown,Unknown,2018.0,88.03986710963456,12.29235880398671,25.74750830564784,33.056478405315616,49.16943521594684,5.813953488372093,9.966777408637874,0
610529,OGDEN HS,Ogden International High School,HS,True,False,False,False,"9,10,11,12",9-12,630,420,73,15,276,242,74,17,2,0,0.0,18,1.0,0.0,True,Unknown,Unknown,Unknown,True,Unknown,"65, 66",Blue,Unknown,,,88.1,67.2,94.5,78.9,Level 1,GOOD STANDING,2018-19,Unknown,True,False,True,True,2009-07-01T00:00:00.000,Unknown,41.893548,-87.659405,60642.0,Unknown,Unknown,2018.0,66.66666666666666,11.587301587301589,2.380952380952381,43.80952380952381,38.41269841269842,11.746031746031743,2.6984126984126986,0
400105,URBAN PREP - BRONZEVILLE HS,Urban Prep Academy for Young Men - Bronzeville,HS,True,False,False,False,"9,10,11,12",9-12,289,242,81,0,284,1,1,1,1,0,0.0,1,0.0,0.0,True,Unknown,Unknown,Unknown,Unknown,Unknown,"1, 3, 4, 29, 35","Green, Red",Rock Island District (RI),,,75.0,67.2,72.8,78.9,Level 1,NOT APPLICABLE,2018-19,Unknown,True,False,False,True,2010-07-01T00:00:00.000,Unknown,41.831118,-87.613629,60616.0,Unknown,Unknown,2018.0,83.73702422145328,28.027681660899656,0.0,98.2698961937716,0.3460207612456747,0.3460207612456747,0.3460207612456747,1
400133,YCCS - INNOVATIONS,YCCS- Innovations HS of Arts Integration,HS,True,False,False,False,"9,10,11,12",9-12,434,365,92,4,399,21,7,0,0,0,0.0,2,0.0,5.0,True,Unknown,Unknown,Unknown,Unknown,Unknown,"20, 29","Green, Orange, Red",Unknown,,,18.7,67.2,81.1,78.9,Level 2+,NOT APPLICABLE,2020-21,Options,False,False,False,False,2012-07-01T00:00:00.000,Unknown,41.883047,-87.627734,60602.0,Unknown,Unknown,2020.0,84.10138248847926,21.19815668202765,0.9216589861751152,91.93548387096774,4.838709677419355,1.6129032258064515,0.0,1
609711,HARPER HS,William Rainey Harper High School,HS,True,False,False,False,12,12,0,0,0,0,0,0,0,0,0,0,0.0,0,0.0,0.0,True,Unknown,Unknown,Unknown,Unknown,Unknown,"9, 48, 63",Blue,Unknown,,,46.4,67.2,67.7,78.9,Level 2,INTENSIVE SUPPORT,2020-21,Network 16,True,False,False,True,2004-09-01T00:00:00.000,2021-06-30T00:00:00.000,41.775124,-87.669089,60636.0,Unknown,Unknown,2020.0,0.0,0.0,0.0,0.0,0.0,0.0,0.0,1
400033,CICS - LONGWOOD,CICS - Longwood,HS,True,True,True,False,"3,4,5,6,7,8,9,10,11,12",3-12,1226,969,219,8,1220,3,0,0,0,0,0.0,0,0.0,3.0,True,Unknown,Unknown,Unknown,Unknown,Unknown,"9, 95W",Red,Rock Island District (RI),,,48.6,67.2,85.6,78.9,Level 2,NOT APPLICABLE,2020-21,Charter,True,False,False,True,2004-09-01T00:00:00.000,Unknown,41.721221,-87.655768,60643.0,Unknown,Unknown,2020.0,79.03752039151712,17.862969004893962,0.6525285481239804,99.510603588907,0.2446982055464926,0.0,0.0,1
400136,YCCS - OLIVE HARVEY,YCCS-Olive Harvey Middle College HS,HS,True,False,False,False,"9,10,11,12",9-12,103,76,13,6,85,15,0,0,1,0,0.0,2,0.0,0.0,True,Unknown,Unknown,Unknown,Unknown,Unknown,"28, 6",Red,Unknown,,,16.0,67.2,81.1,78.9,Level 2,NOT APPLICABLE,2020-21,Options,False,False,False,False,2012-07-01T00:00:00.000,Unknown,41.712922,-87.592333,60628.0,Unknown,Unknown,2020.0,73.7864077669903,12.62135922330097,5.825242718446602,82.52427184466019,14.563106796116504,0.0,0.0,1
609760,CARVER MILITARY HS,George Washington Carver Military Academy HS,HS,True,False,False,False,"9,10,11,12",9-12,406,307,35,34,147,253,4,0,0,0,0.0,2,0.0,0.0,True,Unknown,Unknown,Unknown,Unknown,Unknown,34,Red,Unknown,,,64.0,67.2,96.2,78.9,Level 1,GOOD STANDING,2020-21,Network 17,True,False,False,True,2004-09-01T00:00:00.000,Unknown,41.65629,-87.59062,60827.0,Unknown,Unknown,2020.0,75.61576354679804,8.620689655172415,8.374384236453201,36.206896551724135,62.31527093596058,0.9852216748768472,0.0,0
609726,BROOKS HS,Gwendolyn Brooks College Preparatory Academy HS,HS,True,True,False,False,"7,8,9,10,11,12",7-12,986,578,65,0,771,191,9,1,2,0,0.0,9,3.0,0.0,True,Unknown,Unknown,True,Unknown,Unknown,34111119,Orange,Metra Electric District (ME),,,79.8,67.2,94.1,78.9,Level 1+,GOOD STANDING,2020-21,ISP,True,False,True,True,2004-09-01T00:00:00.000,Unknown,41.692763,-87.616353,60628.0,Unknown,Unknown,2020.0,58.620689655172406,6.592292089249494,0.0,78.19472616632859,19.371196754563893,0.9127789046653144,0.101419878296146,0
400066,PERSPECTIVES - MATH & SCI HS,Perspectives - Math and Science Academy,HS,True,True,True,False,"6,7,8,9,10,11,12",6-12,393,361,68,6,386,5,1,0,0,0,0.0,0,0.0,1.0,True,Unknown,Unknown,Unknown,Unknown,Unknown,"1, 29, 35",Green,Unknown,,,59.7,67.2,83.0,78.9,Level 2,NOT APPLICABLE,2020-21,Charter,True,False,False,True,2008-07-01T00:00:00.000,Unknown,41.827784,-87.624788,60653.0,Unknown,Unknown,2020.0,91.85750636132316,17.302798982188293,1.5267175572519085,98.21882951653944,1.2722646310432568,0.2544529262086514,0.0,1
400106,NOBLE - JOHNSON HS,Noble - John and Eunice Johnson College Prep,HS,True,False,False,False,"9,10,11,12",9-12,501,418,123,7,474,22,1,0,1,0,0.0,2,0.0,1.0,True,Unknown,Unknown,Unknown,Unknown,Unknown,"63, 24","Green, Red",Metra Electric District (ME),,,75.7,67.2,72.0,78.9,Level 2,NOT APPLICABLE,2020-21,Charter,True,False,False,True,2010-07-01T00:00:00.000,Unknown,41.778369,-87.635117,60621.0,Unknown,Unknown,2020.0,83.43313373253493,24.55089820359281,1.3972055888223551,94.61077844311376,4.39121756487026,0.1996007984031935,0.0,1
609761,CORLISS HS,George H Corliss High School,HS,True,False,False,False,"9,10,11,12",9-12,313,276,104,4,295,15,1,0,0,0,0.0,2,0.0,0.0,True,Unknown,Unknown,Unknown,Unknown,Unknown,"34, 106, 111, 4",Red,Metra Electric District (ME),,,51.4,67.2,67.4,78.9,Level 2,INTENSIVE SUPPORT,2020-21,Network 17,True,False,False,True,2004-09-01T00:00:00.000,Unknown,41.70666,-87.601216,60628.0,Unknown,Unknown,2020.0,88.17891373801918,33.22683706070288,1.2779552715654952,94.24920127795528,4.792332268370607,0.3194888178913738,0.0,1
400149,ACERO - SOTO HS,Acero Charter Schools - Victoria Soto,HS,True,False,False,False,"9,10,11,12",9-12,556,516,99,206,5,547,3,0,1,0,0.0,0,0.0,0.0,True,Unknown,Unknown,Unknown,Unknown,Unknown,"52, 52A",Orange,Unknown,,,72.3,67.2,71.4,78.9,Level 2+,NOT APPLICABLE,2020-21,Charter,True,False,False,True,2013-07-01T00:00:00.000,Unknown,41.801762,-87.711025,60632.0,Unknown,Unknown,2020.0,92.80575539568343,17.805755395683455,37.05035971223021,0.8992805755395683,98.38129496402878,0.539568345323741,0.0,1
609766,VAUGHN HS,Jacqueline B Vaughn Occupational High School,HS,True,False,False,False,"9,10,11,12",9-12,207,159,207,67,49,119,34,3,0,0,0.0,1,1.0,0.0,True,Unknown,Unknown,Unknown,Unknown,Unknown,Unknown,Unknown,Unknown,,,6.1,67.2,0.0,78.9,Inability to Rate,GOOD STANDING,2020-21,Network 14,False,False,False,False,2004-09-01T00:00:00.000,Unknown,41.960364,-87.764663,60641.0,Unknown,Unknown,2020.0,76.81159420289855,100.0,32.367149758454104,23.67149758454106,57.48792270531401,16.425120772946862,1.4492753623188406,1
400013,ASPIRA - EARLY COLLEGE HS,ASPIRA Charter School - Early College High School,HS,True,False,False,False,"9,10,11,12",9-12,312,270,85,131,9,298,4,1,0,0,0.0,0,0.0,0.0,True,Unknown,Unknown,Unknown,Unknown,Unknown,"53, 77, 56",Blue,Unknown,,,59.0,67.2,69.8,78.9,Level 2+,NOT APPLICABLE,2020-21,Charter,True,False,False,True,2004-09-01T00:00:00.000,Unknown,41.937298,-87.727096,60618.0,Unknown,Unknown,2020.0,86.53846153846155,27.24358974358974,41.98717948717949,2.8846153846153846,95.51282051282053,1.282051282051282,0.3205128205128205,1
400051,NOBLE - NOBLE HS,Noble - Noble College Prep,HS,True,False,False,False,"9,10,11,12",9-12,673,559,115,123,89,559,8,8,1,0,0.0,6,0.0,2.0,True,Unknown,Unknown,Unknown,Unknown,Unknown,"9, 56, 70",Blue,Unknown,,,86.5,67.2,91.4,78.9,Level 1+,NOT APPLICABLE,2020-21,Charter,True,False,False,True,2004-09-01T00:00:00.000,Unknown,41.900191,-87.662628,60642.0,Unknown,Unknown,2020.0,83.06092124814265,17.087667161961367,18.27637444279346,13.22436849925706,83.06092124814265,1.188707280832095,1.188707280832095,0
609692,SIMEON HS,Neal F Simeon Career Academy High School,HS,True,False,False,False,"9,10,11,12",9-12,1344,1140,181,8,1320,13,0,1,1,0,0.0,9,0.0,0.0,True,Unknown,Unknown,True,Unknown,Unknown,"24, 79",Red,Unknown,,,61.8,67.2,90.2,78.9,Level 2,PROVISIONAL SUPPORT,2020-21,Network 17,True,False,False,True,2004-09-01T00:00:00.000,Unknown,41.745781,-87.63541,60620.0,Unknown,Unknown,2020.0,84.82142857142857,13.467261904761903,0.5952380952380952,98.21428571428572,0.9672619047619048,0.0,0.0744047619047619,0
610543,SOLORIO HS,Eric Solorio Academy High School,HS,True,False,False,False,"9,10,11,12",9-12,1253,1128,150,253,24,1208,12,2,5,0,0.0,2,0.0,0.0,True,Unknown,Unknown,True,Unknown,Unknown,"52, 52A, 55",Orange,Unknown,,,73.5,67.2,90.2,78.9,Level 1,GOOD STANDING,2020-21,AUSL,True,False,False,True,2010-07-01T00:00:00.000,Unknown,41.795201,-87.711059,60632.0,Unknown,Unknown,2020.0,90.02394253790902,11.971268954509178,20.191540303272145,1.9154030327214684,96.40861931364724,0.9577015163607342,0.1596169193934557,0
609728,ROOSEVELT HS,Theodore Roosevelt High School,HS,True,False,False,False,"9,10,11,12",9-12,1004,845,217,431,121,739,49,76,7,0,0.0,5,7.0,0.0,True,Unknown,Unknown,Unknown,Unknown,Unknown,"78, 81, 82",Brown,Unknown,,,67.3,67.2,68.8,78.9,Level 2+,GOOD STANDING,2020-21,Network 14,True,False,True,True,2004-09-01T00:00:00.000,Unknown,41.964828,-87.714819,60625.0,Unknown,Unknown,2020.0,84.16334661354583,21.61354581673307,42.92828685258964,12.05179282868526,73.60557768924303,4.8804780876494025,7.569721115537849,1
609738,LINCOLN PARK HS,Lincoln Park High School,HS,True,False,False,False,"9,10,11,12",9-12,2063,930,192,58,430,649,669,203,7,0,0.0,92,3.0,10.0,False,Unknown,Unknown,Unknown,Unknown,Unknown,"8, 11, 73, 74, 37","Blue, Brown, Purple, Red",Unknown,,,87.4,67.2,89.3,78.9,Level 1,GOOD STANDING,2020-21,Network 14,True,False,False,True,2004-09-01T00:00:00.000,Unknown,41.918268,-87.646009,60614.0,Unknown,Unknown,2020.0,45.07998061076103,9.30683470673776,2.8114396509936985,20.84343189529811,31.459040232670866,32.42850218128939,9.840038778477943,0
400118,NOBLE - DRW HS,Noble - DRW College Prep,HS,True,False,False,False,"9,10,11,12",9-12,318,255,90,1,301,14,1,1,0,0,0.0,0,0.0,1.0,True,Unknown,Unknown,Unknown,Unknown,Unknown,82,Blue,Unknown,,,80.6,67.2,67.2,78.9,Level 2,NOT APPLICABLE,2020-21,Charter,True,False,False,True,2012-07-01T00:00:00.000,Unknown,41.869328,-87.711654,60624.0,Unknown,Unknown,2020.0,80.18867924528303,28.30188679245283,0.3144654088050315,94.65408805031448,4.40251572327044,0.3144654088050315,0.3144654088050315,1
610524,ALCOTT HS,Louisa May Alcott College Preparatory HS,HS,True,False,False,False,"9,10,11,12",9-12,356,263,115,47,68,226,47,6,3,0,0.0,5,1.0,0.0,True,Unknown,Unknown,Unknown,Unknown,Unknown,"49, 50, 76, 77","Blue, Red",Unknown,,,76.2,67.2,92.1,78.9,Level 1,GOOD STANDING,2020-21,Network 15,True,False,False,True,2009-07-01T00:00:00.000,Unknown,41.935795,-87.680562,60618.0,Unknown,Unknown,2020.0,73.87640449438202,32.30337078651686,13.202247191011235,19.101123595505616,63.48314606741573,13.202247191011235,1.6853932584269662,0
609722,MANLEY HS,Manley Career Academy High School,HS,True,False,False,False,"9,10,11,12",9-12,65,52,27,0,62,3,0,0,0,0,0.0,0,0.0,0.0,True,Unknown,Unknown,Unknown,Unknown,Unknown,"7, 12, 94",Blue,Unknown,,,55.2,67.2,43.9,78.9,Level 2,INTENSIVE SUPPORT,2020-21,Network 15,True,False,False,True,2004-09-01T00:00:00.000,Unknown,41.870939,-87.699896,60612.0,Unknown,Unknown,2020.0,80.0,41.53846153846154,0.0,95.3846153846154,4.615384615384616,0.0,0.0,1
609737,VON STEUBEN HS,Friedrich W von Steuben Metropolitan Science HS,HS,True,False,False,False,"9,10,11,12",9-12,1671,1136,94,107,171,902,282,263,10,0,0.0,30,13.0,0.0,True,Unknown,Unknown,Unknown,Unknown,Unknown,"81, 82, 92, 93",Brown,Unknown,,,82.9,67.2,91.5,78.9,Level 1+,GOOD STANDING,2020-21,Network 14,True,False,False,True,2004-09-01T00:00:00.000,Unknown,41.973185,-87.713386,60625.0,Unknown,Unknown,2020.0,67.98324356672651,5.6253740275284265,6.403351286654697,10.23339317773788,53.97965290245362,16.87612208258528,15.739078396169958,0
609730,SENN HS,Nicholas Senn High School,HS,True,False,False,False,"9,10,11,12",9-12,1522,1088,184,278,396,615,245,223,8,0,0.0,30,3.0,2.0,True,Unknown,Unknown,Unknown,Unknown,Unknown,"22, 36, 84",Red,Unknown,,,80.1,67.2,82.1,78.9,Level 1,GOOD STANDING,2020-21,Network 14,True,False,False,True,2004-09-01T00:00:00.000,Unknown,41.989029,-87.667136,60660.0,Unknown,Unknown,2020.0,71.48488830486203,12.089356110381075,18.265440210249672,26.018396846254927,40.40735873850197,16.09724047306176,14.651773981603151,0
609694,HANCOCK HS,John Hancock College Preparatory High School,HS,True,False,False,False,"9,10,11,12",9-12,1018,779,36,21,17,935,47,13,3,0,0.0,2,1.0,0.0,True,Unknown,Unknown,Unknown,Unknown,Unknown,"53A, 55, 59",Orange,Unknown,,,77.2,67.2,87.2,78.9,Level 1+,GOOD STANDING,2020-21,Network 15,True,False,False,True,2004-09-01T00:00:00.000,Unknown,41.791464,-87.72447,60638.0,Unknown,Unknown,2020.0,76.52259332023576,3.536345776031434,2.06286836935167,1.6699410609037328,91.84675834970533,4.616895874263261,1.2770137524557956,0
400097,NOBLE - BULLS HS,Noble - Chicago Bulls College Prep,HS,True,False,False,False,"9,10,11,12",9-12,1169,1033,225,155,422,729,6,3,4,0,0.0,5,0.0,0.0,True,Unknown,Unknown,Unknown,Unknown,Unknown,"20, 50, 126",Blue,Unknown,,,89.8,67.2,87.3,78.9,Level 1+,NOT APPLICABLE,2020-21,Charter,True,False,False,True,2009-07-01T00:00:00.000,Unknown,41.878809,-87.678195,60612.0,Unknown,Unknown,2020.0,88.366124893071,19.24721984602224,13.259195893926432,36.09923011120616,62.36099230111206,0.5132591958939264,0.2566295979469632,0
609709,GAGE PARK HS,Gage Park High School,HS,True,False,False,False,"9,10,11,12",9-12,304,265,71,97,91,205,3,0,0,0,0.0,2,3.0,0.0,True,Unknown,Unknown,Unknown,Unknown,Unknown,"49, 55, 94",Green,Unknown,,,42.9,67.2,72.2,78.9,Level 2,INTENSIVE SUPPORT,2020-21,Network 16,True,False,False,True,2004-09-01T00:00:00.000,Unknown,41.791013,-87.688954,60629.0,Unknown,Unknown,2020.0,87.17105263157895,23.355263157894736,31.907894736842103,29.93421052631579,67.43421052631578,0.986842105263158,0.0,1
400054,NOBLE - PRITZKER HS,Noble - Pritzker College Prep,HS,True,False,False,False,"9,10,11,12",9-12,968,892,124,224,38,911,13,5,0,0,0.0,1,0.0,0.0,True,Unknown,Unknown,Unknown,Unknown,Unknown,"53, 72, 73","Blue, Brown",Unknown,,,86.8,67.2,89.1,78.9,Level 1+,NOT APPLICABLE,2020-21,Charter,True,False,False,True,2004-09-01T00:00:00.000,Unknown,41.915214,-87.730127,60639.0,Unknown,Unknown,2020.0,92.14876033057853,12.8099173553719,23.1404958677686,3.925619834710744,94.11157024793388,1.3429752066115703,0.5165289256198348,0
610334,RABY HS,Al Raby High School,HS,True,False,False,False,"9,10,11,12",9-12,199,191,79,7,182,13,1,0,2,0,0.0,1,0.0,0.0,True,Unknown,Unknown,Unknown,Unknown,Unknown,82,Green,Union Pacific West (UP-W),,,45.5,67.2,73.0,78.9,Level 2,INTENSIVE SUPPORT,2020-21,Network 15,True,False,False,True,2004-09-01T00:00:00.000,Unknown,41.88621,-87.715423,60624.0,Unknown,Unknown,2020.0,95.97989949748744,39.69849246231156,3.5175879396984926,91.4572864321608,6.532663316582915,0.5025125628140703,0.0,1
609719,LAKE VIEW HS,Lake View High School,HS,True,False,False,False,"9,10,11,12",9-12,1431,1105,238,193,187,1029,133,46,7,0,0.0,26,3.0,0.0,True,Unknown,Unknown,Unknown,Unknown,Unknown,"9, 80, X9","Blue, Brown, Green, Orange, Pink, Purple, Red",Unknown,,,76.2,67.2,86.9,78.9,Level 2+,GOOD STANDING,2020-21,Network 14,True,False,False,True,2004-09-01T00:00:00.000,Unknown,41.954764,-87.668953,60613.0,Unknown,Unknown,2020.0,77.21872816212438,16.63172606568833,13.487071977638015,13.067784765897974,71.9077568134172,9.294199860237596,3.2145352900069883,0
609727,PHILLIPS HS,Wendell Phillips Academy High School,HS,True,False,False,False,"9,10,11,12",9-12,556,482,117,1,547,6,1,0,0,0,0.0,0,0.0,2.0,True,Unknown,Unknown,Unknown,Unknown,Unknown,"1, 3, 39","Green, Red",Unknown,,,66.7,67.2,63.9,78.9,Level 2,INTENSIVE SUPPORT,2020-21,AUSL,True,False,False,True,2004-09-01T00:00:00.000,Unknown,41.82388,-87.619796,60653.0,Unknown,Unknown,2020.0,86.6906474820144,21.043165467625897,0.1798561151079137,98.38129496402878,1.079136690647482,0.1798561151079137,0.0,1
610304,PHOENIX MILITARY HS,Phoenix Military Academy High School,HS,True,False,False,False,"9,10,11,12",9-12,540,479,44,65,77,425,16,14,2,0,0.0,4,2.0,0.0,True,Unknown,Unknown,Unknown,Unknown,Unknown,"20, 49, 126","Blue, Green",Unknown,,,70.4,67.2,95.8,78.9,Level 1+,GOOD STANDING,2020-21,ISP,True,False,False,True,2004-09-01T00:00:00.000,Unknown,41.879118,-87.68696,60612.0,Unknown,Unknown,2020.0,88.70370370370371,8.148148148148149,12.037037037037036,14.25925925925926,78.70370370370371,2.9629629629629632,2.592592592592593,0
610594,PATHWAYS - HUMBOLDT PARK HS,Pathways in Education - Humboldt Park HS,HS,True,False,False,False,"9,10,11,12",9-12,125,94,32,14,31,86,4,0,2,0,0.0,2,0.0,0.0,Unknown,Unknown,Unknown,Unknown,Unknown,Unknown,Unknown,Unknown,Unknown,,,59.75,67.2,81.1,78.9,Inability to Rate,GOOD STANDING,2020-21,Options,False,False,False,False,2019-08-01T00:00:00.000,Unknown,41.902841,-87.687946,60622.0,Unknown,Unknown,2020.0,75.2,25.6,11.2,24.8,68.8,3.2,0.0,1
400117,NOBLE - HANSBERRY HS,Noble - Hansberry College Prep,HS,True,False,False,False,"9,10,11,12",9-12,490,405,104,9,478,10,1,0,0,0,0.0,1,0.0,0.0,True,Unknown,Unknown,Unknown,Unknown,Unknown,"87, 24, 4",Red,Rock Island District (RI),,,80.3,67.2,86.9,78.9,Level 2+,NOT APPLICABLE,2020-21,Charter,True,False,False,True,2012-07-01T00:00:00.000,Unknown,41.734442,-87.650987,60620.0,Unknown,Unknown,2020.0,82.6530612244898,21.22448979591837,1.8367346938775515,97.55102040816328,2.0408163265306123,0.2040816326530612,0.0,0
400057,NOBLE - UIC HS,Noble - UIC College Prep,HS,True,False,False,False,"9,10,11,12",9-12,910,771,151,97,285,573,9,37,1,0,0.0,4,1.0,0.0,True,Unknown,Unknown,Unknown,Unknown,Unknown,"50, 12","Blue, Pink",Unknown,,,91.9,67.2,91.1,78.9,Level 1+,NOT APPLICABLE,2020-21,Charter,True,False,False,True,2008-07-01T00:00:00.000,Unknown,41.865817,-87.676111,60608.0,Unknown,Unknown,2020.0,84.72527472527473,16.59340659340659,10.65934065934066,31.31868131868132,62.96703296703296,0.9890109890109888,4.065934065934066,0
609739,WASHINGTON HS,George Washington High School,HS,True,False,False,False,"9,10,11,12",9-12,1541,1308,277,277,87,1371,60,1,11,0,0.0,9,2.0,0.0,True,Unknown,Unknown,Unknown,Unknown,Unknown,30,Unknown,Unknown,,,62.0,67.2,80.9,78.9,Level 2+,GOOD STANDING,2020-21,Network 17,True,False,False,True,2004-09-01T00:00:00.000,Unknown,41.688137,-87.53757,60617.0,Unknown,Unknown,2020.0,84.87994808565867,17.975340687865025,17.975340687865025,5.645684620376379,88.96820246593121,3.893575600259572,0.0648929266709928,0
610573,SAFE ACHIEVE HS,Safe Achieve Academy HS,HS,True,False,False,False,"9,10,11,12",9-12,4,3,2,0,4,0,0,0,0,0,0.0,0,0.0,0.0,Unknown,Unknown,Unknown,Unknown,Unknown,Unknown,Unknown,Unknown,Unknown,,,59.75,67.2,81.1,78.9,Level 1+,NOT APPLICABLE,2020-21,Options,False,False,False,False,2013-07-01T00:00:00.000,Unknown,41.753115,-87.551804,60649.0,Unknown,Unknown,2020.0,75.0,50.0,0.0,100.0,0.0,0.0,0.0,1
400179,NOBLE - MANSUETO HS,Noble Mansueto High School,HS,True,False,False,False,"9,10,11,12",9-12,1068,939,181,301,15,1043,3,7,0,0,0.0,0,0.0,0.0,True,Unknown,Unknown,Unknown,Unknown,Unknown,"47, 52, 53A, 62, 94",Orange,Unknown,,,59.75,67.2,81.1,78.9,Level 1+,NOT APPLICABLE,2020-21,Charter,True,False,False,True,2016-07-01T00:00:00.000,Unknown,41.800136,-87.728003,60632.0,Unknown,Unknown,2020.0,87.92134831460675,16.94756554307116,28.18352059925094,1.4044943820224718,97.65917602996257,0.2808988764044944,0.6554307116104869,1
610561,CRANE MEDICAL HS,Richard T Crane Medical Preparatory HS,HS,True,False,False,False,"9,10,11,12",9-12,405,355,34,4,338,60,3,0,0,0,0.0,1,0.0,3.0,True,Unknown,Unknown,Unknown,Unknown,Unknown,"9, 49, 50, 126",Blue,Unknown,,,76.0,67.2,89.4,78.9,Level 2+,GOOD STANDING,2020-21,Network 15,True,False,False,True,2013-07-01T00:00:00.000,Unknown,41.876947,-87.683301,60612.0,Unknown,Unknown,2020.0,87.65432098765432,8.395061728395062,0.9876543209876544,83.4567901234568,14.814814814814811,0.7407407407407408,0.0,0
610245,DOUGLASS HS,Frederick A Douglass Academy High School,HS,True,False,False,False,"9,10,11,12",9-12,43,36,20,0,40,3,0,0,0,0,0.0,0,0.0,0.0,True,Unknown,Unknown,Unknown,Unknown,Unknown,"66, 85",Green,Unknown,,,28.1,67.2,64.0,78.9,Level 2,INTENSIVE SUPPORT,2020-21,Network 15,True,False,False,True,2004-09-01T00:00:00.000,Unknown,41.890369,-87.767668,60644.0,Unknown,Unknown,2020.0,83.72093023255815,46.51162790697674,0.0,93.02325581395348,6.976744186046512,0.0,0.0,1
610383,SOCIAL JUSTICE HS,Greater Lawndale High School For Social Justice,HS,True,False,False,False,"9,10,11,12",9-12,305,275,50,106,35,268,2,0,0,0,0.0,0,0.0,0.0,True,Unknown,Unknown,Unknown,Unknown,Unknown,"53, 53A, 54B",Unknown,Unknown,,,56.9,67.2,86.5,78.9,Level 2+,GOOD STANDING,2020-21,Network 15,True,False,False,True,2004-09-01T00:00:00.000,Unknown,41.833507,-87.735299,60623.0,Unknown,Unknown,2020.0,90.1639344262295,16.39344262295082,34.75409836065574,11.475409836065571,87.8688524590164,0.6557377049180327,0.0,1
609724,MATHER HS,Stephen T Mather High School,HS,True,False,False,False,"9,10,11,12",9-12,1711,1397,278,497,274,799,224,373,13,0,0.0,24,4.0,0.0,True,Unknown,Unknown,Unknown,Unknown,Unknown,"11, 84, 93","Brown, Red",Unknown,,,74.3,67.2,79.1,78.9,Level 1,GOOD STANDING,2020-21,Network 14,True,False,False,True,2004-09-01T00:00:00.000,Unknown,41.987589,-87.702496,60659.0,Unknown,Unknown,2020.0,81.64815897136177,16.24780829924021,29.047340736411453,16.014026884862652,46.69783752191701,13.091759205143193,21.800116890707187,1
609769,GRAHAM HS,Ray Graham Training Center High School,HS,True,False,False,False,"9,10,11,12",9-12,210,185,210,77,82,106,10,8,2,0,0.0,2,0.0,0.0,True,Unknown,Unknown,Unknown,Unknown,Unknown,Unknown,"Green, Red",Unknown,,,10.7,67.2,81.1,78.9,Inability to Rate,GOOD STANDING,2020-21,Network 14,False,False,False,False,2004-09-01T00:00:00.000,Unknown,41.849675,-87.625315,60616.0,Unknown,Unknown,2020.0,88.09523809523809,100.0,36.66666666666666,39.04761904761905,50.47619047619048,4.761904761904762,3.8095238095238098,1
610390,RICKOVER MILITARY HS,Hyman G Rickover Naval Academy High School,HS,True,False,False,False,"9,10,11,12",9-12,442,319,76,63,18,341,64,13,1,0,0.0,5,0.0,0.0,True,Unknown,Unknown,Unknown,Unknown,Unknown,"91, 78, 85, 80",Blue,Union Pacific Northwest (UP-NW),,,68.3,67.2,88.7,78.9,Level 1,GOOD STANDING,2020-21,ISP,True,False,False,True,2004-09-01T00:00:00.000,Unknown,41.957599,-87.769938,60634.0,Unknown,Unknown,2020.0,72.17194570135746,17.194570135746606,14.25339366515837,4.072398190045249,77.14932126696833,14.479638009049776,2.941176470588235,0
400134,YCCS - ADDAMS,YCCS-Jane Addams Alternative HS,HS,True,False,False,False,"9,10,11,12",9-12,158,120,13,12,42,105,5,5,1,0,0.0,0,0.0,0.0,True,Unknown,Unknown,Unknown,Unknown,Unknown,"18, 8, 21",Orange,Unknown,,,24.8,67.2,81.1,78.9,Level 1+,NOT APPLICABLE,2020-21,Options,False,False,False,False,2012-07-01T00:00:00.000,Unknown,41.857208,-87.644888,60616.0,Unknown,Unknown,2020.0,75.9493670886076,8.227848101265822,7.59493670886076,26.58227848101265,66.45569620253164,3.1645569620253164,3.1645569620253164,1
400176,EXCEL SOUTHWEST HS,Excel Academy Southwest,HS,True,True,False,False,"8,9,10,11,12",8-12,150,111,24,11,102,42,3,0,1,0,0.0,1,0.0,1.0,True,Unknown,Unknown,Unknown,Unknown,Unknown,"67, 94",Unknown,Unknown,,,25.0,67.2,0.0,78.9,Level 2+,GOOD STANDING,2020-21,Options,False,False,False,False,2014-07-01T00:00:00.000,Unknown,41.765929,-87.69073,60629.0,Unknown,Unknown,2020.0,74.0,16.0,7.333333333333333,68.0,28.000000000000004,2.0,0.0,1
400055,NOBLE - RAUNER HS,Noble - Rauner College Prep,HS,True,False,False,False,"9,10,11,12",9-12,648,484,104,104,134,486,21,0,3,0,0.0,3,0.0,1.0,True,Unknown,Unknown,Unknown,Unknown,Unknown,"9, 65, 66",Blue,Unknown,,,80.6,67.2,90.3,78.9,Level 1+,NOT APPLICABLE,2020-21,Charter,True,False,False,True,2004-09-01T00:00:00.000,Unknown,41.892425,-87.660859,60642.0,Unknown,Unknown,2020.0,74.69135802469135,16.049382716049383,16.049382716049383,20.679012345679013,75.0,3.2407407407407405,0.0,0
400150,YCCS - CHATHAM,YCCS-Chatham AcademyHS,HS,True,False,False,False,"9,10,11,12",9-12,145,114,30,0,140,3,0,0,0,0,0.0,1,0.0,1.0,True,Unknown,Unknown,Unknown,Unknown,Unknown,"4, 87, 95, 79",Red,Unknown,,,23.1,67.2,81.1,78.9,Level 1,NOT APPLICABLE,2020-21,Options,False,False,False,False,2012-07-01T00:00:00.000,Unknown,41.730131,-87.60698,60619.0,Unknown,Unknown,2020.0,78.62068965517241,20.689655172413797,0.0,96.55172413793105,2.0689655172413794,0.0,0.0,1
400085,ACERO - GARCIA HS,Acero Charter Schools - Major Hector P. Garcia MD,HS,True,False,False,False,"9,10,11,12",9-12,652,575,136,227,9,631,11,0,1,0,0.0,0,0.0,0.0,True,Unknown,Unknown,Unknown,Unknown,Unknown,"47, 53A",Orange,Unknown,,,64.2,67.2,87.3,78.9,Level 1,NOT APPLICABLE,2020-21,Charter,True,False,False,True,2008-07-01T00:00:00.000,Unknown,41.809171,-87.730467,60632.0,Unknown,Unknown,2020.0,88.19018404907976,20.858895705521476,34.8159509202454,1.3803680981595092,96.77914110429448,1.687116564417178,0.0,0
609682,RICHARDS HS,Ellen H Richards Career Academy High School,HS,True,False,False,False,"9,10,11,12",9-12,244,221,56,76,102,130,1,0,1,0,0.0,0,0.0,10.0,True,Unknown,Unknown,Unknown,Unknown,Unknown,"9, 51, 47","Green, Red",Unknown,,,37.8,67.2,64.3,78.9,Level 2,INTENSIVE SUPPORT,2020-21,Network 16,True,False,False,True,2004-09-01T00:00:00.000,Unknown,41.802881,-87.662278,60609.0,Unknown,Unknown,2020.0,90.57377049180327,22.950819672131143,31.14754098360656,41.80327868852459,53.278688524590166,0.4098360655737705,0.0,1
400052,NOBLE - COMER,Noble - Gary Comer College Prep,HS,True,True,True,False,"6,7,8,9,10,11,12",6-12,1083,910,184,14,1043,20,1,1,2,0,0.0,13,1.0,2.0,True,Unknown,Unknown,Unknown,Unknown,Unknown,"4, 30, 71",Unknown,Unknown,,,86.4,67.2,85.0,78.9,Level 1,NOT APPLICABLE,2020-21,Charter,True,False,False,True,2008-07-01T00:00:00.000,Unknown,41.764083,-87.601974,60619.0,Unknown,Unknown,2020.0,84.0258541089566,16.98984302862419,1.2927054478301014,96.30655586334257,1.8467220683287169,0.0923361034164358,0.0923361034164358,0
609732,STEINMETZ HS,Charles P Steinmetz College Preparatory HS,HS,True,False,False,False,"9,10,11,12",9-12,1150,951,231,305,205,849,54,22,4,0,0.0,9,4.0,3.0,True,Unknown,Unknown,Unknown,Unknown,Unknown,"76, 77, 86",Unknown,Unknown,,,63.2,67.2,74.4,78.9,Level 2,PROVISIONAL SUPPORT,2020-21,Network 14,True,False,False,True,2004-09-01T00:00:00.000,Unknown,41.935634,-87.783515,60634.0,Unknown,Unknown,2020.0,82.69565217391305,20.08695652173913,26.521739130434785,17.82608695652174,73.82608695652173,4.695652173913043,1.9130434782608692,1
609749,NORTHSIDE PREP HS,Northside College Preparatory High School,HS,True,False,False,False,"9,10,11,12",9-12,1040,379,68,11,61,294,334,209,4,0,5.0,36,7.0,90.0,False,Unknown,Unknown,True,Unknown,Unknown,"82, 92",Unknown,Unknown,,,93.7,67.2,98.8,78.9,Level 1+,GOOD STANDING,2020-21,Network 14,True,False,False,True,2004-09-01T00:00:00.000,Unknown,41.981315,-87.708708,60625.0,Unknown,Unknown,2020.0,36.44230769230769,6.538461538461539,1.0576923076923077,5.865384615384615,28.26923076923077,32.11538461538462,20.096153846153847,0
609753,CHICAGO AGRICULTURE HS,Chicago High School for Agricultural Sciences,HS,True,False,False,False,"9,10,11,12",9-12,810,421,175,19,411,160,226,3,0,0,0.0,8,2.0,0.0,False,Unknown,Unknown,True,Unknown,Unknown,"52A, 53A, 112",Unknown,Unknown,,,81.3,67.2,85.1,78.9,Level 1,GOOD STANDING,2020-21,ISP,True,False,False,True,2004-09-01T00:00:00.000,Unknown,41.691221,-87.71777,60655.0,Unknown,Unknown,2020.0,51.9753086419753,21.604938271604937,2.345679012345679,50.74074074074074,19.753086419753085,27.901234567901238,0.3703703703703704,0
609741,HUBBARD HS,Gurdon S Hubbard High School,HS,True,False,False,False,"9,10,11,12",9-12,1818,1614,265,419,100,1689,20,1,4,0,0.0,4,0.0,0.0,True,Unknown,Unknown,Unknown,Unknown,Unknown,"53A, 63, 59",Orange,Unknown,,,68.5,67.2,83.1,78.9,Level 2+,GOOD STANDING,2020-21,Network 16,True,False,False,True,2004-09-01T00:00:00.000,Unknown,41.780526,-87.718014,60629.0,Unknown,Unknown,2020.0,88.77887788778878,14.576457645764576,23.047304730473048,5.500550055005501,92.9042904290429,1.1001100110011002,0.055005500550055,0
400141,YCCS - TRUMAN,YCCS-Truman Middle College HS,HS,True,False,False,False,"9,10,11,12",9-12,202,161,33,30,61,116,7,11,1,0,0.0,5,1.0,0.0,Unknown,Unknown,Unknown,Unknown,Unknown,Unknown,81,"Purple, Red",Unknown,,,47.9,67.2,81.1,78.9,Level 1,NOT APPLICABLE,2020-21,Options,False,False,False,False,2012-07-01T00:00:00.000,Unknown,41.965295,-87.659239,60640.0,Unknown,Unknown,2020.0,79.70297029702971,16.33663366336634,14.85148514851485,30.1980198019802,57.42574257425742,3.4653465346534658,5.445544554455446,1
400170,NOBLE - ACADEMY HS,Noble - The Noble Academy,HS,True,False,False,False,"9,10,11,12",9-12,568,403,87,83,229,293,8,27,1,0,0.0,7,0.0,3.0,True,Unknown,Unknown,Unknown,Unknown,Unknown,"8, 64, 70, 156, 37","Brown, Purple, Red",Unknown,,,91.5,67.2,81.1,78.9,Level 1+,NOT APPLICABLE,2020-21,Charter,True,False,False,True,2014-07-01T00:00:00.000,Unknown,41.906879,-87.645577,60610.0,Unknown,Unknown,2020.0,70.95070422535211,15.316901408450704,14.612676056338028,40.316901408450704,51.58450704225353,1.4084507042253522,4.753521126760563,0
610244,CLARK HS,Michele Clark Academic Prep Magnet High School,HS,True,False,False,False,"9,10,11,12",9-12,512,483,110,6,503,8,0,0,0,0,0.0,1,0.0,0.0,True,Unknown,Unknown,Unknown,Unknown,Unknown,"7, 57, 126","Blue, Green",Unknown,,,51.5,67.2,83.7,78.9,Level 2,PROVISIONAL SUPPORT,2020-21,ISP,True,False,False,True,2004-09-01T00:00:00.000,Unknown,41.872885,-87.753325,60644.0,Unknown,Unknown,2020.0,94.3359375,21.484375,1.171875,98.2421875,1.5625,0.0,0.0,1
400147,CHICAGO EXCEL HS,Chicago Excel Academy HS,HS,True,False,False,False,"9,10,11,12",9-12,287,235,37,0,280,3,1,0,0,0,0.0,1,0.0,2.0,True,Unknown,Unknown,Unknown,Unknown,Unknown,111,Unknown,Unknown,,,31.3,67.2,28.9,78.9,Level 2+,GOOD STANDING,2020-21,Options,False,False,False,False,2012-07-01T00:00:00.000,Unknown,41.691953,-87.654248,60643.0,Unknown,Unknown,2020.0,81.8815331010453,12.89198606271777,0.0,97.5609756097561,1.0452961672473868,0.3484320557491289,0.0,1
400077,U OF C - WOODLAWN HS,University of Chicago - Woodlawn,HS,True,True,True,False,"6,7,8,9,10,11,12",6-12,627,507,89,2,623,3,0,0,0,0,0.0,0,0.0,1.0,True,Unknown,Unknown,Unknown,Unknown,Unknown,"63, 6",Green,Metra Electric District (ME),,,74.4,67.2,79.1,78.9,Level 2+,NOT APPLICABLE,2020-21,Charter,True,False,False,True,2004-09-01T00:00:00.000,Unknown,41.77813,-87.598114,60637.0,Unknown,Unknown,2020.0,80.86124401913875,14.19457735247209,0.3189792663476874,99.36204146730464,0.4784688995215311,0.0,0.0,1
609744,NORTHSIDE LEARNING HS,Northside Learning Center High School,HS,True,False,False,False,"9,10,11,12",9-12,257,193,256,100,44,138,51,17,1,0,0.0,4,1.0,1.0,True,Unknown,Unknown,Unknown,Unknown,Unknown,Unknown,Unknown,Unknown,,,0.0,67.2,0.0,78.9,Inability to Rate,GOOD STANDING,2020-21,Network 14,False,False,False,False,2004-09-01T00:00:00.000,Unknown,41.982973,-87.722386,60659.0,Unknown,Unknown,2020.0,75.09727626459144,99.61089494163424,38.91050583657588,17.120622568093385,53.69649805447471,19.844357976653697,6.614785992217899,1
609759,CLEMENTE HS,Roberto Clemente Community Academy High School,HS,True,False,False,False,"9,10,11,12",9-12,669,585,203,111,212,427,19,3,4,0,0.0,2,2.0,0.0,True,Unknown,Unknown,Unknown,Unknown,Unknown,"49, 70","Blue, Red",Unknown,,,50.0,67.2,83.3,78.9,Level 2,INTENSIVE SUPPORT,2020-21,Network 15,True,False,False,True,2004-09-01T00:00:00.000,Unknown,41.902626,-87.686906,60622.0,Unknown,Unknown,2020.0,87.4439461883408,30.34379671150972,16.591928251121075,31.689088191330345,63.82660687593423,2.8400597907324365,0.4484304932735426,1
609698,BOGAN HS,William J Bogan High School,HS,True,False,False,False,"9,10,11,12",9-12,757,625,184,101,467,278,8,0,0,0,0.0,2,0.0,2.0,True,Unknown,Unknown,Unknown,Unknown,Unknown,"53A, 79, 169",Unknown,Unknown,,,53.5,67.2,78.2,78.9,Level 2,INTENSIVE SUPPORT,2020-21,Network 16,True,False,False,True,2004-09-01T00:00:00.000,Unknown,41.749376,-87.721097,60652.0,Unknown,Unknown,2020.0,82.56274768824306,24.30647291941876,13.34214002642008,61.69088507265522,36.72391017173052,1.056803170409511,0.0,1
609691,NORTH-GRAND HS,North-Grand High School,HS,True,False,False,False,"9,10,11,12",9-12,1083,966,200,281,219,842,12,2,4,0,0.0,1,1.0,2.0,True,Unknown,Unknown,True,Unknown,Unknown,"65, 72",Unknown,Unknown,,,67.9,67.2,80.4,78.9,Level 2+,GOOD STANDING,2020-21,Network 15,True,False,False,True,2004-09-01T00:00:00.000,Unknown,41.911674,-87.735238,60639.0,Unknown,Unknown,2020.0,89.19667590027701,18.467220683287167,25.94644506001847,20.221606648199447,77.74699907663897,1.10803324099723,0.1846722068328716,0
609764,JUAREZ HS,Benito Juarez Community Academy High School,HS,True,False,False,False,"9,10,11,12",9-12,1696,1545,275,454,38,1595,24,14,10,0,0.0,5,0.0,10.0,True,Unknown,Unknown,Unknown,Unknown,Unknown,"9, 21, 60","Blue, Pink, Red",Unknown,,,62.8,67.2,82.0,78.9,Level 2+,GOOD STANDING,2020-21,Network 15,True,False,False,True,2004-09-01T00:00:00.000,Unknown,41.852667,-87.663732,60608.0,Unknown,Unknown,2020.0,91.09669811320757,16.214622641509436,26.7688679245283,2.240566037735849,94.04481132075472,1.4150943396226416,0.8254716981132075,0
610357,SPRY HS,Spry Community Links High School,HS,True,False,False,False,"9,10,11,12",9-12,89,85,27,38,1,87,0,0,1,0,0.0,0,0.0,0.0,True,Unknown,Unknown,Unknown,Unknown,Unknown,"21, 94",Unknown,Unknown,,,57.1,67.2,75.0,78.9,Level 2,PROVISIONAL SUPPORT,2020-21,Network 16,True,False,False,True,2004-09-01T00:00:00.000,Unknown,41.847762,-87.698946,60623.0,Unknown,Unknown,2020.0,95.50561797752808,30.337078651685395,42.69662921348314,1.1235955056179776,97.75280898876404,0.0,0.0,1
610402,DEVRY HS,DeVry University Advantage Academy HS,HS,True,False,False,False,"11,12",11-12,162,105,3,5,44,90,18,6,0,0,0.0,3,1.0,0.0,True,Unknown,Unknown,Unknown,Unknown,Unknown,"49, 77, 52",Unknown,Unknown,,,81.1,67.2,81.1,78.9,Level 1+,GOOD STANDING,2020-21,Network 14,False,False,False,False,2004-09-01T00:00:00.000,Unknown,41.941388,-87.690761,60640.0,Unknown,Unknown,2020.0,64.81481481481481,1.851851851851852,3.08641975308642,27.160493827160494,55.55555555555556,11.11111111111111,3.7037037037037033,0
610340,CHICAGO ACADEMY HS,Chicago Academy High School,HS,True,False,False,False,"9,10,11,12",9-12,562,453,102,87,22,423,91,17,2,0,0.0,5,1.0,1.0,True,Unknown,Unknown,Unknown,Unknown,Unknown,"85, 91, 152",Unknown,Unknown,,,78.1,67.2,85.1,78.9,Level 1,GOOD STANDING,2020-21,AUSL,True,False,False,True,2004-09-01T00:00:00.000,Unknown,41.943054,-87.776847,60634.0,Unknown,Unknown,2020.0,80.6049822064057,18.14946619217082,15.480427046263346,3.9145907473309607,75.26690391459074,16.19217081850534,3.0249110320284696,0
610385,MULTICULTURAL ARTS HIGH SCHOOL,Multicultural Arts High School,HS,True,False,False,False,"9,10,11,12",9-12,239,215,58,76,51,185,2,0,1,0,0.0,0,0.0,0.0,True,Unknown,Unknown,Unknown,Unknown,Unknown,"53, 53A, 54B, 82",Unknown,Unknown,,,61.4,67.2,79.2,78.9,Level 2+,GOOD STANDING,2020-21,Network 15,True,False,False,True,2004-09-01T00:00:00.000,Unknown,41.835282,-87.735283,60623.0,Unknown,Unknown,2020.0,89.9581589958159,24.267782426778243,31.79916317991632,21.338912133891213,77.40585774058577,0.8368200836820083,0.0,1
610499,COLLINS HS,Collins Academy High School,HS,True,False,False,False,"9,10,11,12",9-12,249,241,66,1,233,13,2,0,1,0,0.0,0,0.0,0.0,True,Unknown,Unknown,Unknown,Unknown,Unknown,"12, 18, 52",Unknown,Unknown,,,70.4,67.2,59.5,78.9,Level 2,INTENSIVE SUPPORT,2020-21,AUSL,True,False,False,True,2007-07-01T00:00:00.000,Unknown,41.864149,-87.702042,60623.0,Unknown,Unknown,2020.0,96.78714859437753,26.506024096385545,0.4016064257028112,93.574297188755,5.220883534136546,0.8032128514056224,0.0,1
609745,SOUTHSIDE HS,Southside Occupational Academy High School,HS,True,False,False,False,"11,12",11-12,378,315,378,85,230,127,19,1,0,0,0.0,1,0.0,0.0,True,Unknown,Unknown,Unknown,Unknown,Unknown,Unknown,Unknown,Unknown,,,0.0,67.2,81.1,78.9,Inability to Rate,GOOD STANDING,2020-21,ISP,False,False,False,False,2004-09-01T00:00:00.000,Unknown,41.759852,-87.675947,60636.0,Unknown,Unknown,2020.0,83.33333333333334,100.0,22.486772486772484,60.84656084656085,33.5978835978836,5.026455026455026,0.2645502645502645,1
610569,OMBUDSMAN - NORTHWEST HS,Ombudsman Chicago- Northwest,HS,True,False,False,False,"9,10,11,12",9-12,203,157,37,42,18,112,39,27,2,0,0.0,5,0.0,0.0,True,Unknown,Unknown,Unknown,Unknown,Unknown,"290, 270",Blue,Unknown,,,28.8,67.2,11.4,78.9,Level 2,NOT APPLICABLE,2020-21,Options,False,False,False,False,2013-07-01T00:00:00.000,Unknown,42.017171,-87.806682,60631.0,Unknown,Unknown,2020.0,77.33990147783251,18.22660098522168,20.689655172413797,8.866995073891626,55.172413793103445,19.21182266009852,13.30049261083744,1
610593,OMBUDSMAN - ROSELAND HS,Ombudsman Chicago - Roseland HS,HS,True,False,False,False,"9,10,11,12",9-12,161,124,26,1,153,7,1,0,0,0,0.0,0,0.0,0.0,True,Unknown,Unknown,Unknown,Unknown,Unknown,"8A, 108",Unknown,Unknown,,,59.75,67.2,81.1,78.9,Inability to Rate,GOOD STANDING,2020-21,Options,False,False,False,False,2019-08-01T00:00:00.000,Unknown,41.695105,-87.642816,60628.0,Unknown,Unknown,2020.0,77.01863354037268,16.149068322981368,0.6211180124223602,95.03105590062113,4.3478260869565215,0.6211180124223602,0.0,1
400131,YCCS - CAMPOS,YCCS-Dr. Pedro Albizu Campos Puerto Rican HS,HS,True,False,False,False,"9,10,11,12",9-12,138,123,42,18,27,107,3,0,0,0,0.0,1,0.0,0.0,True,Unknown,Unknown,Unknown,Unknown,Unknown,"52, 70",Blue,Unknown,,,30.2,67.2,81.1,78.9,Level 1,NOT APPLICABLE,2020-21,Options,False,False,False,False,2012-07-01T00:00:00.000,Unknown,41.90285,-87.696006,60622.0,Unknown,Unknown,2020.0,89.13043478260869,30.434782608695656,13.043478260869565,19.565217391304348,77.53623188405797,2.1739130434782608,0.0,1
609716,KELVYN PARK HS,Kelvyn Park High School,HS,True,True,False,False,"7,8,9,10,11,12",7-12,489,414,125,190,39,428,14,1,2,0,0.0,3,2.0,0.0,True,Unknown,Unknown,Unknown,Unknown,Unknown,"74, 76",Blue,Milwaukee District North (MD-N),,,39.7,67.2,59.3,78.9,Level 2,INTENSIVE SUPPORT,2020-21,Network 14,True,False,True,True,2004-09-01T00:00:00.000,Unknown,41.927918,-87.735999,60639.0,Unknown,Unknown,2020.0,84.66257668711657,25.562372188139054,38.85480572597137,7.975460122699387,87.52556237218813,2.8629856850715747,0.2044989775051125,1
610529,OGDEN HS,Ogden International High School,HS,True,False,False,False,"9,10,11,12",9-12,563,404,52,18,273,196,62,11,1,0,0.0,12,1.0,7.0,True,Unknown,Unknown,Unknown,True,Unknown,"65, 66",Blue,Unknown,,,88.1,67.2,94.5,78.9,Level 1,GOOD STANDING,2020-21,Network 15,True,False,True,True,2009-07-01T00:00:00.000,Unknown,41.893548,-87.659405,60642.0,Unknown,Unknown,2020.0,71.75843694493783,9.236234458259323,3.197158081705151,48.49023090586146,34.81349911190053,11.012433392539965,1.953818827708704,0
400171,FOUNDATIONS,Foundations College Preparatory Charter School,HS,True,True,True,False,"6,7,8,9,10,11,12",6-12,0,0,0,0,0,0,0,0,0,0,0.0,0,0.0,0.0,True,Unknown,Unknown,Unknown,Unknown,Unknown,"111, 108, 8A",Red,Rock Island District (RI),,,59.75,67.2,81.1,78.9,Level 2,NOT APPLICABLE,2020-21,Charter,True,False,False,True,2014-07-01T00:00:00.000,2020-06-30T00:00:00.000,41.694671,-87.653535,60643.0,Unknown,Unknown,2020.0,0.0,0.0,0.0,0.0,0.0,0.0,0.0,1
610563,BACK OF THE YARDS HS,Back of the Yards IB HS,HS,True,False,False,False,"9,10,11,12",9-12,1053,941,97,234,22,996,9,19,7,0,0.0,0,0.0,0.0,True,Unknown,Unknown,Unknown,Unknown,Unknown,"47, 48, 49",Orange,Unknown,,,84.0,67.2,97.3,78.9,Level 1,GOOD STANDING,2020-21,ISP,True,False,False,True,2013-07-01T00:00:00.000,Unknown,41.808413,-87.677541,60609.0,Unknown,Unknown,2020.0,89.36372269705602,9.211775878442545,22.22222222222222,2.089268755935423,94.5868945868946,0.8547008547008548,1.804368471035137,0
609679,PROSSER HS,Charles Allen Prosser Career Academy High School,HS,True,False,False,False,"9,10,11,12",9-12,1112,998,145,117,281,800,23,2,4,0,0.0,1,1.0,0.0,True,Unknown,Unknown,Unknown,True,Unknown,"65, 74, 85",Unknown,Milwaukee District West (MD-W),,,76.5,67.2,90.6,78.9,Level 2+,GOOD STANDING,2020-21,Network 15,True,False,False,True,2004-09-01T00:00:00.000,Unknown,41.920059,-87.761048,60639.0,Unknown,Unknown,2020.0,89.74820143884892,13.03956834532374,10.521582733812949,25.26978417266187,71.94244604316546,2.068345323741007,0.1798561151079137,0
400127,YCCS - AUSTIN CAREER,YCCS-Austin Career Education Center HS,HS,True,False,False,False,"9,10,11,12",9-12,62,53,10,1,56,6,0,0,0,0,0.0,0,0.0,0.0,True,Unknown,Unknown,Unknown,Unknown,Unknown,"57, 66","Green, Red",Unknown,,,7.8,67.2,81.1,78.9,Level 1+,NOT APPLICABLE,2020-21,Options,False,False,False,False,2012-07-01T00:00:00.000,Unknown,41.894976,-87.760221,60651.0,Unknown,Unknown,2020.0,85.48387096774194,16.129032258064516,1.6129032258064515,90.32258064516128,9.67741935483871,0.0,0.0,1
400035,CHICAGO MATH & SCIENCE HS,Chicago Math and Science Academy Charter School,HS,True,True,True,False,"6,7,8,9,10,11,12",6-12,590,525,65,197,215,247,45,70,2,0,0.0,10,1.0,0.0,True,Unknown,Unknown,Unknown,Unknown,Unknown,22,Red,Union Pacific North (UP-N),,,70.2,67.2,86.2,78.9,Level 1,NOT APPLICABLE,2020-21,Charter,True,False,False,True,2004-09-01T00:00:00.000,Unknown,42.013031,-87.674818,60626.0,Unknown,Unknown,2020.0,88.98305084745762,11.016949152542372,33.389830508474574,36.440677966101696,41.86440677966102,7.627118644067797,11.864406779661016,0
610565,EXCEL ENGLEWOOD HS,Excel Academy of Englewood,HS,True,True,False,False,"8,9,10,11,12",8-12,280,224,51,3,266,10,1,0,1,0,0.0,1,0.0,1.0,True,Unknown,Unknown,Unknown,Unknown,Unknown,"8, 74/5, 67",Unknown,Unknown,,,12.3,67.2,20.5,78.9,Level 1,GOOD STANDING,2020-21,Options,False,False,False,False,2013-07-01T00:00:00.000,Unknown,41.763896,-87.649124,60621.0,Unknown,Unknown,2020.0,80.0,18.21428571428571,1.0714285714285714,95.0,3.571428571428571,0.3571428571428571,0.0,1
400098,NOBLE - MUCHIN HS,Noble - Muchin College Prep,HS,True,False,False,False,"9,10,11,12",9-12,961,799,115,100,307,589,7,52,3,0,0.0,3,0.0,0.0,True,Unknown,Unknown,Unknown,Unknown,Unknown,"2, 3, 4, 6, 10, 20, 22, 24, 26, 29, 36, 62, 66, 143, 144, 145, 146, 147, 148, 151","Blue, Brown, Green, Orange, Pink, Purple, Red","BNSF Railway (BNSF), Heritage Corridor (HC), Metra Electric District (ME), Milwaukee District North (MD-N), Milwaukee District West (MD-W), North Central Service (NCS), Rock Island District (RI), SouthWest Service (SWS), Union Pacific North (UP-N), Union Pacific Northwest (UP-NW), Union Pacific West (UP-W)",,,90.0,67.2,93.9,78.9,Level 1+,NOT APPLICABLE,2020-21,Charter,True,False,False,True,2009-07-01T00:00:00.000,Unknown,41.88274,-87.626338,60602.0,Unknown,Unknown,2020.0,83.14255983350677,11.966701352757545,10.40582726326743,31.94588969823101,61.29032258064516,0.72840790842872,5.411030176899064,0
609713,HYDE PARK HS,Hyde Park Academy High School,HS,True,False,False,False,"9,10,11,12",9-12,706,660,135,5,699,4,0,0,0,0,0.0,3,0.0,0.0,True,Unknown,Unknown,Unknown,Unknown,Unknown,"6, 15, 28, 59, 63, X28, 170","Green, Red",Metra Electric District (ME),,,61.4,67.2,75.1,78.9,Level 2,PROVISIONAL SUPPORT,2020-21,Network 17,True,False,False,True,2004-09-01T00:00:00.000,Unknown,41.782257,-87.586615,60637.0,Unknown,Unknown,2020.0,93.48441926345608,19.121813031161476,0.708215297450425,99.0084985835694,0.56657223796034,0.0,0.0,1
400059,NLCP - COLLINS HS,North Lawndale College Prep - Collins,HS,True,False,False,False,"9,10,11,12",9-12,474,437,78,1,465,5,1,0,2,0,0.0,1,0.0,0.0,True,Unknown,Unknown,Unknown,Unknown,Unknown,"12, 18, 52",Red,Unknown,,,64.2,67.2,72.9,78.9,Level 2+,NOT APPLICABLE,2020-21,Charter,True,False,False,True,2004-09-01T00:00:00.000,Unknown,41.864146,-87.700681,60623.0,Unknown,Unknown,2020.0,92.1940928270042,16.455696202531644,0.210970464135021,98.1012658227848,1.0548523206751057,0.210970464135021,0.0,1
610513,AIR FORCE HS,Air Force Academy High School,HS,True,False,False,False,"9,10,11,12",9-12,173,145,14,23,81,79,9,3,0,0,0.0,0,1.0,0.0,True,Unknown,Unknown,Unknown,Unknown,Unknown,"24, 35, 39, 44","Green, Red",Rock Island District (RI),,,62.5,67.2,83.7,78.9,Level 2+,GOOD STANDING,2020-21,Network 16,True,False,False,True,2009-07-01T00:00:00.000,Unknown,41.828145,-87.632757,60609.0,Unknown,Unknown,2020.0,83.8150289017341,8.092485549132949,13.294797687861273,46.82080924855491,45.664739884393065,5.202312138728324,1.7341040462427744,0
400062,PERSPECTIVES - TECH HS,Perspectives - High School of Technology,HS,True,False,False,False,"9,10,11,12",9-12,321,276,75,2,318,0,1,0,0,0,0.0,1,0.0,1.0,True,Unknown,Unknown,Unknown,Unknown,Unknown,"44, 75",Red,Unknown,,,53.4,67.2,77.6,78.9,Level 2+,NOT APPLICABLE,2020-21,Charter,True,False,False,True,2004-09-01T00:00:00.000,Unknown,41.745949,-87.650657,60620.0,Unknown,Unknown,2020.0,85.98130841121495,23.36448598130841,0.6230529595015576,99.06542056074768,0.0,0.3115264797507788,0.0,1
400113,CICS - CHICAGOQUEST HS,CICS - ChicagoQuest North,HS,True,False,False,False,"9,10,11,12",9-12,5,3,3,0,4,1,0,0,0,0,0.0,0,0.0,0.0,True,Unknown,Unknown,Unknown,Unknown,Unknown,"8, 9, 72","Blue, Red",Unknown,,,62.5,67.2,80.6,78.9,Level 2,NOT APPLICABLE,2020-21,Charter,True,False,False,True,2011-07-01T00:00:00.000,2021-06-30T00:00:00.000,41.907797,-87.645561,60610.0,Unknown,Unknown,2020.0,60.0,60.0,0.0,80.0,20.0,0.0,0.0,0
610392,WORLD LANGUAGE HS,World Language Academy High School,HS,True,False,False,False,"9,10,11,12",9-12,317,299,71,130,6,305,3,0,0,0,0.0,0,0.0,3.0,True,Unknown,Unknown,Unknown,Unknown,Unknown,"53, 53A, 82",Pink,BNSF Railway (BNSF),,,79.7,67.2,84.1,78.9,Level 1,GOOD STANDING,2020-21,Network 15,True,False,False,True,2005-09-01T00:00:00.000,Unknown,41.834397,-87.735292,60623.0,Unknown,Unknown,2020.0,94.3217665615142,22.39747634069401,41.00946372239748,1.892744479495268,96.21451104100946,0.946372239747634,0.0,0
609733,SULLIVAN HS,Roger C Sullivan High School,HS,True,False,False,False,"9,10,11,12",9-12,579,495,173,235,206,244,55,51,2,0,0.0,9,1.0,11.0,True,Unknown,Unknown,Unknown,Unknown,Unknown,"22, 155",Red,Union Pacific North (UP-N),,,61.9,67.2,72.4,78.9,Level 2+,GOOD STANDING,2020-21,Network 14,True,False,False,True,2004-09-01T00:00:00.000,Unknown,42.002688,-87.669192,60626.0,Unknown,Unknown,2020.0,85.49222797927462,29.879101899827287,40.58721934369603,35.57858376511226,42.14162348877375,9.499136442141625,8.808290155440414,1
610380,WILLIAMS HS,Daniel Hale Williams Prep School of Medicine,HS,True,False,False,False,"9,10,11,12",9-12,62,58,8,0,60,1,0,0,0,0,0.0,1,0.0,0.0,True,Unknown,Unknown,Unknown,Unknown,Unknown,"1, 15, 29","Green, Red",Unknown,,,79.3,67.2,92.5,78.9,Level 2,PROVISIONAL SUPPORT,2020-21,Network 17,True,False,False,True,2005-09-01T00:00:00.000,Unknown,41.806118,-87.62503,60615.0,Unknown,Unknown,2020.0,93.5483870967742,12.903225806451612,0.0,96.7741935483871,1.6129032258064515,0.0,0.0,0
400157,NOBLE - BAKER HS,Noble - Baker College Prep,HS,True,False,False,False,"9,10,11,12",9-12,252,209,63,34,200,48,0,1,0,0,0.0,3,0.0,0.0,True,Unknown,Unknown,Unknown,Unknown,Unknown,"30, 87, 95",Red,Metra Electric District (ME),,,83.6,67.2,81.1,78.9,Level 2+,NOT APPLICABLE,2020-21,Charter,True,False,False,True,2013-07-01T00:00:00.000,Unknown,41.734622,-87.556201,60617.0,Unknown,Unknown,2020.0,82.93650793650794,25.0,13.492063492063492,79.36507936507937,19.047619047619047,0.0,0.3968253968253968,0
400172,ASPIRA - BUSINESS & FINANCE HS,ASPIRA Business and Finance,HS,True,False,False,False,"9,10,11,12",9-12,565,441,136,205,19,530,9,0,1,0,0.0,2,3.0,1.0,True,Unknown,Unknown,Unknown,Unknown,Unknown,56,Blue,Unknown,,,59.75,67.2,81.1,78.9,Level 2+,NOT APPLICABLE,2020-21,Charter,True,False,False,True,2015-07-01T00:00:00.000,Unknown,41.935726,-87.718204,60618.0,Unknown,Unknown,2020.0,78.05309734513274,24.07079646017699,36.283185840707965,3.3628318584070795,93.80530973451329,1.592920353982301,0.0,1
609725,MORGAN PARK HS,Morgan Park High School,HS,True,True,False,False,"7,8,9,10,11,12",7-12,1136,880,172,7,1104,23,5,0,0,0,0.0,3,0.0,1.0,True,Unknown,Unknown,Unknown,Unknown,Unknown,"111, 112",Red,Rock Island District (RI),,,76.0,67.2,77.6,78.9,Level 2+,GOOD STANDING,2020-21,Network 16,True,False,True,True,2004-09-01T00:00:00.000,Unknown,41.692035,-87.665658,60643.0,Unknown,Unknown,2020.0,77.46478873239437,15.140845070422534,0.6161971830985915,97.1830985915493,2.024647887323944,0.4401408450704225,0.0,1
609729,SCHURZ HS,Carl Schurz High School,HS,True,False,False,False,"9,10,11,12",9-12,1389,1180,304,396,121,1148,66,26,9,0,0.0,14,5.0,0.0,True,Unknown,Unknown,Unknown,Unknown,Unknown,"56, 152",Blue,Milwaukee District North (MD-N),,,63.8,67.2,70.6,78.9,Level 2,INTENSIVE SUPPORT,2020-21,Network 14,True,False,False,True,2004-09-01T00:00:00.000,Unknown,41.946365,-87.735612,60641.0,Unknown,Unknown,2020.0,84.9532037437005,21.886249100071996,28.50971922246221,8.71130309575234,82.64938804895608,4.751619870410368,1.8718502519798417,1
610381,BRONZEVILLE HS,Bronzeville Scholastic Academy High School,HS,True,False,False,False,"9,10,11,12",9-12,62,49,21,2,56,4,0,0,0,0,0.0,0,2.0,0.0,True,Unknown,Unknown,Unknown,Unknown,Unknown,"1, 29","Green, Red",Metra Electric District (ME),,,69.4,67.2,86.1,78.9,Level 2,INTENSIVE SUPPORT,2020-21,Network 17,True,False,False,True,2004-09-01T00:00:00.000,Unknown,41.805204,-87.625004,60615.0,Unknown,Unknown,2020.0,79.03225806451613,33.87096774193548,3.225806451612903,90.32258064516128,6.451612903225806,0.0,0.0,0
400130,YCCS - YOUTH DEVELOPMENT,YCCS-Community Youth Development Institute HS,HS,True,False,False,False,"9,10,11,12",9-12,103,77,27,0,101,0,0,0,0,0,0.0,1,0.0,1.0,True,Unknown,Unknown,Unknown,Unknown,Unknown,"8, 79",Unknown,Unknown,,,22.4,67.2,81.1,78.9,Level 1,NOT APPLICABLE,2020-21,Options,False,False,False,False,2012-07-01T00:00:00.000,Unknown,41.751377,-87.641731,60620.0,Unknown,Unknown,2020.0,74.75728155339806,26.21359223300971,0.0,98.05825242718448,0.0,0.0,0.0,1
610394,UPLIFT HS,Uplift Community High School,HS,True,False,False,False,"9,10,11,12",9-12,84,70,46,18,48,17,7,11,1,0,0.0,0,0.0,0.0,True,Unknown,Unknown,True,Unknown,Unknown,"78, 81, 136, 144, 145, 146, 148, 151","Purple, Red",Unknown,,,76.9,67.2,81.0,78.9,Level 2,INTENSIVE SUPPORT,2020-21,Network 14,True,False,False,True,2005-09-01T00:00:00.000,Unknown,41.965547,-87.652473,60640.0,Unknown,Unknown,2020.0,83.33333333333334,54.761904761904766,21.428571428571427,57.14285714285714,20.23809523809524,8.333333333333332,13.095238095238097,0
609734,TAFT HS,William Howard Taft High School,HS,True,True,False,False,"7,8,9,10,11,12",7-12,4107,2080,535,417,118,1728,1794,294,16,0,0.0,73,30.0,54.0,False,Unknown,Unknown,True,Unknown,Unknown,"68, 86",Blue,Union Pacific Northwest (UP-NW),,,77.5,67.2,83.9,78.9,Level 1,GOOD STANDING,2020-21,Network 14,True,False,True,True,2004-09-01T00:00:00.000,Unknown,41.982961,-87.791547,60631.0,Unknown,Unknown,2020.0,50.64523983442902,13.026540053567082,10.153396639883129,2.8731434136839544,42.0745069393718,43.68151935719503,7.158509861212564,0
610547,SOUTH SHORE INTL HS,South Shore Intl College Prep High School,HS,True,False,False,False,"9,10,11,12",9-12,580,438,55,6,554,20,0,1,1,0,0.0,1,0.0,3.0,True,Unknown,Unknown,Unknown,Unknown,Unknown,"J14, 15, 75",Red,Unknown,,,85.7,67.2,94.5,78.9,Level 2+,GOOD STANDING,2020-21,Network 17,True,False,False,True,2011-07-01T00:00:00.000,Unknown,41.758792,-87.576353,60649.0,Unknown,Unknown,2020.0,75.51724137931033,9.482758620689657,1.0344827586206895,95.51724137931036,3.4482758620689653,0.0,0.1724137931034483,0
609704,FARRAGUT HS,David G Farragut Career Academy High School,HS,True,False,False,False,"9,10,11,12",9-12,508,479,144,167,49,452,6,1,0,0,0.0,0,0.0,0.0,True,Unknown,Unknown,Unknown,Unknown,Unknown,"21, 52, 82",Pink,Unknown,,,54.5,67.2,68.9,78.9,Level 2+,GOOD STANDING,2020-21,Network 16,True,False,False,True,2004-09-01T00:00:00.000,Unknown,41.84856,-87.708706,60623.0,Unknown,Unknown,2020.0,94.29133858267716,28.346456692913385,32.874015748031496,9.645669291338582,88.9763779527559,1.1811023622047243,0.1968503937007873,1
400137,LITTLE BLACK PEARL HS,Little Black Pearl Art and Design Academy,HS,True,False,False,False,"9,10,11,12",9-12,105,87,25,0,101,2,1,0,0,0,0.0,0,1.0,0.0,True,Unknown,Unknown,Unknown,Unknown,Unknown,47,Red,Unknown,,,68.8,67.2,48.4,78.9,Level 1,GOOD STANDING,2020-21,Options,False,False,False,False,2012-07-01T00:00:00.000,Unknown,41.809695,-87.59934,60653.0,Unknown,Unknown,2020.0,82.85714285714286,23.809523809523807,0.0,96.1904761904762,1.9047619047619049,0.9523809523809524,0.0,1
400119,LEGAL PREP HS,Legal Prep Charter Academy,HS,True,False,False,False,"9,10,11,12",9-12,263,231,47,0,248,3,0,0,0,0,0.0,0,0.0,12.0,True,Unknown,Unknown,Unknown,Unknown,Unknown,20126,Green,Unknown,,,48.9,67.2,71.8,78.9,Level 2,NOT APPLICABLE,2020-21,Charter,True,False,False,True,2012-07-01T00:00:00.000,Unknown,41.881733,-87.733778,60624.0,Unknown,Unknown,2020.0,87.83269961977186,17.870722433460077,0.0,94.29657794676804,1.1406844106463878,0.0,0.0,1
609735,TILDEN HS,Edward Tilden Career Community Academy HS,HS,True,False,False,False,"9,10,11,12",9-12,182,158,48,44,71,92,14,3,0,0,0.0,0,0.0,2.0,True,Unknown,Unknown,Unknown,Unknown,Unknown,"8, 44, 47",Red,Unknown,,,56.7,67.2,62.0,78.9,Level 2,INTENSIVE SUPPORT,2020-21,Network 16,True,False,False,True,2004-09-01T00:00:00.000,Unknown,41.80751,-87.642966,60609.0,Unknown,Unknown,2020.0,86.81318681318682,26.373626373626376,24.17582417582417,39.010989010989015,50.54945054945055,7.6923076923076925,1.6483516483516485,1
609751,KING HS,Dr  Martin Luther King  Jr  College Prep HS,HS,True,False,False,False,"9,10,11,12",9-12,625,475,75,7,592,15,6,2,1,0,0.0,7,2.0,0.0,True,Unknown,Unknown,True,Unknown,Unknown,"4, 43, 47","Green, Red",Metra Electric District (ME),,,86.3,67.2,96.9,78.9,Level 1,GOOD STANDING,2020-21,Network 17,True,False,False,True,2004-09-01T00:00:00.000,Unknown,41.813675,-87.603874,60653.0,Unknown,Unknown,2020.0,76.0,12.0,1.12,94.72,2.4,0.96,0.32,0
400128,YCCS - CCA ACADEMY,YCCS-CCA Academy HS,HS,True,False,False,False,"9,10,11,12",9-12,147,116,40,0,137,7,1,0,0,0,0.0,2,0.0,0.0,True,Unknown,Unknown,Unknown,Unknown,Unknown,"12, 53",Blue,Unknown,,,13.7,67.2,81.1,78.9,Level 1,NOT APPLICABLE,2020-21,Options,False,False,False,False,2012-07-01T00:00:00.000,Unknown,41.864943,-87.723662,60623.0,Unknown,Unknown,2020.0,78.91156462585033,27.2108843537415,0.0,93.19727891156462,4.761904761904762,0.6802721088435374,0.0,1
609695,AMUNDSEN HS,Roald Amundsen High School,HS,True,False,False,False,"9,10,11,12",9-12,1485,778,241,127,115,733,467,105,6,0,0.0,55,4.0,0.0,True,Unknown,Unknown,Unknown,Unknown,Unknown,"50, 92",Brown,Unknown,,,76.6,67.2,83.1,78.9,Level 1+,GOOD STANDING,2020-21,ISP,True,False,False,True,2004-09-01T00:00:00.000,Unknown,41.975067,-87.679484,60625.0,Unknown,Unknown,2020.0,52.39057239057239,16.22895622895623,8.552188552188552,7.744107744107744,49.36026936026936,31.447811447811446,7.07070707070707,0
609750,SIMPSON HS,Simpson Academy HS for Young Women,HS,True,True,True,False,"6,7,8,9,10,11,12",6-12,24,22,4,1,18,5,0,0,0,0,0.0,1,0.0,0.0,True,Unknown,Unknown,Unknown,Unknown,Unknown,Unknown,Pink,Unknown,,,40.0,67.2,81.1,78.9,Level 1,GOOD STANDING,2020-21,Network 15,False,False,False,False,2004-09-01T00:00:00.000,Unknown,41.864365,-87.668722,60608.0,Unknown,Unknown,2020.0,91.66666666666666,16.666666666666664,4.166666666666666,75.0,20.833333333333336,0.0,0.0,1
400164,INSTITUTO - JUSTICE HS,Instituto - Justice and Leadership,HS,True,False,False,False,"9,10,11,12",9-12,121,92,18,26,2,117,1,0,1,0,0.0,0,0.0,0.0,True,Unknown,Unknown,Unknown,Unknown,Unknown,"349, 60","Blue, Orange, Pink, Red",BNSF Railway (BNSF),,,31.3,67.2,81.1,78.9,Level 2+,NOT APPLICABLE,2020-21,Options,False,False,False,False,2013-07-01T00:00:00.000,Unknown,41.845957,-87.685903,60608.0,Unknown,Unknown,2020.0,76.03305785123968,14.87603305785124,21.487603305785125,1.6528925619834711,96.69421487603306,0.8264462809917356,0.0,1
400053,NOBLE - GOLDER HS,Noble - Golder College Prep,HS,True,False,False,False,"9,10,11,12",9-12,667,559,122,135,126,519,13,2,1,0,0.0,5,1.0,0.0,True,Unknown,Unknown,Unknown,Unknown,Unknown,"9, 65, 66",Blue,Unknown,,,91.0,67.2,85.2,78.9,Level 1+,NOT APPLICABLE,2020-21,Charter,True,False,False,True,2004-09-01T00:00:00.000,Unknown,41.895282,-87.664483,60642.0,Unknown,Unknown,2020.0,83.80809595202399,18.290854572713645,20.23988005997001,18.89055472263868,77.81109445277362,1.949025487256372,0.2998500749625187,0
610518,AUSTIN CCA HS,Austin College and Career Academy High School,HS,True,False,False,False,"9,10,11,12",9-12,162,144,47,1,153,7,1,0,0,0,0.0,1,0.0,0.0,True,Unknown,Unknown,Unknown,Unknown,Unknown,"20, 57, 85",Green,Unknown,,,43.3,67.2,64.7,78.9,Level 2,INTENSIVE SUPPORT,2020-21,Network 15,True,False,False,True,2008-07-01T00:00:00.000,Unknown,41.885993,-87.761916,60644.0,Unknown,Unknown,2020.0,88.88888888888889,29.01234567901235,0.6172839506172839,94.44444444444444,4.320987654320987,0.6172839506172839,0.0,1
609783,JEFFERSON HS,Nancy B Jefferson Alternative HS,HS,True,True,True,False,"6,7,8,9,10,11,12",6-12,158,125,81,3,140,15,3,0,0,0,0.0,0,0.0,0.0,True,Unknown,Unknown,Unknown,Unknown,Unknown,Unknown,Unknown,Unknown,,,59.75,67.2,5.2,78.9,Inability to Rate,GOOD STANDING,2020-21,Network 16,False,False,False,False,2004-09-01T00:00:00.000,Unknown,41.867832,-87.680418,60612.0,Unknown,Unknown,2020.0,79.11392405063292,51.26582278481012,1.89873417721519,88.60759493670885,9.49367088607595,1.89873417721519,0.0,1
610323,BOWEN HS,Bowen High School,HS,True,False,False,False,"9,10,11,12",9-12,189,161,63,13,147,39,2,0,0,0,0.0,1,0.0,0.0,True,Unknown,Unknown,Unknown,Unknown,Unknown,"30, 87, 95E",Unknown,Metra Electric District (ME),,,45.5,67.2,57.1,78.9,Level 2,INTENSIVE SUPPORT,2020-21,Network 17,True,False,False,True,2004-09-01T00:00:00.000,Unknown,41.734627,-87.55755,60617.0,Unknown,Unknown,2020.0,85.18518518518519,33.33333333333333,6.878306878306878,77.77777777777779,20.634920634920636,1.058201058201058,0.0,1
610568,PATHWAYS - AVONDALE HS,Pathways in Education- Avondale,HS,True,False,False,False,"9,10,11,12",9-12,285,183,50,31,33,213,30,3,0,0,0.0,5,1.0,0.0,Unknown,Unknown,Unknown,Unknown,Unknown,Unknown,Unknown,Unknown,Unknown,,,23.7,67.2,8.7,78.9,Level 1,NOT APPLICABLE,2020-21,Options,False,False,False,False,2013-07-01T00:00:00.000,Unknown,41.939433,-87.705206,60618.0,Unknown,Unknown,2020.0,64.21052631578948,17.543859649122805,10.87719298245614,11.578947368421051,74.73684210526315,10.526315789473683,1.0526315789473684,1
609680,PAYTON HS,Walter Payton College Preparatory High School,HS,True,False,False,False,"9,10,11,12",9-12,1193,354,94,15,115,268,487,265,2,0,0.0,49,7.0,0.0,False,Unknown,Unknown,Unknown,Unknown,True,"11, 36, 70","Brown, Red",Unknown,,,92.2,67.2,96.4,78.9,Level 1+,GOOD STANDING,2020-21,Network 15,True,False,False,True,2004-09-01T00:00:00.000,Unknown,41.901575,-87.635385,60610.0,Unknown,Unknown,2020.0,29.67309304274937,7.879295892707461,1.2573344509639564,9.639564124057,22.464375523889355,40.82145850796312,22.212908633696564,0
400056,NOBLE - ROWE CLARK HS,Noble - Rowe-Clark Math and Science Academy,HS,True,False,False,False,"9,10,11,12",9-12,382,333,95,18,325,48,1,0,0,0,0.0,5,0.0,3.0,True,Unknown,Unknown,Unknown,Unknown,Unknown,"53, 66, 82","Blue, Brown, Green",Unknown,,,74.6,67.2,78.8,78.9,Level 1,NOT APPLICABLE,2020-21,Charter,True,False,False,True,2004-09-01T00:00:00.000,Unknown,41.895362,-87.718047,60651.0,Unknown,Unknown,2020.0,87.17277486910994,24.86910994764398,4.712041884816754,85.07853403141361,12.56544502617801,0.2617801047120419,0.0,1
400094,EPIC HS,EPIC Academy Charter High School,HS,True,False,False,False,"9,10,11,12",9-12,498,453,121,85,278,188,7,0,0,0,0.0,3,0.0,22.0,True,Unknown,Unknown,Unknown,Unknown,Unknown,"5, 26, 71",Unknown,Metra Electric District (ME),,,78.3,67.2,76.6,78.9,Level 2+,NOT APPLICABLE,2020-21,Charter,True,False,False,True,2009-07-01T00:00:00.000,Unknown,41.744849,-87.550222,60617.0,Unknown,Unknown,2020.0,90.96385542168674,24.29718875502008,17.06827309236948,55.82329317269076,37.75100401606426,1.4056224899598393,0.0,1
610571,OMBUDSMAN - WEST HS,Ombudsman Chicago- West,HS,True,False,False,False,"9,10,11,12",9-12,192,149,34,11,125,63,3,1,0,0,0.0,0,0.0,0.0,True,Unknown,Unknown,Unknown,Unknown,Unknown,"49, X49",Blue,Unknown,,,13.6,67.2,8.1,78.9,Level 2,NOT APPLICABLE,2020-21,Options,False,False,False,False,2013-07-01T00:00:00.000,Unknown,41.874673,-87.687842,60612.0,Unknown,Unknown,2020.0,77.60416666666666,17.708333333333336,5.729166666666666,65.10416666666666,32.8125,1.5625,0.5208333333333333,1
400061,PERSPECTIVES - LEADERSHIP HS,Perspectives - Leadership Academy,HS,True,True,True,False,"6,7,8,9,10,11,12",6-12,577,501,98,1,574,1,1,0,0,0,0.0,1,0.0,0.0,True,Unknown,Unknown,Unknown,Unknown,Unknown,"44, 75",Red,Unknown,,,60.5,67.2,76.2,78.9,Level 2+,NOT APPLICABLE,2020-21,Charter,True,False,False,True,2004-09-01T00:00:00.000,Unknown,41.745961,-87.652045,60620.0,Unknown,Unknown,2020.0,86.82842287694974,16.984402079722706,0.1733102253032928,99.48006932409012,0.1733102253032928,0.1733102253032928,0.0,1
609740,WELLS HS,Wells Community Academy High School,HS,True,False,False,False,"9,10,11,12",9-12,314,244,80,50,155,127,15,0,0,0,0.0,5,0.0,12.0,True,Unknown,Unknown,Unknown,Unknown,Unknown,"9, 56, 66","Blue, Green",Unknown,,,57.8,67.2,73.9,78.9,Level 2,PROVISIONAL SUPPORT,2020-21,Network 15,True,False,False,True,2004-09-01T00:00:00.000,Unknown,41.898995,-87.667483,60622.0,Unknown,Unknown,2020.0,77.70700636942675,25.477707006369428,15.92356687898089,49.36305732484077,40.44585987261146,4.777070063694268,0.0,1
610384,INFINITY HS,Infinity Math Science and Technology High School,HS,True,False,False,False,"9,10,11,12",9-12,402,374,63,111,15,382,4,1,0,0,0.0,0,0.0,0.0,True,Unknown,Unknown,Unknown,Unknown,Unknown,"53, 53A, 54, 82",Unknown,Unknown,,,73.4,67.2,93.5,78.9,Level 1,GOOD STANDING,2020-21,ISP,True,False,False,True,2004-09-01T00:00:00.000,Unknown,41.836169,-87.735278,60623.0,Unknown,Unknown,2020.0,93.03482587064676,15.671641791044776,27.611940298507463,3.731343283582089,95.02487562189054,0.9950248756218906,0.2487562189054726,0
610386,PEACE AND EDUCATION HS,Peace & Education Coalition HS,HS,True,False,False,False,"10,11,12",10-12,70,57,14,17,15,53,2,0,0,0,0.0,0,0.0,0.0,True,Unknown,Unknown,Unknown,Unknown,Unknown,Unknown,Unknown,Unknown,,,18.4,67.2,81.1,78.9,Level 1+,GOOD STANDING,2020-21,ISP,False,False,False,False,2004-09-01T00:00:00.000,Unknown,41.803515,-87.667378,60609.0,Unknown,Unknown,2020.0,81.42857142857143,20.0,24.285714285714285,21.428571428571427,75.71428571428571,2.857142857142857,0.0,1
400156,NOBLE - BUTLER HS,Noble - Butler College Prep,HS,True,False,False,False,"9,10,11,12",9-12,626,531,128,13,581,39,0,0,0,0,0.0,2,1.0,3.0,Unknown,Unknown,Unknown,Unknown,Unknown,Unknown,"106, 103, 115",Red,Metra Electric District (ME),,,85.6,67.2,78.8,78.9,Level 2+,NOT APPLICABLE,2020-21,Charter,True,False,False,True,2013-07-01T00:00:00.000,Unknown,41.706667,-87.602573,60628.0,Unknown,Unknown,2020.0,84.82428115015975,20.44728434504792,2.07667731629393,92.81150159744408,6.230031948881789,0.0,0.0,1
609718,KENNEDY HS,John F Kennedy High School,HS,True,False,False,False,"9,10,11,12",9-12,1506,939,305,172,49,1203,238,7,4,0,0.0,5,0.0,0.0,True,Unknown,Unknown,Unknown,Unknown,Unknown,"55N, 62, 62H",Orange,Unknown,,,71.1,67.2,79.3,78.9,Level 2+,GOOD STANDING,2020-21,Network 16,True,False,False,True,2004-09-01T00:00:00.000,Unknown,41.789961,-87.78084,60638.0,Unknown,Unknown,2020.0,62.35059760956175,20.252324037184597,11.42098273572377,3.2536520584329347,79.8804780876494,15.803452855245684,0.4648074369189907,1
400129,YCCS - PROGRESSIVE LEADERSHIP,YCCS-Progressive Leadership Academy,HS,True,False,False,False,"9,10,11,12",9-12,151,120,43,0,144,4,1,1,0,0,0.0,0,0.0,1.0,True,Unknown,Unknown,Unknown,Unknown,Unknown,"3, 15",Green,Unknown,,,14.9,67.2,81.1,78.9,Level 1+,NOT APPLICABLE,2020-21,Options,False,False,False,False,2012-07-01T00:00:00.000,Unknown,41.773962,-87.61574,60637.0,Unknown,Unknown,2020.0,79.47019867549669,28.47682119205298,0.0,95.36423841059604,2.6490066225165565,0.6622516556291391,0.6622516556291391,1
610557,PATHWAYS - ASHBURN HS,Pathways in Education- Ashburn,HS,True,False,False,False,"9,10,11,12",9-12,322,230,48,25,111,174,32,0,2,0,0.0,1,1.0,1.0,True,Unknown,Unknown,Unknown,Unknown,Unknown,Unknown,Unknown,Unknown,,,19.2,67.2,10.0,78.9,Level 2+,NOT APPLICABLE,2020-21,Options,False,False,False,False,2011-07-01T00:00:00.000,Unknown,41.735239,-87.70406,60652.0,Unknown,Unknown,2020.0,71.42857142857143,14.906832298136646,7.763975155279502,34.47204968944099,54.03726708074535,9.937888198757763,0.0,1
609780,MARINE LEADERSHIP AT AMES HS,Marine Leadership Academy at Ames,HS,True,True,False,False,"7,8,9,10,11,12",7-12,777,735,77,214,9,748,16,2,1,0,0.0,0,0.0,1.0,True,Unknown,Unknown,Unknown,Unknown,Unknown,73,Unknown,Unknown,,,57.4,67.2,90.3,78.9,Level 1,GOOD STANDING,2020-21,Network 14,True,False,True,True,2004-09-01T00:00:00.000,Unknown,41.916045,-87.721742,60647.0,Unknown,Unknown,2020.0,94.5945945945946,9.90990990990991,27.54182754182754,1.1583011583011582,96.26769626769628,2.0592020592020592,0.2574002574002574,1
610597,VIRTUAL ACADEMY HS,The Virtual Academy High School,HS,True,False,False,False,"9,10,11,12",9-12,67,53,52,16,25,33,6,3,0,0,0.0,0,0.0,0.0,Unknown,False,Unknown,Unknown,Unknown,Unknown,Unknown,Unknown,Unknown,,,59.75,67.2,81.1,78.9,Unknown,Unknown,2020-21,ISP,False,False,False,False,2021-07-01T00:00:00.000,Unknown,41.8627144,-87.6601387,60608.0,Unknown,Unknown,2020.0,79.1044776119403,77.61194029850746,23.88059701492537,37.3134328358209,49.25373134328358,8.955223880597014,4.477611940298507,1
609720,LANE TECH HS,Albert G Lane Technical High School,HS,True,True,False,False,"7,8,9,10,11,12",7-12,4382,1654,254,46,295,1547,1672,472,24,0,1.0,137,31.0,203.0,False,Unknown,Unknown,True,Unknown,Unknown,"49, 52, 77, 152","Blue, Brown",Unknown,,,89.3,67.2,96.6,78.9,Level 1+,GOOD STANDING,2020-21,Network 14,True,False,True,True,2004-09-01T00:00:00.000,Unknown,41.946645,-87.691013,60618.0,Unknown,Unknown,2020.0,37.74532177088087,5.796439981743496,1.0497489730716567,6.732085805568233,35.3035143769968,38.156093108169785,10.771337288909171,0
610391,LINDBLOM HS,Robert Lindblom Math & Science Academy HS,HS,True,True,False,False,"7,8,9,10,11,12",7-12,1384,848,79,29,931,380,45,11,2,0,0.0,10,0.0,5.0,True,Unknown,Unknown,True,Unknown,Unknown,"9, 48, 63",Green,Unknown,,,89.4,67.2,95.8,78.9,Level 1+,GOOD STANDING,2020-21,Network 16,True,False,True,True,2004-09-01T00:00:00.000,Unknown,41.782041,-87.671662,60636.0,Unknown,Unknown,2020.0,61.27167630057804,5.708092485549133,2.0953757225433525,67.26878612716763,27.45664739884393,3.251445086705202,0.7947976878612716,0
610592,ENGLEWOOD STEM HS,Englewood STEM High School,HS,True,False,False,False,"9,10,11",9-11,824,748,192,40,755,64,2,1,0,0,0.0,2,0.0,0.0,Unknown,Unknown,Unknown,Unknown,Unknown,Unknown,Unknown,Unknown,Unknown,,,59.75,67.2,81.1,78.9,Inability to Rate,GOOD STANDING,2020-21,Network 16,True,False,Unknown,True,2019-07-01T00:00:00.000,Unknown,41.770251,-87.639061,60621.0,Unknown,Unknown,2020.0,90.77669902912622,23.300970873786408,4.854368932038835,91.626213592233,7.766990291262135,0.2427184466019417,0.1213592233009708,1
610587,DYETT ARTS HS,Walter Henri Dyett High School for the Arts,HS,True,False,False,False,"9,10,11,12",9-12,540,424,84,3,525,8,2,0,0,0,0.0,3,0.0,2.0,Unknown,Unknown,Unknown,Unknown,Unknown,Unknown,Unknown,Unknown,Unknown,,,59.75,67.2,81.1,78.9,Level 2+,GOOD STANDING,2020-21,Network 17,True,False,False,True,2016-07-01T00:00:00.000,Unknown,41.801204,-87.612239,60615.0,Unknown,Unknown,2020.0,78.51851851851852,15.555555555555555,0.5555555555555556,97.2222222222222,1.4814814814814816,0.3703703703703704,0.0,1
400125,YCCS - ASPIRA PANTOJA,"YCCS-ASPIRA,Antonia Pantoja Alternative HS",HS,True,False,False,False,"9,10,11,12",9-12,176,121,25,31,11,156,8,1,0,0,0.0,0,0.0,0.0,True,Unknown,Unknown,Unknown,Unknown,Unknown,"53, 77",Blue,Unknown,,,20.8,67.2,81.1,78.9,Level 2+,NOT APPLICABLE,2020-21,Options,False,False,False,False,2012-07-01T00:00:00.000,Unknown,41.938187,-87.727137,60641.0,Unknown,Unknown,2020.0,68.75,14.204545454545457,17.613636363636363,6.25,88.63636363636364,4.545454545454546,0.5681818181818182,1
609715,KELLY HS,Thomas Kelly College Preparatory,HS,True,False,False,False,"9,10,11,12",9-12,1726,1577,323,562,68,1393,34,217,4,0,0.0,5,3.0,2.0,True,Unknown,Unknown,Unknown,Unknown,Unknown,"39, 62, 94",Orange,Unknown,,,66.7,67.2,67.0,78.9,Level 2+,GOOD STANDING,2020-21,Network 16,True,False,False,True,2004-09-01T00:00:00.000,Unknown,41.818729,-87.694639,60632.0,Unknown,Unknown,2020.0,91.36732329084587,18.713789107763613,32.560834298957126,3.939745075318656,80.70683661645423,1.969872537659328,12.57242178447277,1
609748,YORK HS,Consuella B York Alternative HS,HS,True,False,False,False,"9,10,11,12",9-12,179,109,52,9,138,37,2,0,1,0,0.0,1,0.0,0.0,True,Unknown,Unknown,Unknown,Unknown,Unknown,Unknown,Unknown,Unknown,,,4.0,67.2,1.6,78.9,Inability to Rate,GOOD STANDING,2020-21,Network 16,False,False,False,False,2004-09-01T00:00:00.000,Unknown,41.842533,-87.695261,60608.0,Unknown,Unknown,2020.0,60.89385474860335,29.05027932960894,5.027932960893855,77.09497206703911,20.670391061452516,1.11731843575419,0.0,1
609755,YOUNG HS,Whitney M Young Magnet High School,HS,True,True,False,False,"7,8,9,10,11,12",7-12,2140,773,165,36,376,607,547,483,4,0,1.0,78,19.0,25.0,False,Unknown,Unknown,True,True,Unknown,"9, 20, 126",Blue,Unknown,,,88.4,67.2,99.1,78.9,Level 1+,GOOD STANDING,2020-21,ISP,True,False,True,True,2004-09-01T00:00:00.000,Unknown,41.878603,-87.664233,60607.0,Unknown,Unknown,2020.0,36.12149532710281,7.710280373831775,1.6822429906542056,17.570093457943926,28.36448598130841,25.560747663551403,22.570093457943923,0
609754,CHICAGO MILITARY HS,Chicago Military Academy High School,HS,True,False,False,False,"9,10,11,12",9-12,245,201,30,19,149,85,6,1,1,0,0.0,0,0.0,3.0,True,Unknown,Unknown,Unknown,Unknown,Unknown,"1, 3, 4, 35","Green, Red",Rock Island District (RI),,,70.3,67.2,89.8,78.9,Level 2+,GOOD STANDING,2020-21,Network 17,True,False,False,True,2004-09-01T00:00:00.000,Unknown,41.830555,-87.619216,60653.0,Unknown,Unknown,2020.0,82.0408163265306,12.244897959183673,7.755102040816326,60.81632653061224,34.69387755102041,2.4489795918367347,0.4081632653061224,0
400124,YCCS - MCKINLEY,YCCS- McKinley Lakeside Leadership HS,HS,True,False,False,False,"9,10,11,12",9-12,141,123,33,2,134,4,0,2,0,0,0.0,0,0.0,1.0,True,Unknown,Unknown,Unknown,Unknown,Unknown,29,Green,Unknown,,,15.8,67.2,81.1,78.9,Level 1,NOT APPLICABLE,2020-21,Options,False,False,False,False,2012-07-01T00:00:00.000,Unknown,41.841331,-87.625331,60616.0,Unknown,Unknown,2020.0,87.2340425531915,23.404255319148938,1.4184397163120568,95.0354609929078,2.8368794326241136,0.0,1.4184397163120568,1
610564,DISNEY II HS,Disney II Magnet High School,HS,True,True,False,False,"7,8,9,10,11,12",7-12,776,485,106,53,178,409,138,30,3,0,0.0,16,0.0,2.0,True,Unknown,Unknown,Unknown,Unknown,Unknown,"53, 54A, 80",Blue,Union Pacific Northwest (UP-NW),,,80.4,67.2,81.0,78.9,Level 1,GOOD STANDING,2020-21,Network 14,True,False,True,True,2013-07-01T00:00:00.000,Unknown,41.952488,-87.721364,60618.0,Unknown,Unknown,2020.0,62.5,13.65979381443299,6.829896907216495,22.938144329896907,52.70618556701031,17.783505154639176,3.865979381443299,0
400181,ART IN MOTION,Art in Motion Charter School,HS,True,True,False,False,"7,8,9,10",7-10,392,295,64,0,375,12,0,0,1,0,0.0,1,0.0,3.0,Unknown,Unknown,Unknown,Unknown,Unknown,Unknown,"28, 75, 71",Unknown,Unknown,,,59.75,67.2,81.1,78.9,Inability to Rate,GOOD STANDING,2020-21,Charter,False,False,False,False,2019-07-01T00:00:00.000,Unknown,41.760034,-87.583328,60649.0,Unknown,Unknown,2020.0,75.25510204081633,16.3265306122449,0.0,95.66326530612244,3.061224489795918,0.0,0.0,1
400058,NLCP - CHRISTIANA HS,North Lawndale College Prep - Christiana,HS,True,False,False,False,"9,10,11,12",9-12,335,311,69,1,330,4,0,0,0,0,0.0,1,0.0,0.0,True,Unknown,Unknown,Unknown,Unknown,Unknown,"18, 52",Green,Unknown,,,60.8,67.2,72.0,78.9,Level 2,NOT APPLICABLE,2020-21,Charter,True,False,False,True,2004-09-01T00:00:00.000,Unknown,41.858564,-87.708987,60623.0,Unknown,Unknown,2020.0,92.8358208955224,20.59701492537313,0.2985074626865672,98.50746268656717,1.1940298507462688,0.0,0.0,1
400144,YCCS - WEST,YCCS-West HS,HS,True,False,False,False,"9,10,11,12",9-12,96,84,26,2,67,25,1,1,1,0,0.0,1,0.0,0.0,True,Unknown,Unknown,Unknown,Unknown,Unknown,"70, 54","Blue, Green",Unknown,,,16.9,67.2,81.1,78.9,Level 2+,NOT APPLICABLE,2020-21,Options,False,False,False,False,2012-07-01T00:00:00.000,Unknown,41.90224,-87.74881,60651.0,Unknown,Unknown,2020.0,87.5,27.08333333333333,2.083333333333333,69.79166666666666,26.041666666666668,1.0416666666666663,1.0416666666666663,1
400142,YCCS - VIRTUAL,YCCS-Virtual HS,HS,True,False,False,False,"9,10,11,12",9-12,0,0,0,0,0,0,0,0,0,0,0.0,0,0.0,0.0,Unknown,Unknown,Unknown,Unknown,Unknown,Unknown,Unknown,Unknown,Unknown,,,59.75,67.2,81.1,78.9,Inability to Rate,NOT APPLICABLE,2020-21,Options,False,False,False,False,2012-07-01T00:00:00.000,2020-06-30T00:00:00.000,41.876317,-87.674138,60612.0,Unknown,Unknown,2020.0,0.0,0.0,0.0,0.0,0.0,0.0,0.0,1
400162,INTRINSIC HS,Intrinsic Charter School,HS,True,True,False,False,"7,8,9,10,11,12",7-12,1036,918,201,219,36,962,31,2,0,0,0.0,2,0.0,3.0,True,Unknown,Unknown,Unknown,Unknown,Unknown,77,Blue,Milwaukee District North (MD-N),,,80.1,67.2,87.1,78.9,Level 1,NOT APPLICABLE,2020-21,Charter,True,False,False,True,2013-07-01T00:00:00.000,Unknown,41.938988,-87.741129,60641.0,Unknown,Unknown,2020.0,88.61003861003861,19.401544401544403,21.138996138996134,3.474903474903475,92.85714285714286,2.9922779922779923,0.193050193050193,0
400086,URBAN PREP - ENGLEWOOD HS,Urban Prep Academy for Young Men - Englewood,HS,True,False,False,False,"9,10,11,12",9-12,189,162,55,2,186,2,1,0,0,0,0.0,0,0.0,0.0,True,Unknown,Unknown,Unknown,Unknown,Unknown,"3, 4, 8, 9, 24, 44, 63","Green, Red",Unknown,,,70.8,67.2,81.4,78.9,Level 2,NOT APPLICABLE,2020-21,Charter,True,False,False,True,2006-09-01T00:00:00.000,Unknown,41.781498,-87.634357,60621.0,Unknown,Unknown,2020.0,85.71428571428571,29.100529100529094,1.058201058201058,98.4126984126984,1.058201058201058,0.5291005291005291,0.0,0
609708,FOREMAN HS,Edwin G. Foreman College and Career Academy,HS,True,False,False,False,"9,10,11,12",9-12,575,479,141,204,94,447,28,2,2,0,0.0,2,0.0,0.0,True,Unknown,Unknown,Unknown,Unknown,Unknown,"54, 77, 85, 152",Blue,Unknown,,,58.1,67.2,66.2,78.9,Level 2,INTENSIVE SUPPORT,2020-21,Network 14,True,False,False,True,2004-09-01T00:00:00.000,Unknown,41.939797,-87.754167,60641.0,Unknown,Unknown,2020.0,83.30434782608695,24.52173913043478,35.47826086956521,16.34782608695652,77.73913043478261,4.869565217391305,0.3478260869565217,1
400105,URBAN PREP - BRONZEVILLE HS,Urban Prep Academy for Young Men - Bronzeville,HS,True,False,False,False,"9,10,11,12",9-12,320,274,88,2,314,4,0,0,0,0,0.0,2,0.0,0.0,True,Unknown,Unknown,Unknown,Unknown,Unknown,"1, 3, 4, 29, 35","Green, Red",Rock Island District (RI),,,75.0,67.2,72.8,78.9,Level 1,NOT APPLICABLE,2020-21,Charter,True,False,False,True,2010-07-01T00:00:00.000,Unknown,41.831118,-87.613629,60616.0,Unknown,Unknown,2020.0,85.625,27.500000000000004,0.625,98.125,1.25,0.0,0.0,1
400139,YCCS - SULLIVAN,YCCS-Sullivan House Alternative HS,HS,True,False,False,False,"9,10,11,12",9-12,301,272,52,4,264,34,0,0,2,0,0.0,1,0.0,0.0,True,Unknown,Unknown,Unknown,Unknown,Unknown,"30, 14, 28, 15",Unknown,Unknown,,,7.8,67.2,81.1,78.9,Level 1+,NOT APPLICABLE,2020-21,Options,False,False,False,False,2012-07-01T00:00:00.000,Unknown,41.746287,-87.578492,60617.0,Unknown,Unknown,2020.0,90.3654485049834,17.275747508305646,1.32890365448505,87.70764119601328,11.295681063122924,0.0,0.0,1
609678,JONES HS,William Jones College Preparatory High School,HS,True,False,False,False,"9,10,11,12",9-12,1955,677,137,21,228,567,721,297,4,0,3.0,67,13.0,55.0,False,Unknown,Unknown,True,Unknown,Unknown,"2, 6, 10, 29, 62, 144, 146","Blue, Brown, Pink, Red",Metra Electric District (ME),,,86.4,67.2,96.3,78.9,Level 1+,GOOD STANDING,2020-21,ISP,True,False,False,True,2004-09-01T00:00:00.000,Unknown,41.873066,-87.627675,60605.0,Unknown,Unknown,2020.0,34.629156010230176,7.007672634271101,1.0741687979539642,11.662404092071611,29.002557544757035,36.87979539641943,15.191815856777492,0
610389,ORR HS,Orr Academy High School,HS,True,False,False,False,"9,10,11,12",9-12,213,184,52,12,164,44,3,0,0,0,0.0,1,0.0,1.0,True,Unknown,Unknown,Unknown,Unknown,Unknown,"53, 66",Unknown,Unknown,,,38.3,67.2,31.6,78.9,Level 3,INTENSIVE SUPPORT,2020-21,AUSL,True,False,False,True,2008-07-01T00:00:00.000,Unknown,41.894449,-87.726166,60624.0,Unknown,Unknown,2020.0,86.3849765258216,24.413145539906104,5.633802816901409,76.99530516431925,20.657276995305164,1.4084507042253522,0.0,1
609693,WESTINGHOUSE HS,George Westinghouse College Prep,HS,True,False,False,False,"9,10,11,12",9-12,1187,882,91,49,516,524,30,91,5,0,0.0,17,4.0,0.0,True,Unknown,Unknown,True,Unknown,Unknown,"52, 82",Green,Union Pacific West (UP-W),,,87.8,67.2,95.1,78.9,Level 1+,GOOD STANDING,2020-21,Network 15,True,False,False,True,2009-07-01T00:00:00.000,Unknown,41.889977,-87.707332,60624.0,Unknown,Unknown,2020.0,74.3049705139006,7.666385846672282,4.128053917438922,43.470935130581296,44.14490311710193,2.527379949452401,7.666385846672282,0
609762,JULIAN HS,Percy L Julian High School,HS,True,False,False,False,"9,10,11,12",9-12,392,351,118,2,380,8,1,0,1,0,0.0,1,1.0,0.0,True,Unknown,Unknown,Unknown,Unknown,Unknown,"8A, 9, 103, 108, 112",Unknown,Rock Island District (RI),,,55.9,67.2,78.2,78.9,Level 2,INTENSIVE SUPPORT,2020-21,Network 16,True,False,False,True,2004-09-01T00:00:00.000,Unknown,41.705859,-87.653749,60643.0,Unknown,Unknown,2020.0,89.54081632653062,30.10204081632653,0.5102040816326531,96.93877551020408,2.0408163265306123,0.2551020408163265,0.0,1
400091,CHICAGO TECH HS,Chicago Technology Academy High School,HS,True,False,False,False,"9,10,11,12",9-12,419,374,95,12,340,70,5,0,1,0,0.0,1,2.0,0.0,True,Unknown,Unknown,Unknown,Unknown,Unknown,"12, 60","Blue, Pink, Red",Unknown,,,63.3,67.2,88.9,78.9,Level 2,PROVISIONAL SUPPORT,2020-21,Contract,True,False,False,True,2009-07-01T00:00:00.000,Unknown,41.863301,-87.659095,60608.0,Unknown,Unknown,2020.0,89.26014319809069,22.673031026252985,2.863961813842482,81.14558472553699,16.706443914081145,1.1933174224343674,0.0,0
609676,DUNBAR HS,Paul Laurence Dunbar Career Academy High School,HS,True,False,False,False,"9,10,11,12",9-12,488,451,118,7,474,12,1,0,1,0,0.0,0,0.0,0.0,True,Unknown,Unknown,Unknown,Unknown,Unknown,"1, 3, 4",Unknown,Metra Electric District (ME),,,57.6,67.2,67.0,78.9,Level 2,INTENSIVE SUPPORT,2020-21,Network 17,True,False,False,True,2004-09-01T00:00:00.000,Unknown,41.840226,-87.617637,60616.0,Unknown,Unknown,2020.0,92.41803278688523,24.18032786885246,1.4344262295081966,97.1311475409836,2.459016393442623,0.2049180327868852,0.0,1
400161,CHICAGO COLLEGIATE,Chicago Collegiate Charter School,HS,True,True,True,False,"5,6,7,8,9,10,11,12",5-12,273,246,49,3,260,10,1,0,1,0,0.0,1,0.0,0.0,Unknown,Unknown,Unknown,Unknown,Unknown,Unknown,28,Unknown,Metra Electric District (ME),,,59.75,67.2,81.1,78.9,Level 2,NOT APPLICABLE,2020-21,Charter,True,False,False,True,2013-07-01T00:00:00.000,Unknown,41.679318,-87.617968,60628.0,Unknown,Unknown,2020.0,90.10989010989012,17.94871794871795,1.098901098901099,95.23809523809524,3.6630036630036633,0.3663003663003663,0.0,1
400167,HORIZON - SOUTHWEST,Horizon Science Academy Southwest Chicago Charter,ES,True,True,True,False,"K,1,2,3,4,5,6,7,8,9,10,11,12",K-12,710,634,77,190,206,494,8,0,0,0,0.0,1,1.0,0.0,True,Unknown,Unknown,Unknown,Unknown,Unknown,Unknown,Unknown,Unknown,,,59.75,67.2,81.1,78.9,Level 2,NOT APPLICABLE,2020-21,Charter,True,False,False,True,2014-07-01T00:00:00.000,Unknown,41.795201,-87.683963,60609.0,Unknown,Unknown,2020.0,89.29577464788733,10.84507042253521,26.76056338028169,29.01408450704225,69.57746478873239,1.1267605633802815,0.0,1
400135,YCCS - LATINO YOUTH,YCCS-Latino Youth Alternative HS,HS,True,False,False,False,"9,10,11,12",9-12,168,141,32,28,3,157,6,0,1,0,0.0,1,0.0,0.0,True,Unknown,Unknown,Unknown,Unknown,Unknown,"94, 21",Pink,Unknown,,,9.9,67.2,81.1,78.9,Level 1,NOT APPLICABLE,2020-21,Options,False,False,False,False,2012-07-01T00:00:00.000,Unknown,41.854665,-87.69543,60608.0,Unknown,Unknown,2020.0,83.92857142857143,19.047619047619047,16.666666666666664,1.7857142857142856,93.45238095238096,3.571428571428571,0.0,1
400175,EXCEL SOUTH SHORE HS,Excel Academy of South Shore,HS,True,False,False,False,"9,10,11,12",9-12,203,148,29,8,145,50,1,0,1,0,0.0,0,0.0,6.0,True,Unknown,Unknown,Unknown,Unknown,Unknown,"6, 26, 71, 75","Green, Red",Unknown,,,11.4,67.2,30.8,78.9,Level 2,PROVISIONAL SUPPORT,2020-21,Options,False,False,False,False,2014-07-01T00:00:00.000,Unknown,41.759749,-87.556487,60649.0,Unknown,Unknown,2020.0,72.9064039408867,14.285714285714285,3.940886699507389,71.42857142857143,24.63054187192118,0.4926108374384236,0.0,1
609705,FENGER HS,Christian Fenger Academy High School,HS,True,False,False,False,"9,10,11,12",9-12,250,210,60,3,245,5,0,0,0,0,0.0,0,0.0,0.0,True,Unknown,Unknown,Unknown,Unknown,Unknown,8A,"Blue, Brown",Unknown,,,44.4,67.2,70.6,78.9,Level 2,INTENSIVE SUPPORT,2020-21,Network 17,True,False,False,True,2004-09-01T00:00:00.000,Unknown,41.689951,-87.637572,60628.0,Unknown,Unknown,2020.0,84.0,24.0,1.2,98.0,2.0,0.0,0.0,1
609710,HARLAN HS,John M Harlan Community Academy High School,HS,True,False,False,False,"9,10,11,12",9-12,301,252,71,3,293,5,0,0,0,0,0.0,3,0.0,0.0,True,Unknown,Unknown,Unknown,Unknown,Unknown,"5, 34, 95E, 100, 103, 106, 111, 119",Red,Unknown,,,48.4,67.2,62.3,78.9,Level 2,INTENSIVE SUPPORT,2020-21,Network 17,True,False,True,True,2004-09-01T00:00:00.000,Unknown,41.718372,-87.620623,60628.0,Unknown,Unknown,2020.0,83.72093023255815,23.588039867109632,0.9966777408637874,97.34219269102992,1.6611295681063123,0.0,0.0,1
610570,OMBUDSMAN - SOUTH HS,Ombudsman Chicago - South,HS,True,False,False,False,"9,10,11,12",9-12,347,292,55,40,173,164,5,0,2,0,0.0,3,0.0,0.0,True,Unknown,Unknown,Unknown,Unknown,Unknown,"49, 49X","Green, Orange",Unknown,,,22.1,67.2,5.5,78.9,Level 2,NOT APPLICABLE,2020-21,Options,False,False,False,False,2013-07-01T00:00:00.000,Unknown,41.783027,-87.683635,60636.0,Unknown,Unknown,2020.0,84.14985590778097,15.85014409221902,11.527377521613833,49.85590778097983,47.26224783861672,1.440922190201729,0.0,1
400143,YCCS - WEST TOWN,YCCS-West Town Acad Alternative HS,HS,True,False,False,False,"9,10,11,12",9-12,125,99,32,2,86,38,0,1,0,0,0.0,0,0.0,0.0,True,Unknown,Unknown,Unknown,Unknown,Unknown,"9, 66","Blue, Green",Unknown,,,18.0,67.2,81.1,78.9,Level 1,NOT APPLICABLE,2020-21,Options,False,False,False,False,2012-07-01T00:00:00.000,Unknown,41.890803,-87.702053,60612.0,Unknown,Unknown,2020.0,79.2,25.6,1.6,68.8,30.4,0.0,0.8,1
400173,PATHWAYS - BRIGHTON PARK HS,Pathways in Education- Brighton Park,HS,True,False,False,False,"9,10,11,12",9-12,399,280,64,68,10,370,11,4,3,0,0.0,1,0.0,0.0,Unknown,Unknown,Unknown,Unknown,Unknown,Unknown,Unknown,Unknown,Unknown,,,19.4,67.2,11.3,78.9,Level 2+,NOT APPLICABLE,2020-21,Options,False,False,False,False,2014-07-01T00:00:00.000,Unknown,41.808226,-87.702645,60632.0,Unknown,Unknown,2020.0,70.17543859649122,16.040100250626566,17.042606516290725,2.506265664160401,92.73182957393485,2.756892230576441,1.0025062656641603,1
400121,ACERO - DE LA CRUZ,Acero Charter Schools - Sor Juana Inés de la Cruz,ES,True,True,True,False,"K,1,2,3,4,5,6,7,8,9,10,11,12",K-12,542,426,87,220,270,251,7,4,2,0,0.0,8,0.0,0.0,True,Unknown,Unknown,Unknown,Unknown,Unknown,Unknown,Red,Unknown,,,66.7,67.2,79.5,78.9,Level 2,NOT APPLICABLE,2020-21,Charter,True,False,False,True,2012-07-01T00:00:00.000,Unknown,42.016476,-87.684406,60645.0,Unknown,Unknown,2020.0,78.59778597785979,16.051660516605164,40.59040590405904,49.81549815498156,46.309963099631,1.2915129151291511,0.7380073800738007,1
400036,CHICAGO VIRTUAL,Chicago Virtual Charter School,HS,True,True,True,False,"K,1,2,3,4,5,6,7,8,9,10,11,12",K-12,3,3,0,0,3,0,0,0,0,0,0.0,0,0.0,0.0,True,Unknown,Unknown,Unknown,Unknown,Unknown,"8, 20, 126","Blue, Green","BNSF Railway (BNSF), Heritage Corridor (HC), Metra Electric District (ME), Milwaukee District North (MD-N), Milwaukee District West (MD-W), North Central Service (NCS), Rock Island District (RI), SouthWest Service (SWS), Union Pacific North (UP-N), Union Pacific Northwest (UP-NW), Union Pacific West (UP-W)",,,50.0,67.2,70.4,78.9,Level 2,NOT APPLICABLE,2020-21,Charter,False,False,False,False,2006-09-01T00:00:00.000,2020-06-30T00:00:00.000,41.88055,-87.649772,60607.0,Unknown,Unknown,2020.0,100.0,0.0,0.0,100.0,0.0,0.0,0.0,1
609723,MARSHALL HS,John Marshall Metropolitan High School,HS,True,False,False,False,"9,10,11,12",9-12,209,192,52,1,198,6,0,0,0,0,0.0,0,0.0,5.0,True,Unknown,Unknown,Unknown,Unknown,Unknown,"20, 52, 82, 126",Green,Unknown,,,34.6,67.2,66.4,78.9,Level 2,INTENSIVE SUPPORT,2020-21,Network 15,True,False,False,True,2004-09-01T00:00:00.000,Unknown,41.878444,-87.70805,60624.0,Unknown,Unknown,2020.0,91.86602870813395,24.880382775119617,0.4784688995215311,94.73684210526316,2.8708133971291865,0.0,0.0,1
400169,NOBLE - ITW SPEER HS,Noble - ITW David Speer Academy,HS,True,False,False,False,"9,10,11,12",9-12,1165,1016,193,251,115,1025,16,2,5,0,0.0,0,0.0,2.0,True,Unknown,Unknown,Unknown,Unknown,Unknown,Unknown,Green,Unknown,,,79.9,67.2,85.1,78.9,Level 1+,NOT APPLICABLE,2020-21,Charter,True,False,False,True,2014-07-01T00:00:00.000,Unknown,41.92563,-87.769808,60639.0,Unknown,Unknown,2020.0,87.21030042918456,16.566523605150216,21.545064377682404,9.871244635193133,87.98283261802575,1.3733905579399142,0.1716738197424892,0
609756,CURIE HS,Marie Sklodowska Curie Metropolitan High School,HS,True,False,False,False,"9,10,11,12",9-12,3044,2669,339,561,346,2573,43,64,12,0,0.0,3,2.0,1.0,True,Unknown,Unknown,Unknown,True,True,"53A, 62","Blue, Orange, Red",Unknown,,,70.3,67.2,78.9,78.9,Level 2+,GOOD STANDING,2020-21,Network 15,True,False,False,True,2004-09-01T00:00:00.000,Unknown,41.80306,-87.722042,60632.0,Unknown,Unknown,2020.0,87.68068331143233,11.136662286465178,18.42969776609724,11.366622864651774,84.526938239159,1.4126149802890933,2.102496714848883,1
610558,GOODE HS,Sarah E. Goode STEM Academy,HS,True,False,False,False,"9,10,11,12",9-12,954,814,165,147,326,621,3,1,0,0,0.0,2,1.0,0.0,True,Unknown,Unknown,True,Unknown,Unknown,"52, 79",Unknown,SouthWest Service (SWS),,,66.5,67.2,91.8,78.9,Level 2+,GOOD STANDING,2020-21,Network 16,True,False,False,True,2012-07-01T00:00:00.000,Unknown,41.75375,-87.707345,60652.0,Unknown,Unknown,2020.0,85.32494758909853,17.29559748427673,15.40880503144654,34.17190775681342,65.09433962264151,0.3144654088050315,0.1048218029350104,0
400034,CICS - NORTHTOWN HS,CICS - Northtown,HS,True,False,False,False,"9,10,11,12",9-12,898,729,208,216,60,533,155,135,2,0,0.0,6,7.0,0.0,True,Unknown,Unknown,Unknown,Unknown,Unknown,"53, 84","Blue, Red",Unknown,,,81.5,67.2,92.1,78.9,Level 1,NOT APPLICABLE,2020-21,Charter,True,False,False,True,2004-09-01T00:00:00.000,Unknown,41.990245,-87.726504,60659.0,Unknown,Unknown,2020.0,81.1804008908686,23.16258351893096,24.05345211581292,6.6815144766147,59.354120267260576,17.260579064587972,15.033407572383071,0
400115,CATALYST - MARIA,Catalyst - Maria Charter School,ES,True,True,True,False,"K,1,2,3,4,5,6,7,8,9,10,11,12",K-12,534,454,63,142,256,265,10,0,0,0,0.0,3,0.0,0.0,True,Unknown,Unknown,Unknown,Unknown,Unknown,"52A, 67, 94",Unknown,Unknown,,,68.5,67.2,77.4,78.9,Level 1,NOT APPLICABLE,2020-21,Charter,True,False,False,True,2012-07-01T00:00:00.000,Unknown,41.770992,-87.693075,60629.0,Unknown,Unknown,2020.0,85.0187265917603,11.797752808988765,26.591760299625467,47.940074906367045,49.62546816479401,1.872659176029963,0.0,1
400064,PERSPECTIVES - JOSLIN HS,Perspectives - Rodney D. Joslin,HS,True,True,True,False,"6,7,8,9,10,11,12",6-12,364,311,76,3,349,9,0,4,0,0,0.0,2,0.0,0.0,True,Unknown,Unknown,Unknown,Unknown,Unknown,"21, 24, 29, 62","Green, Red",Unknown,,,80.7,67.2,95.7,78.9,Level 2+,NOT APPLICABLE,2020-21,Charter,True,False,False,True,2004-09-01T00:00:00.000,Unknown,41.855999,-87.628531,60616.0,Unknown,Unknown,2020.0,85.43956043956044,20.87912087912088,0.8241758241758242,95.87912087912088,2.4725274725274726,0.0,1.098901098901099,0
400123,YCCS - SCHOLASTIC ACHIEVEMENT,YCCS- Academy of Scholastic Achievement HS,HS,True,False,False,False,"9,10,11,12",9-12,158,124,28,1,147,10,1,0,0,0,0.0,0,0.0,0.0,True,Unknown,Unknown,Unknown,Unknown,Unknown,"20, 54",Green,Unknown,,,11.5,67.2,81.1,78.9,Level 1+,NOT APPLICABLE,2020-21,Options,False,False,False,False,2012-07-01T00:00:00.000,Unknown,41.880447,-87.742539,60644.0,Unknown,Unknown,2020.0,78.48101265822784,17.72151898734177,0.6329113924050633,93.0379746835443,6.329113924050633,0.6329113924050633,0.0,1
400126,YCCS - ASSOCIATION HOUSE,YCCS-Association House HS,HS,True,False,False,False,"9,10,11,12",9-12,99,83,20,19,28,65,5,0,0,0,0.0,0,1.0,0.0,True,Unknown,Unknown,Unknown,Unknown,Unknown,"70, 65, 82, 94",Blue,Unknown,,,21.1,67.2,81.1,78.9,Level 1+,NOT APPLICABLE,2020-21,Options,False,False,False,False,2012-07-01T00:00:00.000,Unknown,41.901572,-87.70686,60651.0,Unknown,Unknown,2020.0,83.83838383838383,20.2020202020202,19.19191919191919,28.28282828282828,65.65656565656566,5.05050505050505,0.0,1
400104,INSTITUTO - HEALTH,Instituto Health Sciences Career Academy,HS,True,False,False,False,"9,10,11,12",9-12,581,532,115,231,14,563,2,0,2,0,0.0,0,0.0,0.0,True,Unknown,Unknown,Unknown,Unknown,Unknown,"49, 60","Blue, Orange, Pink",BNSF Railway (BNSF),,,48.7,67.2,86.2,78.9,Level 2,NOT APPLICABLE,2020-21,Charter,True,False,False,True,2010-07-01T00:00:00.000,Unknown,41.845967,-87.68724,60608.0,Unknown,Unknown,2020.0,91.56626506024097,19.793459552495698,39.75903614457831,2.409638554216868,96.90189328743546,0.3442340791738382,0.0,1
609674,CHICAGO VOCATIONAL HS,Chicago Vocational Career Academy High School,HS,True,False,False,False,"9,10,11,12",9-12,667,592,188,19,642,19,2,2,0,0,0.0,2,0.0,0.0,True,Unknown,Unknown,True,True,Unknown,"14, 15, 87",Unknown,Unknown,,,38.1,67.2,72.3,78.9,Level 2,PROVISIONAL SUPPORT,2020-21,Network 17,True,False,False,True,2004-09-01T00:00:00.000,Unknown,41.737174,-87.573268,60617.0,Unknown,Unknown,2020.0,88.75562218890555,28.18590704647676,2.848575712143928,96.25187406296853,2.848575712143928,0.2998500749625187,0.2998500749625187,1
400145,YCCS - YOUTH CONNECTION,YCCS-Youth Connection Leadership Acad HS,HS,True,False,False,False,"9,10,11,12",9-12,99,83,24,2,92,4,2,0,1,0,0.0,0,0.0,0.0,True,Unknown,Unknown,Unknown,Unknown,Unknown,"29, 35","Green, Red",Unknown,,,16.8,67.2,81.1,78.9,Level 1,NOT APPLICABLE,2020-21,Options,False,False,False,False,2012-07-01T00:00:00.000,Unknown,41.832072,-87.626781,60616.0,Unknown,Unknown,2020.0,83.83838383838383,24.24242424242424,2.0202020202020203,92.92929292929291,4.040404040404041,2.0202020202020203,0.0,1
400022,CHIARTS HS,Chicago High School for the Arts (ChiArts),HS,True,False,False,False,"9,10,11,12",9-12,617,313,50,18,211,235,101,9,2,0,0.0,9,1.0,49.0,False,Unknown,Unknown,Unknown,Unknown,Unknown,"66, 70, 52, 49","Blue, Red",Union Pacific North (UP-N),,,80.1,67.2,86.1,78.9,Level 1,GOOD STANDING,2020-21,Contract,True,False,False,True,2009-07-01T00:00:00.000,Unknown,41.899377,-87.694945,60622.0,Unknown,Unknown,2020.0,50.72933549432739,8.103727714748784,2.9173419773095626,34.197730956239866,38.08752025931928,16.369529983792543,1.4586709886547813,0
609746,KENWOOD HS,Kenwood Academy High School,HS,True,True,False,False,"7,8,9,10,11,12",7-12,2247,1305,116,22,1961,94,96,46,2,0,0.0,41,4.0,3.0,True,Unknown,Unknown,Unknown,Unknown,Unknown,"2, 6, 15, 28, X28",Blue,Metra Electric District (ME),,,78.1,67.2,93.3,78.9,Level 1+,GOOD STANDING,2020-21,Network 17,True,False,True,True,2004-09-01T00:00:00.000,Unknown,41.803772,-87.590421,60615.0,Unknown,Unknown,2020.0,58.07743658210948,5.16243880729862,0.9790832220738764,87.2719181130396,4.183355585224744,4.272363150867824,2.047174009790832,0
400032,CICS - ELLISON HS,CICS - Ralph Ellison,HS,True,False,False,False,"9,10,11,12",9-12,168,134,42,2,164,4,0,0,0,0,0.0,0,0.0,0.0,True,Unknown,Unknown,Unknown,Unknown,Unknown,"9, 48, 79, 169","Green, Red",Unknown,,,65.3,67.2,79.6,78.9,Level 2,NOT APPLICABLE,2020-21,Charter,True,False,False,True,2004-09-01T00:00:00.000,Unknown,41.748382,-87.66898,60620.0,Unknown,Unknown,2020.0,79.76190476190477,25.0,1.1904761904761905,97.61904761904762,2.380952380952381,0.0,0.0,1
609712,HIRSCH HS,Emil G Hirsch Metropolitan High School,HS,True,False,False,False,"9,10,11,12",9-12,81,65,31,0,79,1,0,0,0,0,0.0,0,0.0,1.0,True,Unknown,Unknown,Unknown,Unknown,Unknown,Unknown,"Blue, Green",Metra Electric District (ME),,,28.9,67.2,57.5,78.9,Level 2,INTENSIVE SUPPORT,2020-21,Network 17,True,False,False,True,2004-09-01T00:00:00.000,Unknown,41.753748,-87.601727,60619.0,Unknown,Unknown,2020.0,80.24691358024691,38.2716049382716,0.0,97.53086419753086,1.2345679012345678,0.0,0.0,1
400118,NOBLE - DRW HS,Noble - DRW College Prep,HS,True,False,False,False,"9,10,11,12",9-12,353,306,91,2,345,6,1,0,1,0,0.0,0,0.0,0.0,True,Unknown,Unknown,Unknown,Unknown,Unknown,82,Blue,Unknown,,,80.6,67.2,67.2,78.9,Level 2,NOT APPLICABLE,2021-22,Charter,True,False,False,True,2012-07-01T00:00:00.000,Unknown,41.869328,-87.711654,60624.0,Unknown,Unknown,2021.0,86.68555240793201,25.77903682719547,0.56657223796034,97.73371104815864,1.69971671388102,0.28328611898017,0.0,1
609713,HYDE PARK HS,Hyde Park Academy High School,HS,True,False,False,False,"9,10,11,12",9-12,721,656,131,8,709,5,0,0,0,0,0.0,6,0.0,1.0,True,Unknown,Unknown,Unknown,Unknown,Unknown,"6, 15, 28, 59, 63, X28, 170","Green, Red",Metra Electric District (ME),,,61.4,67.2,75.1,78.9,Level 2,PROVISIONAL SUPPORT,2021-22,Network 17,True,False,False,True,2004-09-01T00:00:00.000,Unknown,41.782257,-87.586615,60637.0,Unknown,Unknown,2021.0,90.98474341192788,18.169209431345354,1.1095700416088763,98.3356449375867,0.6934812760055479,0.0,0.0,1
400086,URBAN PREP - ENGLEWOOD HS,Urban Prep Academy for Young Men - Englewood,HS,True,False,False,False,"9,10,11,12",9-12,159,143,40,2,153,2,2,0,0,0,0.0,0,0.0,2.0,True,Unknown,Unknown,Unknown,Unknown,Unknown,"3, 4, 8, 9, 24, 44, 63","Green, Red",Unknown,,,70.8,67.2,81.4,78.9,Level 2,NOT APPLICABLE,2021-22,Charter,True,False,False,True,2006-09-01T00:00:00.000,Unknown,41.781498,-87.634357,60621.0,Unknown,Unknown,2021.0,89.937106918239,25.15723270440252,1.257861635220126,96.22641509433964,1.257861635220126,1.257861635220126,0.0,0
610394,UPLIFT HS,Uplift Community High School,HS,True,False,False,False,"9,10,11,12",9-12,102,75,50,21,58,25,9,9,0,0,0.0,1,0.0,0.0,True,Unknown,Unknown,True,Unknown,Unknown,"78, 81, 136, 144, 145, 146, 148, 151","Purple, Red",Unknown,,,76.9,67.2,81.0,78.9,Level 2,INTENSIVE SUPPORT,2021-22,Network 14,True,False,False,True,2005-09-01T00:00:00.000,Unknown,41.965547,-87.652473,60640.0,Unknown,Unknown,2021.0,73.52941176470588,49.01960784313725,20.588235294117645,56.86274509803921,24.509803921568626,8.823529411764707,8.823529411764707,0
610389,ORR HS,Orr Academy High School,HS,True,False,False,False,"9,10,11,12",9-12,228,191,54,17,175,46,3,0,0,0,0.0,4,0.0,0.0,True,Unknown,Unknown,Unknown,Unknown,Unknown,"53, 66",Unknown,Unknown,,,38.3,67.2,31.6,78.9,Level 3,INTENSIVE SUPPORT,2021-22,Network 15,True,False,False,True,2008-07-01T00:00:00.000,Unknown,41.894449,-87.726166,60624.0,Unknown,Unknown,2021.0,83.77192982456141,23.684210526315788,7.456140350877193,76.75438596491229,20.175438596491222,1.3157894736842104,0.0,1
609744,NORTHSIDE LEARNING HS,Northside Learning Center High School,HS,True,False,False,False,"9,10,11,12",9-12,266,196,265,107,46,145,51,18,1,0,0.0,4,1.0,0.0,True,Unknown,Unknown,Unknown,Unknown,Unknown,Unknown,Unknown,Unknown,,,0.0,67.2,0.0,78.9,Inability to Rate,GOOD STANDING,2021-22,Network 14,False,False,False,False,2004-09-01T00:00:00.000,Unknown,41.982973,-87.722386,60659.0,Unknown,Unknown,2021.0,73.68421052631578,99.62406015037594,40.22556390977444,17.293233082706767,54.51127819548872,19.172932330827063,6.7669172932330826,1
609760,CARVER MILITARY HS,George Washington Carver Military Academy HS,HS,True,False,False,False,"9,10,11,12",9-12,413,360,48,54,171,236,3,0,0,0,0.0,3,0.0,0.0,True,Unknown,Unknown,Unknown,Unknown,Unknown,34,Red,Unknown,,,64.0,67.2,96.2,78.9,Level 1,GOOD STANDING,2021-22,Network 17,True,False,False,True,2004-09-01T00:00:00.000,Unknown,41.65629,-87.59062,60827.0,Unknown,Unknown,2021.0,87.16707021791767,11.62227602905569,13.075060532687653,41.404358353510894,57.14285714285714,0.7263922518159807,0.0,0
400035,CHICAGO MATH & SCIENCE HS,Chicago Math and Science Academy Charter School,HS,True,True,True,False,"6,7,8,9,10,11,12",6-12,601,500,70,219,245,234,46,62,2,0,0.0,11,1.0,0.0,True,Unknown,Unknown,Unknown,Unknown,Unknown,22,Red,Union Pacific North (UP-N),,,70.2,67.2,86.2,78.9,Level 1,NOT APPLICABLE,2021-22,Charter,True,False,False,True,2004-09-01T00:00:00.000,Unknown,42.013031,-87.674818,60626.0,Unknown,Unknown,2021.0,83.19467554076539,11.647254575707152,36.43926788685524,40.76539101497504,38.93510815307821,7.653910149750416,10.316139767054908,0
609715,KELLY HS,Thomas Kelly College Preparatory,HS,True,False,False,False,"9,10,11,12",9-12,1746,1613,313,655,56,1450,26,201,2,0,0.0,4,2.0,5.0,True,Unknown,Unknown,Unknown,Unknown,Unknown,"39, 62, 94",Orange,Unknown,,,66.7,67.2,67.0,78.9,Level 2+,GOOD STANDING,2021-22,Network 16,True,False,False,True,2004-09-01T00:00:00.000,Unknown,41.818729,-87.694639,60632.0,Unknown,Unknown,2021.0,92.38258877434136,17.926689576174113,37.514318442153495,3.2073310423825885,83.04696449026346,1.4891179839633446,11.512027491408936,1
609680,PAYTON HS,Walter Payton College Preparatory High School,HS,True,False,False,False,"9,10,11,12",9-12,1230,372,107,21,110,299,464,301,2,0,0.0,48,6.0,0.0,False,Unknown,Unknown,Unknown,Unknown,True,"11, 36, 70","Brown, Red",Unknown,,,92.2,67.2,96.4,78.9,Level 1+,GOOD STANDING,2021-22,Network 15,True,False,False,True,2004-09-01T00:00:00.000,Unknown,41.901575,-87.635385,60610.0,Unknown,Unknown,2021.0,30.24390243902439,8.699186991869919,1.707317073170732,8.94308943089431,24.30894308943089,37.72357723577236,24.471544715447155,0
400142,YCCS - VIRTUAL,YCCS-Virtual HS,HS,True,False,False,False,"9,10,11,12",9-12,0,0,0,0,0,0,0,0,0,0,0.0,0,0.0,0.0,Unknown,Unknown,Unknown,Unknown,Unknown,Unknown,Unknown,Unknown,Unknown,,,59.75,67.2,81.1,78.9,Inability to Rate,NOT APPLICABLE,2021-22,Options,False,False,False,False,2012-07-01T00:00:00.000,2020-06-30T00:00:00.000,41.876317,-87.674138,60612.0,Unknown,Unknown,2021.0,0.0,0.0,0.0,0.0,0.0,0.0,0.0,1
610518,AUSTIN CCA HS,Austin College and Career Academy High School,HS,True,False,False,False,"9,10,11,12",9-12,161,133,48,3,152,7,2,0,0,0,0.0,0,0.0,0.0,True,Unknown,Unknown,Unknown,Unknown,Unknown,"20, 57, 85",Green,Unknown,,,43.3,67.2,64.7,78.9,Level 2,INTENSIVE SUPPORT,2021-22,Network 15,True,False,False,True,2008-07-01T00:00:00.000,Unknown,41.885993,-87.761916,60644.0,Unknown,Unknown,2021.0,82.6086956521739,29.81366459627329,1.8633540372670807,94.40993788819875,4.3478260869565215,1.2422360248447204,0.0,1
609748,YORK HS,Consuella B York Alternative HS,HS,True,False,False,False,"9,10,11,12",9-12,164,126,63,3,127,36,0,0,0,0,0.0,1,0.0,0.0,True,Unknown,Unknown,Unknown,Unknown,Unknown,Unknown,Unknown,Unknown,,,4.0,67.2,1.6,78.9,Inability to Rate,GOOD STANDING,2021-22,Network 16,False,False,False,False,2004-09-01T00:00:00.000,Unknown,41.842533,-87.695261,60608.0,Unknown,Unknown,2021.0,76.82926829268293,38.41463414634146,1.829268292682927,77.4390243902439,21.951219512195124,0.0,0.0,1
610385,MULTICULTURAL ARTS HIGH SCHOOL,Multicultural Arts High School,HS,True,False,False,False,"9,10,11,12",9-12,248,222,54,86,45,201,1,0,1,0,0.0,0,0.0,0.0,True,Unknown,Unknown,Unknown,Unknown,Unknown,"53, 53A, 54B, 82",Unknown,Unknown,,,61.4,67.2,79.2,78.9,Level 2+,GOOD STANDING,2021-22,Network 15,True,False,False,True,2004-09-01T00:00:00.000,Unknown,41.835282,-87.735283,60623.0,Unknown,Unknown,2021.0,89.51612903225806,21.774193548387096,34.67741935483871,18.14516129032258,81.04838709677419,0.4032258064516129,0.0,1
609751,KING HS,Dr  Martin Luther King  Jr  College Prep HS,HS,True,False,False,False,"9,10,11,12",9-12,588,474,82,10,552,18,5,4,1,0,0.0,7,1.0,0.0,True,Unknown,Unknown,True,Unknown,Unknown,"4, 43, 47","Green, Red",Metra Electric District (ME),,,86.3,67.2,96.9,78.9,Level 1,GOOD STANDING,2021-22,Network 17,True,False,False,True,2004-09-01T00:00:00.000,Unknown,41.813675,-87.603874,60653.0,Unknown,Unknown,2021.0,80.61224489795919,13.945578231292515,1.7006802721088436,93.87755102040816,3.061224489795918,0.8503401360544218,0.6802721088435374,0
609769,GRAHAM HS,Ray Graham Training Center High School,HS,True,False,False,False,"9,10,11,12",9-12,239,220,239,100,89,127,8,9,3,0,0.0,2,1.0,0.0,True,Unknown,Unknown,Unknown,Unknown,Unknown,Unknown,"Green, Red",Unknown,,,10.7,67.2,81.1,78.9,Inability to Rate,GOOD STANDING,2021-22,Network 14,False,False,False,False,2004-09-01T00:00:00.000,Unknown,41.849675,-87.625315,60616.0,Unknown,Unknown,2021.0,92.05020920502092,100.0,41.84100418410041,37.238493723849366,53.13807531380753,3.3472803347280333,3.765690376569038,1
609739,WASHINGTON HS,George Washington High School,HS,True,False,False,False,"9,10,11,12",9-12,1494,1255,272,331,107,1314,53,1,8,0,0.0,8,2.0,1.0,True,Unknown,Unknown,Unknown,Unknown,Unknown,30,Unknown,Unknown,,,62.0,67.2,80.9,78.9,Level 2+,GOOD STANDING,2021-22,Network 17,True,False,False,True,2004-09-01T00:00:00.000,Unknown,41.688137,-87.53757,60617.0,Unknown,Unknown,2021.0,84.00267737617135,18.20615796519411,22.155287817938422,7.161981258366801,87.95180722891565,3.547523427041499,0.0669344042838018,0
400147,CHICAGO EXCEL HS,Chicago Excel Academy HS,HS,True,False,False,False,"9,10,11,12",9-12,216,169,24,1,199,6,0,0,0,0,0.0,1,0.0,10.0,True,Unknown,Unknown,Unknown,Unknown,Unknown,111,Unknown,Unknown,,,31.3,67.2,28.9,78.9,Level 2+,GOOD STANDING,2021-22,Options,False,False,False,False,2012-07-01T00:00:00.000,Unknown,41.691953,-87.654248,60643.0,Unknown,Unknown,2021.0,78.24074074074075,11.11111111111111,0.4629629629629629,92.12962962962963,2.7777777777777777,0.0,0.0,1
400104,INSTITUTO - HEALTH,Instituto Health Sciences Career Academy,HS,True,False,False,False,"9,10,11,12",9-12,627,536,126,304,23,596,5,0,2,0,0.0,0,1.0,0.0,True,Unknown,Unknown,Unknown,Unknown,Unknown,"49, 60","Blue, Orange, Pink",BNSF Railway (BNSF),,,48.7,67.2,86.2,78.9,Level 2,NOT APPLICABLE,2021-22,Charter,True,False,False,True,2010-07-01T00:00:00.000,Unknown,41.845967,-87.68724,60608.0,Unknown,Unknown,2021.0,85.48644338118022,20.095693779904305,48.48484848484848,3.668261562998405,95.05582137161085,0.7974481658692184,0.0,1
609754,CHICAGO MILITARY HS,Chicago Military Academy High School,HS,True,False,False,False,"9,10,11,12",9-12,229,202,30,30,143,76,4,0,2,0,0.0,1,0.0,3.0,True,Unknown,Unknown,Unknown,Unknown,Unknown,"1, 3, 4, 35","Green, Red",Rock Island District (RI),,,70.3,67.2,89.8,78.9,Level 2+,GOOD STANDING,2021-22,Network 17,True,False,False,True,2004-09-01T00:00:00.000,Unknown,41.830555,-87.619216,60653.0,Unknown,Unknown,2021.0,88.20960698689956,13.100436681222709,13.100436681222709,62.44541484716157,33.18777292576419,1.7467248908296942,0.0,0
400052,NOBLE - COMER,Noble - Gary Comer College Prep,HS,True,True,True,False,"6,7,8,9,10,11,12",6-12,1043,787,149,15,1002,23,1,0,1,0,0.0,14,0.0,2.0,True,Unknown,Unknown,Unknown,Unknown,Unknown,"4, 30, 71",Unknown,Unknown,,,86.4,67.2,85.0,78.9,Level 1,NOT APPLICABLE,2021-22,Charter,True,False,False,True,2008-07-01T00:00:00.000,Unknown,41.764083,-87.601974,60619.0,Unknown,Unknown,2021.0,75.45541706615532,14.285714285714285,1.4381591562799616,96.06903163950145,2.205177372962608,0.0958772770853307,0.0,0
400171,FOUNDATIONS,Foundations College Preparatory Charter School,HS,True,True,True,False,"6,7,8,9,10,11,12",6-12,0,0,0,0,0,0,0,0,0,0,0.0,0,0.0,0.0,True,Unknown,Unknown,Unknown,Unknown,Unknown,"111, 108, 8A",Red,Rock Island District (RI),,,59.75,67.2,81.1,78.9,Level 2,NOT APPLICABLE,2021-22,Charter,True,False,False,True,2014-07-01T00:00:00.000,2020-06-30T00:00:00.000,41.694671,-87.653535,60643.0,Unknown,Unknown,2021.0,0.0,0.0,0.0,0.0,0.0,0.0,0.0,1
609740,WELLS HS,Wells Community Academy High School,HS,True,False,False,False,"9,10,11,12",9-12,312,217,79,75,147,113,45,1,0,0,0.0,6,0.0,0.0,True,Unknown,Unknown,Unknown,Unknown,Unknown,"9, 56, 66","Blue, Green",Unknown,,,57.8,67.2,73.9,78.9,Level 2,PROVISIONAL SUPPORT,2021-22,Network 15,True,False,False,True,2004-09-01T00:00:00.000,Unknown,41.898995,-87.667483,60622.0,Unknown,Unknown,2021.0,69.55128205128204,25.320512820512818,24.03846153846154,47.11538461538461,36.21794871794872,14.423076923076922,0.3205128205128205,1
400113,CICS - CHICAGOQUEST HS,CICS - ChicagoQuest North,HS,True,False,False,False,"9,10,11,12",9-12,5,0,3,0,4,1,0,0,0,0,0.0,0,0.0,0.0,True,Unknown,Unknown,Unknown,Unknown,Unknown,"8, 9, 72","Blue, Red",Unknown,,,62.5,67.2,80.6,78.9,Level 2,NOT APPLICABLE,2021-22,Charter,True,False,False,True,2011-07-01T00:00:00.000,2021-06-30T00:00:00.000,41.907797,-87.645561,60610.0,Unknown,Unknown,2021.0,0.0,60.0,0.0,80.0,20.0,0.0,0.0,0
400150,YCCS - CHATHAM,YCCS-Chatham AcademyHS,HS,True,False,False,False,"9,10,11,12",9-12,120,99,28,0,115,5,0,0,0,0,0.0,0,0.0,0.0,True,Unknown,Unknown,Unknown,Unknown,Unknown,"4, 87, 95, 79",Red,Unknown,,,23.1,67.2,81.1,78.9,Level 1,NOT APPLICABLE,2021-22,Options,False,False,False,False,2012-07-01T00:00:00.000,Unknown,41.730131,-87.60698,60619.0,Unknown,Unknown,2021.0,82.5,23.33333333333333,0.0,95.83333333333334,4.166666666666666,0.0,0.0,1
400056,NOBLE - ROWE CLARK HS,Noble - Rowe-Clark Math and Science Academy,HS,True,False,False,False,"9,10,11,12",9-12,396,345,88,28,335,58,0,0,0,0,0.0,3,0.0,0.0,True,Unknown,Unknown,Unknown,Unknown,Unknown,"53, 66, 82","Blue, Brown, Green",Unknown,,,74.6,67.2,78.8,78.9,Level 1,NOT APPLICABLE,2021-22,Charter,True,False,False,True,2004-09-01T00:00:00.000,Unknown,41.895362,-87.718047,60651.0,Unknown,Unknown,2021.0,87.12121212121212,22.22222222222222,7.07070707070707,84.59595959595958,14.646464646464649,0.0,0.0,1
610594,PATHWAYS - HUMBOLDT PARK HS,Pathways in Education - Humboldt Park HS,HS,True,False,False,False,"9,10,11,12",9-12,147,116,24,17,51,89,6,1,0,0,0.0,0,0.0,0.0,Unknown,Unknown,Unknown,Unknown,Unknown,Unknown,Unknown,Unknown,Unknown,,,59.75,67.2,81.1,78.9,Inability to Rate,GOOD STANDING,2021-22,Options,False,False,False,False,2019-08-01T00:00:00.000,Unknown,41.902841,-87.687946,60622.0,Unknown,Unknown,2021.0,78.91156462585033,16.3265306122449,11.564625850340136,34.69387755102041,60.544217687074834,4.081632653061225,0.6802721088435374,1
400128,YCCS - CCA ACADEMY,YCCS-CCA Academy HS,HS,True,False,False,False,"9,10,11,12",9-12,116,96,37,0,110,3,1,0,0,0,0.0,2,0.0,0.0,True,Unknown,Unknown,Unknown,Unknown,Unknown,"12, 53",Blue,Unknown,,,13.7,67.2,81.1,78.9,Level 1,NOT APPLICABLE,2021-22,Options,False,False,False,False,2012-07-01T00:00:00.000,Unknown,41.864943,-87.723662,60623.0,Unknown,Unknown,2021.0,82.75862068965517,31.89655172413793,0.0,94.82758620689656,2.586206896551724,0.8620689655172413,0.0,1
610524,ALCOTT HS,Louisa May Alcott College Preparatory HS,HS,True,False,False,False,"9,10,11,12",9-12,346,245,121,71,60,227,46,4,4,0,0.0,4,1.0,0.0,True,Unknown,Unknown,Unknown,Unknown,Unknown,"49, 50, 76, 77","Blue, Red",Unknown,,,76.2,67.2,92.1,78.9,Level 1,GOOD STANDING,2021-22,Network 15,True,False,False,True,2009-07-01T00:00:00.000,Unknown,41.935795,-87.680562,60618.0,Unknown,Unknown,2021.0,70.8092485549133,34.971098265895954,20.520231213872837,17.341040462427745,65.60693641618496,13.294797687861273,1.1560693641618496,0
400022,CHIARTS HS,Chicago High School for the Arts (ChiArts),HS,True,False,False,False,"9,10,11,12",9-12,594,308,56,23,200,233,97,7,3,0,0.0,11,2.0,41.0,False,Unknown,Unknown,Unknown,Unknown,Unknown,"66, 70, 52, 49","Blue, Red",Union Pacific North (UP-N),,,80.1,67.2,86.1,78.9,Level 1,GOOD STANDING,2021-22,Contract,True,False,False,True,2009-07-01T00:00:00.000,Unknown,41.899377,-87.694945,60622.0,Unknown,Unknown,2021.0,51.85185185185185,9.427609427609427,3.872053872053872,33.670033670033675,39.225589225589225,16.329966329966332,1.1784511784511784,0
400127,YCCS - AUSTIN CAREER,YCCS-Austin Career Education Center HS,HS,True,False,False,False,"9,10,11,12",9-12,0,0,0,0,0,0,0,0,0,0,0.0,0,0.0,0.0,True,Unknown,Unknown,Unknown,Unknown,Unknown,"57, 66","Green, Red",Unknown,,,7.8,67.2,81.1,78.9,Level 1+,NOT APPLICABLE,2021-22,Options,False,False,False,False,2012-07-01T00:00:00.000,2022-07-01T00:00:00.000,41.894976,-87.760221,60651.0,Unknown,Unknown,2021.0,0.0,0.0,0.0,0.0,0.0,0.0,0.0,1
400125,YCCS - ASPIRA PANTOJA,"YCCS-ASPIRA,Antonia Pantoja Alternative HS",HS,True,False,False,False,"9,10,11,12",9-12,175,139,34,65,17,152,6,0,0,0,0.0,0,0.0,0.0,True,Unknown,Unknown,Unknown,Unknown,Unknown,"53, 77",Blue,Unknown,,,20.8,67.2,81.1,78.9,Level 2+,NOT APPLICABLE,2021-22,Options,False,False,False,False,2012-07-01T00:00:00.000,Unknown,41.938187,-87.727137,60641.0,Unknown,Unknown,2021.0,79.42857142857143,19.428571428571427,37.142857142857146,9.714285714285714,86.85714285714286,3.428571428571429,0.0,1
400053,NOBLE - GOLDER HS,Noble - Golder College Prep,HS,True,False,False,False,"9,10,11,12",9-12,639,510,98,146,145,473,11,2,2,0,0.0,4,1.0,1.0,True,Unknown,Unknown,Unknown,Unknown,Unknown,"9, 65, 66",Blue,Unknown,,,91.0,67.2,85.2,78.9,Level 1+,NOT APPLICABLE,2021-22,Charter,True,False,False,True,2004-09-01T00:00:00.000,Unknown,41.895282,-87.664483,60642.0,Unknown,Unknown,2021.0,79.81220657276995,15.336463223787169,22.848200312989047,22.69170579029734,74.02190923317684,1.7214397496087637,0.3129890453834116,0
609676,DUNBAR HS,Paul Laurence Dunbar Career Academy High School,HS,True,False,False,False,"9,10,11,12",9-12,461,430,106,6,441,16,0,0,1,0,0.0,1,0.0,2.0,True,Unknown,Unknown,Unknown,Unknown,Unknown,"1, 3, 4",Unknown,Metra Electric District (ME),,,57.6,67.2,67.0,78.9,Level 2,INTENSIVE SUPPORT,2021-22,Network 17,True,False,False,True,2004-09-01T00:00:00.000,Unknown,41.840226,-87.617637,60616.0,Unknown,Unknown,2021.0,93.27548806941432,22.99349240780911,1.3015184381778742,95.66160520607376,3.470715835140998,0.0,0.0,1
400130,YCCS - YOUTH DEVELOPMENT,YCCS-Community Youth Development Institute HS,HS,True,False,False,False,"9,10,11,12",9-12,85,74,15,1,81,3,0,0,0,0,0.0,1,0.0,0.0,True,Unknown,Unknown,Unknown,Unknown,Unknown,"8, 79",Unknown,Unknown,,,22.4,67.2,81.1,78.9,Level 1,NOT APPLICABLE,2021-22,Options,False,False,False,False,2012-07-01T00:00:00.000,Unknown,41.751377,-87.641731,60620.0,Unknown,Unknown,2021.0,87.05882352941177,17.647058823529413,1.1764705882352942,95.2941176470588,3.5294117647058822,0.0,0.0,1
400170,NOBLE - ACADEMY HS,Noble - The Noble Academy,HS,True,False,False,False,"9,10,11,12",9-12,595,458,81,101,254,302,7,19,1,0,0.0,9,0.0,3.0,True,Unknown,Unknown,Unknown,Unknown,Unknown,"8, 64, 70, 156, 37","Brown, Purple, Red",Unknown,,,91.5,67.2,81.1,78.9,Level 1+,NOT APPLICABLE,2021-22,Charter,True,False,False,True,2014-07-01T00:00:00.000,Unknown,41.906879,-87.645577,60610.0,Unknown,Unknown,2021.0,76.9747899159664,13.61344537815126,16.974789915966387,42.6890756302521,50.7563025210084,1.1764705882352942,3.193277310924369,0
610543,SOLORIO HS,Eric Solorio Academy High School,HS,True,False,False,False,"9,10,11,12",9-12,1225,1109,146,295,13,1190,11,5,3,0,0.0,3,0.0,0.0,True,Unknown,Unknown,True,Unknown,Unknown,"52, 52A, 55",Orange,Unknown,,,73.5,67.2,90.2,78.9,Level 1,GOOD STANDING,2021-22,AUSL,True,False,False,True,2010-07-01T00:00:00.000,Unknown,41.795201,-87.711059,60632.0,Unknown,Unknown,2021.0,90.53061224489797,11.918367346938776,24.081632653061224,1.0612244897959184,97.14285714285714,0.8979591836734694,0.4081632653061224,0
400115,CATALYST - MARIA,Catalyst - Maria Charter School,ES,True,True,True,False,"K,1,2,3,4,5,6,7,8,9,10,11,12",K-12,556,467,65,140,275,262,12,0,0,0,0.0,4,0.0,3.0,True,Unknown,Unknown,Unknown,Unknown,Unknown,"52A, 67, 94",Unknown,Unknown,,,68.5,67.2,77.4,78.9,Level 1,NOT APPLICABLE,2021-22,Charter,True,False,False,True,2012-07-01T00:00:00.000,Unknown,41.770992,-87.693075,60629.0,Unknown,Unknown,2021.0,83.99280575539568,11.690647482014388,25.179856115107917,49.460431654676256,47.122302158273385,2.158273381294964,0.0,1
400066,PERSPECTIVES - MATH & SCI HS,Perspectives - Math and Science Academy,HS,True,True,True,False,"6,7,8,9,10,11,12",6-12,408,342,47,5,392,7,2,1,1,0,0.0,0,0.0,5.0,True,Unknown,Unknown,Unknown,Unknown,Unknown,"1, 29, 35",Green,Unknown,,,59.7,67.2,83.0,78.9,Level 2,NOT APPLICABLE,2021-22,Charter,True,False,False,True,2008-07-01T00:00:00.000,Unknown,41.827784,-87.624788,60653.0,Unknown,Unknown,2021.0,83.82352941176471,11.519607843137257,1.2254901960784317,96.07843137254902,1.715686274509804,0.4901960784313725,0.2450980392156862,1
400094,EPIC HS,EPIC Academy Charter High School,HS,True,False,False,False,"9,10,11,12",9-12,330,311,85,59,186,130,2,0,1,0,0.0,1,0.0,10.0,True,Unknown,Unknown,Unknown,Unknown,Unknown,"5, 26, 71",Unknown,Metra Electric District (ME),,,78.3,67.2,76.6,78.9,Level 2+,NOT APPLICABLE,2021-22,Charter,True,False,False,True,2009-07-01T00:00:00.000,Unknown,41.744849,-87.550222,60617.0,Unknown,Unknown,2021.0,94.24242424242424,25.75757575757576,17.87878787878788,56.36363636363636,39.39393939393939,0.6060606060606061,0.0,1
609709,GAGE PARK HS,Gage Park High School,HS,True,False,False,False,"9,10,11,12",9-12,338,289,64,112,109,223,3,0,0,0,0.0,2,1.0,0.0,True,Unknown,Unknown,Unknown,Unknown,Unknown,"49, 55, 94",Green,Unknown,,,42.9,67.2,72.2,78.9,Level 2,INTENSIVE SUPPORT,2021-22,Network 16,True,False,False,True,2004-09-01T00:00:00.000,Unknown,41.791013,-87.688954,60629.0,Unknown,Unknown,2021.0,85.50295857988166,18.93491124260355,33.13609467455622,32.24852071005917,65.97633136094674,0.8875739644970414,0.0,1
609745,SOUTHSIDE HS,Southside Occupational Academy High School,HS,True,False,False,False,"11,12",11-12,359,303,359,84,219,126,13,0,0,0,0.0,1,0.0,0.0,True,Unknown,Unknown,Unknown,Unknown,Unknown,Unknown,Unknown,Unknown,,,0.0,67.2,81.1,78.9,Inability to Rate,GOOD STANDING,2021-22,ISP,False,False,False,False,2004-09-01T00:00:00.000,Unknown,41.759852,-87.675947,60636.0,Unknown,Unknown,2021.0,84.40111420612814,100.0,23.3983286908078,61.00278551532033,35.097493036211695,3.62116991643454,0.0,1
609783,JEFFERSON HS,Nancy B Jefferson Alternative HS,HS,True,True,True,False,"6,7,8,9,10,11,12",6-12,154,107,65,6,123,28,3,0,0,0,0.0,0,0.0,0.0,True,Unknown,Unknown,Unknown,Unknown,Unknown,Unknown,Unknown,Unknown,,,59.75,67.2,5.2,78.9,Inability to Rate,GOOD STANDING,2021-22,Network 16,False,False,False,False,2004-09-01T00:00:00.000,Unknown,41.867832,-87.680418,60612.0,Unknown,Unknown,2021.0,69.48051948051948,42.2077922077922,3.896103896103896,79.87012987012987,18.181818181818183,1.948051948051948,0.0,1
609764,JUAREZ HS,Benito Juarez Community Academy High School,HS,True,False,False,False,"9,10,11,12",9-12,1599,1436,237,474,42,1509,26,10,8,0,0.0,2,0.0,2.0,True,Unknown,Unknown,Unknown,Unknown,Unknown,"9, 21, 60","Blue, Pink, Red",Unknown,,,62.8,67.2,82.0,78.9,Level 2+,GOOD STANDING,2021-22,Network 15,True,False,False,True,2004-09-01T00:00:00.000,Unknown,41.852667,-87.663732,60608.0,Unknown,Unknown,2021.0,89.80612883051907,14.821763602251409,29.643527204502814,2.6266416510318957,94.37148217636022,1.6260162601626018,0.6253908692933083,0
610402,DEVRY HS,DeVry University Advantage Academy HS,HS,True,False,False,False,"11,12",11-12,134,94,4,2,29,76,18,8,0,0,0.0,1,2.0,0.0,True,Unknown,Unknown,Unknown,Unknown,Unknown,"49, 77, 52",Unknown,Unknown,,,81.1,67.2,81.1,78.9,Level 1+,GOOD STANDING,2021-22,Network 14,False,False,False,False,2004-09-01T00:00:00.000,Unknown,41.941388,-87.690761,60640.0,Unknown,Unknown,2021.0,70.1492537313433,2.985074626865672,1.4925373134328357,21.64179104477612,56.71641791044776,13.432835820895525,5.970149253731343,0
400126,YCCS - ASSOCIATION HOUSE,YCCS-Association House HS,HS,True,False,False,False,"9,10,11,12",9-12,78,66,18,11,25,44,2,0,1,0,0.0,1,2.0,3.0,True,Unknown,Unknown,Unknown,Unknown,Unknown,"70, 65, 82, 94",Blue,Unknown,,,21.1,67.2,81.1,78.9,Level 1+,NOT APPLICABLE,2021-22,Options,False,False,False,False,2012-07-01T00:00:00.000,Unknown,41.901572,-87.70686,60651.0,Unknown,Unknown,2021.0,84.61538461538461,23.07692307692308,14.102564102564102,32.05128205128205,56.41025641025641,2.564102564102564,0.0,1
610513,AIR FORCE HS,Air Force Academy High School,HS,True,False,False,False,"9,10,11,12",9-12,142,117,14,24,79,54,7,1,0,0,0.0,0,1.0,0.0,True,Unknown,Unknown,Unknown,Unknown,Unknown,"24, 35, 39, 44","Green, Red",Rock Island District (RI),,,62.5,67.2,83.7,78.9,Level 2+,GOOD STANDING,2021-22,Network 16,True,False,False,True,2009-07-01T00:00:00.000,Unknown,41.828145,-87.632757,60609.0,Unknown,Unknown,2021.0,82.3943661971831,9.859154929577464,16.901408450704224,55.633802816901415,38.0281690140845,4.929577464788732,0.7042253521126761,0
400136,YCCS - OLIVE HARVEY,YCCS-Olive Harvey Middle College HS,HS,True,False,False,False,"9,10,11,12",9-12,93,71,8,9,67,22,0,0,0,0,0.0,1,0.0,3.0,True,Unknown,Unknown,Unknown,Unknown,Unknown,"28, 6",Red,Unknown,,,16.0,67.2,81.1,78.9,Level 2,NOT APPLICABLE,2021-22,Options,False,False,False,False,2012-07-01T00:00:00.000,Unknown,41.712922,-87.592333,60628.0,Unknown,Unknown,2021.0,76.34408602150538,8.60215053763441,9.67741935483871,72.04301075268818,23.655913978494624,0.0,0.0,1
400059,NLCP - COLLINS HS,North Lawndale College Prep - Collins,HS,True,False,False,False,"9,10,11,12",9-12,432,409,73,2,419,8,1,0,1,0,0.0,0,0.0,3.0,True,Unknown,Unknown,Unknown,Unknown,Unknown,"12, 18, 52",Red,Unknown,,,64.2,67.2,72.9,78.9,Level 2+,NOT APPLICABLE,2021-22,Charter,True,False,False,True,2004-09-01T00:00:00.000,Unknown,41.864146,-87.700681,60623.0,Unknown,Unknown,2021.0,94.67592592592592,16.89814814814815,0.4629629629629629,96.99074074074076,1.851851851851852,0.2314814814814814,0.0,1
609692,SIMEON HS,Neal F Simeon Career Academy High School,HS,True,False,False,False,"9,10,11,12",9-12,1155,1059,172,9,1136,10,0,0,1,0,0.0,8,0.0,0.0,True,Unknown,Unknown,True,Unknown,Unknown,"24, 79",Red,Unknown,,,61.8,67.2,90.2,78.9,Level 2,PROVISIONAL SUPPORT,2021-22,Network 17,True,False,False,True,2004-09-01T00:00:00.000,Unknown,41.745781,-87.63541,60620.0,Unknown,Unknown,2021.0,91.68831168831169,14.891774891774892,0.7792207792207793,98.35497835497836,0.8658008658008658,0.0,0.0,0
609726,BROOKS HS,Gwendolyn Brooks College Preparatory Academy HS,HS,True,True,False,False,"7,8,9,10,11,12",7-12,974,626,71,2,768,180,10,2,1,0,0.0,6,2.0,5.0,True,Unknown,Unknown,True,Unknown,Unknown,34111119,Orange,Metra Electric District (ME),,,79.8,67.2,94.1,78.9,Level 1+,GOOD STANDING,2021-22,ISP,True,False,True,True,2004-09-01T00:00:00.000,Unknown,41.692763,-87.616353,60628.0,Unknown,Unknown,2021.0,64.27104722792608,7.289527720739219,0.2053388090349076,78.85010266940452,18.480492813141684,1.026694045174538,0.2053388090349076,0
400117,NOBLE - HANSBERRY HS,Noble - Hansberry College Prep,HS,True,False,False,False,"9,10,11,12",9-12,499,389,105,3,485,6,2,0,0,0,0.0,5,0.0,1.0,True,Unknown,Unknown,Unknown,Unknown,Unknown,"87, 24, 4",Red,Rock Island District (RI),,,80.3,67.2,86.9,78.9,Level 2+,NOT APPLICABLE,2021-22,Charter,True,False,False,True,2012-07-01T00:00:00.000,Unknown,41.734442,-87.650987,60620.0,Unknown,Unknown,2021.0,77.9559118236473,21.04208416833667,0.6012024048096193,97.1943887775551,1.2024048096192386,0.4008016032064128,0.0,0
400172,ASPIRA - BUSINESS & FINANCE HS,ASPIRA Business and Finance,HS,True,False,False,False,"9,10,11,12",9-12,504,389,117,210,17,474,7,0,3,0,0.0,1,1.0,1.0,True,Unknown,Unknown,Unknown,Unknown,Unknown,56,Blue,Unknown,,,59.75,67.2,81.1,78.9,Level 2+,NOT APPLICABLE,2021-22,Charter,True,False,False,True,2015-07-01T00:00:00.000,Unknown,41.935726,-87.718204,60618.0,Unknown,Unknown,2021.0,77.18253968253968,23.214285714285715,41.66666666666667,3.373015873015873,94.04761904761904,1.3888888888888888,0.0,1
400123,YCCS - SCHOLASTIC ACHIEVEMENT,YCCS- Academy of Scholastic Achievement HS,HS,True,False,False,False,"9,10,11,12",9-12,126,108,18,1,117,7,1,0,0,0,0.0,1,0.0,0.0,True,Unknown,Unknown,Unknown,Unknown,Unknown,"20, 54",Green,Unknown,,,11.5,67.2,81.1,78.9,Level 1+,NOT APPLICABLE,2021-22,Options,False,False,False,False,2012-07-01T00:00:00.000,Unknown,41.880447,-87.742539,60644.0,Unknown,Unknown,2021.0,85.71428571428571,14.285714285714285,0.7936507936507936,92.85714285714286,5.555555555555555,0.7936507936507936,0.0,1
609724,MATHER HS,Stephen T Mather High School,HS,True,False,False,False,"9,10,11,12",9-12,1642,1312,263,583,249,795,217,345,6,0,0.0,25,5.0,0.0,True,Unknown,Unknown,Unknown,Unknown,Unknown,"11, 84, 93","Brown, Red",Unknown,,,74.3,67.2,79.1,78.9,Level 1,GOOD STANDING,2021-22,Network 14,True,False,False,True,2004-09-01T00:00:00.000,Unknown,41.987589,-87.702496,60659.0,Unknown,Unknown,2021.0,79.90255785627284,16.017052375152254,35.505481120584655,15.164433617539586,48.416565164433614,13.215590742996348,21.010962241169302,1
400091,CHICAGO TECH HS,Chicago Technology Academy High School,HS,True,False,False,False,"9,10,11,12",9-12,423,375,91,15,354,59,4,0,0,0,0.0,3,2.0,1.0,True,Unknown,Unknown,Unknown,Unknown,Unknown,"12, 60","Blue, Pink, Red",Unknown,,,63.3,67.2,88.9,78.9,Level 2,PROVISIONAL SUPPORT,2021-22,Contract,True,False,False,True,2009-07-01T00:00:00.000,Unknown,41.863301,-87.659095,60608.0,Unknown,Unknown,2021.0,88.65248226950354,21.5130023640662,3.546099290780142,83.68794326241135,13.947990543735225,0.9456264775413712,0.0,0
400144,YCCS - WEST,YCCS-West HS,HS,True,False,False,False,"9,10,11,12",9-12,75,62,20,2,63,11,0,0,0,0,0.0,1,0.0,0.0,True,Unknown,Unknown,Unknown,Unknown,Unknown,"70, 54","Blue, Green",Unknown,,,16.9,67.2,81.1,78.9,Level 2+,NOT APPLICABLE,2021-22,Options,False,False,False,False,2012-07-01T00:00:00.000,Unknown,41.90224,-87.74881,60651.0,Unknown,Unknown,2021.0,82.66666666666667,26.666666666666668,2.666666666666667,84.0,14.666666666666666,0.0,0.0,1
609755,YOUNG HS,Whitney M Young Magnet High School,HS,True,True,False,False,"7,8,9,10,11,12",7-12,2149,780,188,41,369,613,540,520,7,0,0.0,82,18.0,0.0,False,Unknown,Unknown,True,True,Unknown,"9, 20, 126",Blue,Unknown,,,88.4,67.2,99.1,78.9,Level 1+,GOOD STANDING,2021-22,Network 15,True,False,True,True,2004-09-01T00:00:00.000,Unknown,41.878603,-87.664233,60607.0,Unknown,Unknown,2021.0,36.29595160539786,8.748255002326664,1.907864122847836,17.170777105630524,28.5248953001396,25.127966496044674,24.19730107026524,0
400173,PATHWAYS - BRIGHTON PARK HS,Pathways in Education- Brighton Park,HS,True,False,False,False,"9,10,11,12",9-12,408,321,61,80,15,378,9,2,4,0,0.0,0,0.0,0.0,Unknown,Unknown,Unknown,Unknown,Unknown,Unknown,Unknown,Unknown,Unknown,,,19.4,67.2,11.3,78.9,Level 2+,NOT APPLICABLE,2021-22,Options,False,False,False,False,2014-07-01T00:00:00.000,Unknown,41.808226,-87.702645,60632.0,Unknown,Unknown,2021.0,78.67647058823529,14.950980392156865,19.607843137254903,3.6764705882352944,92.64705882352942,2.2058823529411766,0.4901960784313725,1
610304,PHOENIX MILITARY HS,Phoenix Military Academy High School,HS,True,False,False,False,"9,10,11,12",9-12,462,407,27,66,60,380,12,5,0,0,0.0,3,1.0,1.0,True,Unknown,Unknown,Unknown,Unknown,Unknown,"20, 49, 126","Blue, Green",Unknown,,,70.4,67.2,95.8,78.9,Level 1+,GOOD STANDING,2021-22,ISP,True,False,False,True,2004-09-01T00:00:00.000,Unknown,41.879118,-87.68696,60612.0,Unknown,Unknown,2021.0,88.09523809523809,5.844155844155844,14.285714285714285,12.987012987012983,82.25108225108225,2.5974025974025974,1.0822510822510822,0
609766,VAUGHN HS,Jacqueline B Vaughn Occupational High School,HS,True,False,False,False,"9,10,11,12",9-12,196,147,196,75,32,119,37,5,0,0,0.0,1,1.0,1.0,True,Unknown,Unknown,Unknown,Unknown,Unknown,Unknown,Unknown,Unknown,,,6.1,67.2,0.0,78.9,Inability to Rate,GOOD STANDING,2021-22,Network 14,False,False,False,False,2004-09-01T00:00:00.000,Unknown,41.960364,-87.764663,60641.0,Unknown,Unknown,2021.0,75.0,100.0,38.265306122448976,16.3265306122449,60.71428571428571,18.877551020408163,2.5510204081632653,1
610561,CRANE MEDICAL HS,Richard T Crane Medical Preparatory HS,HS,True,False,False,False,"9,10,11,12",9-12,313,283,33,5,267,41,2,0,0,0,0.0,2,1.0,0.0,True,Unknown,Unknown,Unknown,Unknown,Unknown,"9, 49, 50, 126",Blue,Unknown,,,76.0,67.2,89.4,78.9,Level 2+,GOOD STANDING,2021-22,Network 15,True,False,False,True,2013-07-01T00:00:00.000,Unknown,41.876947,-87.683301,60612.0,Unknown,Unknown,2021.0,90.41533546325878,10.543130990415335,1.5974440894568689,85.3035143769968,13.099041533546329,0.6389776357827476,0.0,0
610381,BRONZEVILLE HS,Bronzeville Scholastic Academy High School,HS,True,False,False,False,"9,10,11,12",9-12,73,67,20,1,67,4,1,0,0,0,0.0,0,1.0,0.0,True,Unknown,Unknown,Unknown,Unknown,Unknown,"1, 29","Green, Red",Metra Electric District (ME),,,69.4,67.2,86.1,78.9,Level 2,INTENSIVE SUPPORT,2021-22,Network 17,True,False,False,True,2004-09-01T00:00:00.000,Unknown,41.805204,-87.625004,60615.0,Unknown,Unknown,2021.0,91.78082191780824,27.3972602739726,1.36986301369863,91.78082191780824,5.47945205479452,1.36986301369863,0.0,0
609704,FARRAGUT HS,David G Farragut Career Academy High School,HS,True,False,False,False,"9,10,11,12",9-12,443,423,123,150,55,381,5,1,1,0,0.0,0,0.0,0.0,True,Unknown,Unknown,Unknown,Unknown,Unknown,"21, 52, 82",Pink,Unknown,,,54.5,67.2,68.9,78.9,Level 2+,GOOD STANDING,2021-22,Network 16,True,False,False,True,2004-09-01T00:00:00.000,Unknown,41.84856,-87.708706,60623.0,Unknown,Unknown,2021.0,95.48532731376976,27.765237020316025,33.86004514672686,12.415349887133182,86.00451467268623,1.1286681715575622,0.2257336343115124,1
610592,ENGLEWOOD STEM HS,Englewood STEM High School,HS,True,False,False,False,"9,10,11",9-11,774,675,181,43,698,70,2,1,0,0,0.0,3,0.0,0.0,Unknown,Unknown,Unknown,Unknown,Unknown,Unknown,Unknown,Unknown,Unknown,,,59.75,67.2,81.1,78.9,Inability to Rate,GOOD STANDING,2021-22,Network 16,True,False,Unknown,True,2019-07-01T00:00:00.000,Unknown,41.770251,-87.639061,60621.0,Unknown,Unknown,2021.0,87.20930232558139,23.38501291989664,5.555555555555555,90.18087855297158,9.043927648578812,0.2583979328165375,0.1291989664082687,1
400034,CICS - NORTHTOWN HS,CICS - Northtown,HS,True,False,False,False,"9,10,11,12",9-12,877,683,199,244,60,539,139,124,3,0,0.0,5,7.0,0.0,True,Unknown,Unknown,Unknown,Unknown,Unknown,"53, 84","Blue, Red",Unknown,,,81.5,67.2,92.1,78.9,Level 1,NOT APPLICABLE,2021-22,Charter,True,False,False,True,2004-09-01T00:00:00.000,Unknown,41.990245,-87.726504,60659.0,Unknown,Unknown,2021.0,77.87913340935006,22.69099201824401,27.822120866590648,6.841505131128849,61.45952109464082,15.849486887115166,14.139110604332952,0
609762,JULIAN HS,Percy L Julian High School,HS,True,False,False,False,"9,10,11,12",9-12,422,359,118,0,408,9,1,0,2,0,0.0,1,1.0,0.0,True,Unknown,Unknown,Unknown,Unknown,Unknown,"8A, 9, 103, 108, 112",Unknown,Rock Island District (RI),,,55.9,67.2,78.2,78.9,Level 2,INTENSIVE SUPPORT,2021-22,Network 16,True,False,False,True,2004-09-01T00:00:00.000,Unknown,41.705859,-87.653749,60643.0,Unknown,Unknown,2021.0,85.07109004739335,27.96208530805687,0.0,96.6824644549763,2.132701421800948,0.2369668246445497,0.0,1
609734,TAFT HS,William Howard Taft High School,HS,True,True,False,False,"7,8,9,10,11,12",7-12,4344,2146,566,584,130,1897,1829,296,14,0,0.0,78,30.0,70.0,False,Unknown,Unknown,True,Unknown,Unknown,"68, 86",Blue,Union Pacific Northwest (UP-NW),,,77.5,67.2,83.9,78.9,Level 1,GOOD STANDING,2021-22,Network 14,True,False,True,True,2004-09-01T00:00:00.000,Unknown,41.982961,-87.791547,60631.0,Unknown,Unknown,2021.0,49.40147329650092,13.029465930018416,13.443830570902392,2.992633517495396,43.66942909760589,42.10405156537753,6.8139963167587485,0
400137,LITTLE BLACK PEARL HS,Little Black Pearl Art and Design Academy,HS,True,False,False,False,"9,10,11,12",9-12,83,67,16,0,79,3,0,0,0,0,0.0,0,0.0,1.0,True,Unknown,Unknown,Unknown,Unknown,Unknown,47,Red,Unknown,,,68.8,67.2,48.4,78.9,Level 1,GOOD STANDING,2021-22,Options,False,False,False,False,2012-07-01T00:00:00.000,Unknown,41.809695,-87.59934,60653.0,Unknown,Unknown,2021.0,80.72289156626506,19.27710843373494,0.0,95.18072289156626,3.614457831325301,0.0,0.0,1
610557,PATHWAYS - ASHBURN HS,Pathways in Education- Ashburn,HS,True,False,False,False,"9,10,11,12",9-12,254,174,43,28,90,143,19,0,0,0,0.0,1,0.0,1.0,True,Unknown,Unknown,Unknown,Unknown,Unknown,Unknown,Unknown,Unknown,,,19.2,67.2,10.0,78.9,Level 2+,NOT APPLICABLE,2021-22,Options,False,False,False,False,2011-07-01T00:00:00.000,Unknown,41.735239,-87.70406,60652.0,Unknown,Unknown,2021.0,68.50393700787401,16.92913385826772,11.023622047244094,35.43307086614173,56.2992125984252,7.480314960629922,0.0,1
610323,BOWEN HS,Bowen High School,HS,True,False,False,False,"9,10,11,12",9-12,193,173,65,17,146,41,5,0,0,0,0.0,1,0.0,0.0,True,Unknown,Unknown,Unknown,Unknown,Unknown,"30, 87, 95E",Unknown,Metra Electric District (ME),,,45.5,67.2,57.1,78.9,Level 2,INTENSIVE SUPPORT,2021-22,Network 17,True,False,False,True,2004-09-01T00:00:00.000,Unknown,41.734627,-87.55755,60617.0,Unknown,Unknown,2021.0,89.63730569948186,33.67875647668394,8.808290155440414,75.64766839378238,21.243523316062177,2.5906735751295336,0.0,1
609753,CHICAGO AGRICULTURE HS,Chicago High School for Agricultural Sciences,HS,True,False,False,False,"9,10,11,12",9-12,789,400,174,21,400,170,204,4,0,0,0.0,8,3.0,0.0,False,Unknown,Unknown,True,Unknown,Unknown,"52A, 53A, 112",Unknown,Unknown,,,81.3,67.2,85.1,78.9,Level 1,GOOD STANDING,2021-22,ISP,True,False,False,True,2004-09-01T00:00:00.000,Unknown,41.691221,-87.71777,60655.0,Unknown,Unknown,2021.0,50.69708491761724,22.0532319391635,2.6615969581749046,50.69708491761724,21.546261089987325,25.85551330798479,0.5069708491761723,0
609695,AMUNDSEN HS,Roald Amundsen High School,HS,True,False,False,False,"9,10,11,12",9-12,1496,620,244,146,116,649,545,106,6,0,0.0,70,4.0,0.0,True,Unknown,Unknown,Unknown,Unknown,Unknown,"50, 92",Brown,Unknown,,,76.6,67.2,83.1,78.9,Level 1+,GOOD STANDING,2021-22,ISP,True,False,False,True,2004-09-01T00:00:00.000,Unknown,41.975067,-87.679484,60625.0,Unknown,Unknown,2021.0,41.44385026737968,16.31016042780749,9.759358288770054,7.754010695187167,43.38235294117647,36.43048128342246,7.085561497326204,0
610245,DOUGLASS HS,Frederick A Douglass Academy High School,HS,True,False,False,False,"9,10,11,12",9-12,35,33,12,0,34,1,0,0,0,0,0.0,0,0.0,0.0,True,Unknown,Unknown,Unknown,Unknown,Unknown,"66, 85",Green,Unknown,,,28.1,67.2,64.0,78.9,Level 2,INTENSIVE SUPPORT,2021-22,Network 15,True,False,False,True,2004-09-01T00:00:00.000,Unknown,41.890369,-87.767668,60644.0,Unknown,Unknown,2021.0,94.28571428571428,34.285714285714285,0.0,97.14285714285714,2.857142857142857,0.0,0.0,1
400124,YCCS - MCKINLEY,YCCS- McKinley Lakeside Leadership HS,HS,True,False,False,False,"9,10,11,12",9-12,87,78,23,2,82,5,0,0,0,0,0.0,0,0.0,0.0,True,Unknown,Unknown,Unknown,Unknown,Unknown,29,Green,Unknown,,,15.8,67.2,81.1,78.9,Level 1,NOT APPLICABLE,2021-22,Options,False,False,False,False,2012-07-01T00:00:00.000,Unknown,41.841331,-87.625331,60616.0,Unknown,Unknown,2021.0,89.65517241379311,26.436781609195403,2.2988505747126435,94.2528735632184,5.747126436781609,0.0,0.0,1
610571,OMBUDSMAN - WEST HS,Ombudsman Chicago- West,HS,True,False,False,False,"9,10,11,12",9-12,116,98,31,3,93,20,1,1,0,0,0.0,1,0.0,0.0,True,Unknown,Unknown,Unknown,Unknown,Unknown,"49, X49",Blue,Unknown,,,13.6,67.2,8.1,78.9,Level 2,NOT APPLICABLE,2021-22,Options,False,False,False,False,2013-07-01T00:00:00.000,Unknown,41.874673,-87.687842,60612.0,Unknown,Unknown,2021.0,84.48275862068965,26.72413793103448,2.586206896551724,80.17241379310344,17.24137931034483,0.8620689655172413,0.8620689655172413,1
609720,LANE TECH HS,Albert G Lane Technical High School,HS,True,True,False,False,"7,8,9,10,11,12",7-12,4485,1587,332,87,290,1550,1702,481,21,0,1.0,146,30.0,264.0,False,Unknown,Unknown,True,Unknown,Unknown,"49, 52, 77, 152","Blue, Brown",Unknown,,,89.3,67.2,96.6,78.9,Level 1+,GOOD STANDING,2021-22,Network 14,True,False,True,True,2004-09-01T00:00:00.000,Unknown,41.946645,-87.691013,60618.0,Unknown,Unknown,2021.0,35.38461538461539,7.402452619843924,1.939799331103679,6.465997770345597,34.55964325529543,37.94871794871795,10.72463768115942,0
609741,HUBBARD HS,Gurdon S Hubbard High School,HS,True,False,False,False,"9,10,11,12",9-12,1723,1537,231,451,74,1625,17,0,3,0,0.0,4,0.0,0.0,True,Unknown,Unknown,Unknown,Unknown,Unknown,"53A, 63, 59",Orange,Unknown,,,68.5,67.2,83.1,78.9,Level 2+,GOOD STANDING,2021-22,Network 16,True,False,False,True,2004-09-01T00:00:00.000,Unknown,41.780526,-87.718014,60629.0,Unknown,Unknown,2021.0,89.20487521764365,13.406848520023216,26.17527568195009,4.294834590829948,94.3122460824144,0.9866511897852582,0.0,0
610529,OGDEN HS,Ogden International High School,HS,True,False,False,False,"9,10,11,12",9-12,493,348,48,30,231,175,61,11,2,0,0.0,12,1.0,0.0,True,Unknown,Unknown,Unknown,True,Unknown,"65, 66",Blue,Unknown,,,88.1,67.2,94.5,78.9,Level 1,GOOD STANDING,2021-22,Network 15,True,False,True,True,2009-07-01T00:00:00.000,Unknown,41.893548,-87.659405,60642.0,Unknown,Unknown,2021.0,70.58823529411765,9.73630831643002,6.085192697768763,46.85598377281947,35.49695740365112,12.373225152129818,2.231237322515213,0
610569,OMBUDSMAN - NORTHWEST HS,Ombudsman Chicago- Northwest,HS,True,False,False,False,"9,10,11,12",9-12,123,94,19,17,16,68,21,14,2,0,0.0,1,1.0,0.0,True,Unknown,Unknown,Unknown,Unknown,Unknown,"290, 270",Blue,Unknown,,,28.8,67.2,11.4,78.9,Level 2,NOT APPLICABLE,2021-22,Options,False,False,False,False,2013-07-01T00:00:00.000,Unknown,42.017171,-87.806682,60631.0,Unknown,Unknown,2021.0,76.42276422764228,15.447154471544716,13.821138211382117,13.008130081300814,55.28455284552846,17.073170731707318,11.38211382113821,1
610380,WILLIAMS HS,Daniel Hale Williams Prep School of Medicine,HS,True,False,False,False,"9,10,11,12",9-12,72,66,13,1,70,1,0,0,0,0,0.0,1,0.0,0.0,True,Unknown,Unknown,Unknown,Unknown,Unknown,"1, 15, 29","Green, Red",Unknown,,,79.3,67.2,92.5,78.9,Level 2,PROVISIONAL SUPPORT,2021-22,Network 17,True,False,False,True,2005-09-01T00:00:00.000,Unknown,41.806118,-87.62503,60615.0,Unknown,Unknown,2021.0,91.66666666666666,18.055555555555557,1.3888888888888888,97.2222222222222,1.3888888888888888,0.0,0.0,0
400058,NLCP - CHRISTIANA HS,North Lawndale College Prep - Christiana,HS,True,False,False,False,"9,10,11,12",9-12,326,297,75,2,321,4,0,0,0,0,0.0,1,0.0,0.0,True,Unknown,Unknown,Unknown,Unknown,Unknown,"18, 52",Green,Unknown,,,60.8,67.2,72.0,78.9,Level 2,NOT APPLICABLE,2021-22,Charter,True,False,False,True,2004-09-01T00:00:00.000,Unknown,41.858564,-87.708987,60623.0,Unknown,Unknown,2021.0,91.1042944785276,23.006134969325156,0.6134969325153374,98.46625766871163,1.2269938650306749,0.0,0.0,1
400085,ACERO - GARCIA HS,Acero Charter Schools - Major Hector P. Garcia MD,HS,True,False,False,False,"9,10,11,12",9-12,648,559,123,264,8,626,10,1,2,0,0.0,1,0.0,0.0,True,Unknown,Unknown,Unknown,Unknown,Unknown,"47, 53A",Orange,Unknown,,,64.2,67.2,87.3,78.9,Level 1,NOT APPLICABLE,2021-22,Charter,True,False,False,True,2008-07-01T00:00:00.000,Unknown,41.809171,-87.730467,60632.0,Unknown,Unknown,2021.0,86.26543209876543,18.98148148148148,40.74074074074074,1.2345679012345678,96.60493827160494,1.5432098765432098,0.1543209876543209,0
610386,PEACE AND EDUCATION HS,Peace & Education Coalition HS,HS,True,False,False,False,"10,11,12",10-12,129,116,28,36,37,91,0,0,0,0,0.0,1,0.0,0.0,True,Unknown,Unknown,Unknown,Unknown,Unknown,Unknown,Unknown,Unknown,,,18.4,67.2,81.1,78.9,Level 1+,GOOD STANDING,2021-22,ISP,False,False,False,False,2004-09-01T00:00:00.000,Unknown,41.803515,-87.667378,60609.0,Unknown,Unknown,2021.0,89.92248062015504,21.705426356589147,27.906976744186046,28.68217054263566,70.54263565891473,0.0,0.0,1
610587,DYETT ARTS HS,Walter Henri Dyett High School for the Arts,HS,True,False,False,False,"9,10,11,12",9-12,518,379,84,2,506,8,2,0,0,0,0.0,2,0.0,0.0,Unknown,Unknown,Unknown,Unknown,Unknown,Unknown,Unknown,Unknown,Unknown,,,59.75,67.2,81.1,78.9,Level 2+,GOOD STANDING,2021-22,Network 17,True,False,False,True,2016-07-01T00:00:00.000,Unknown,41.801204,-87.612239,60615.0,Unknown,Unknown,2021.0,73.16602316602317,16.216216216216218,0.3861003861003861,97.68339768339769,1.5444015444015444,0.3861003861003861,0.0,1
610563,BACK OF THE YARDS HS,Back of the Yards IB HS,HS,True,False,False,False,"9,10,11,12",9-12,1003,920,94,293,17,961,5,15,5,0,0.0,0,0.0,0.0,True,Unknown,Unknown,Unknown,Unknown,Unknown,"47, 48, 49",Orange,Unknown,,,84.0,67.2,97.3,78.9,Level 1,GOOD STANDING,2021-22,ISP,True,False,False,True,2013-07-01T00:00:00.000,Unknown,41.808413,-87.677541,60609.0,Unknown,Unknown,2021.0,91.72482552342971,9.371884346959122,29.2123629112662,1.694915254237288,95.81256231306082,0.4985044865403789,1.4955134596211366,0
400134,YCCS - ADDAMS,YCCS-Jane Addams Alternative HS,HS,True,False,False,False,"9,10,11,12",9-12,0,0,0,0,0,0,0,0,0,0,0.0,0,0.0,0.0,True,Unknown,Unknown,Unknown,Unknown,Unknown,"18, 8, 21",Orange,Unknown,,,24.8,67.2,81.1,78.9,Level 1+,NOT APPLICABLE,2021-22,Options,False,False,False,False,2012-07-01T00:00:00.000,2022-07-01T00:00:00.000,41.857208,-87.644888,60616.0,Unknown,Unknown,2021.0,0.0,0.0,0.0,0.0,0.0,0.0,0.0,1
400051,NOBLE - NOBLE HS,Noble - Noble College Prep,HS,True,False,False,False,"9,10,11,12",9-12,663,521,104,133,101,532,9,12,1,0,0.0,6,0.0,2.0,True,Unknown,Unknown,Unknown,Unknown,Unknown,"9, 56, 70",Blue,Unknown,,,86.5,67.2,91.4,78.9,Level 1+,NOT APPLICABLE,2021-22,Charter,True,False,False,True,2004-09-01T00:00:00.000,Unknown,41.900191,-87.662628,60642.0,Unknown,Unknown,2021.0,78.58220211161388,15.68627450980392,20.060331825037707,15.233785822021115,80.24132730015083,1.3574660633484164,1.809954751131222,0
400162,INTRINSIC HS,Intrinsic Charter School,HS,True,True,False,False,"7,8,9,10,11,12",7-12,990,854,186,248,35,916,33,2,1,0,0.0,3,0.0,0.0,True,Unknown,Unknown,Unknown,Unknown,Unknown,77,Blue,Milwaukee District North (MD-N),,,80.1,67.2,87.1,78.9,Level 1,NOT APPLICABLE,2021-22,Charter,True,False,False,True,2013-07-01T00:00:00.000,Unknown,41.938988,-87.741129,60641.0,Unknown,Unknown,2021.0,86.26262626262627,18.787878787878785,25.05050505050505,3.535353535353535,92.52525252525253,3.333333333333333,0.202020202020202,0
400036,CHICAGO VIRTUAL,Chicago Virtual Charter School,HS,True,True,True,False,"K,1,2,3,4,5,6,7,8,9,10,11,12",K-12,3,0,0,0,3,0,0,0,0,0,0.0,0,0.0,0.0,True,Unknown,Unknown,Unknown,Unknown,Unknown,"8, 20, 126","Blue, Green","BNSF Railway (BNSF), Heritage Corridor (HC), Metra Electric District (ME), Milwaukee District North (MD-N), Milwaukee District West (MD-W), North Central Service (NCS), Rock Island District (RI), SouthWest Service (SWS), Union Pacific North (UP-N), Union Pacific Northwest (UP-NW), Union Pacific West (UP-W)",,,50.0,67.2,70.4,78.9,Level 2,NOT APPLICABLE,2021-22,Charter,False,False,False,False,2006-09-01T00:00:00.000,2020-06-30T00:00:00.000,41.88055,-87.649772,60607.0,Unknown,Unknown,2021.0,0.0,0.0,0.0,100.0,0.0,0.0,0.0,1
400164,INSTITUTO - JUSTICE HS,Instituto - Justice and Leadership,HS,True,False,False,False,"9,10,11,12",9-12,91,71,14,28,1,88,1,0,1,0,0.0,0,0.0,0.0,True,Unknown,Unknown,Unknown,Unknown,Unknown,"349, 60","Blue, Orange, Pink, Red",BNSF Railway (BNSF),,,31.3,67.2,81.1,78.9,Level 2+,NOT APPLICABLE,2021-22,Options,False,False,False,False,2013-07-01T00:00:00.000,Unknown,41.845957,-87.685903,60608.0,Unknown,Unknown,2021.0,78.02197802197803,15.384615384615383,30.76923076923077,1.098901098901099,96.7032967032967,1.098901098901099,0.0,1
400098,NOBLE - MUCHIN HS,Noble - Muchin College Prep,HS,True,False,False,False,"9,10,11,12",9-12,863,701,110,114,308,499,8,42,3,0,0.0,1,1.0,1.0,True,Unknown,Unknown,Unknown,Unknown,Unknown,"2, 3, 4, 6, 10, 20, 22, 24, 26, 29, 36, 62, 66, 143, 144, 145, 146, 147, 148, 151","Blue, Brown, Green, Orange, Pink, Purple, Red","BNSF Railway (BNSF), Heritage Corridor (HC), Metra Electric District (ME), Milwaukee District North (MD-N), Milwaukee District West (MD-W), North Central Service (NCS), Rock Island District (RI), SouthWest Service (SWS), Union Pacific North (UP-N), Union Pacific Northwest (UP-NW), Union Pacific West (UP-W)",,,90.0,67.2,93.9,78.9,Level 1+,NOT APPLICABLE,2021-22,Charter,True,False,False,True,2009-07-01T00:00:00.000,Unknown,41.88274,-87.626338,60602.0,Unknown,Unknown,2021.0,81.22827346465817,12.746234067207416,13.20973348783314,35.68945538818076,57.8215527230591,0.9269988412514484,4.866743916570105,0
400097,NOBLE - BULLS HS,Noble - Chicago Bulls College Prep,HS,True,False,False,False,"9,10,11,12",9-12,1176,1033,215,178,468,690,8,2,5,0,0.0,3,0.0,0.0,True,Unknown,Unknown,Unknown,Unknown,Unknown,"20, 50, 126",Blue,Unknown,,,89.8,67.2,87.3,78.9,Level 1+,NOT APPLICABLE,2021-22,Charter,True,False,False,True,2009-07-01T00:00:00.000,Unknown,41.878809,-87.678195,60612.0,Unknown,Unknown,2021.0,87.84013605442176,18.282312925170068,15.136054421768709,39.795918367346935,58.67346938775511,0.6802721088435374,0.1700680272108843,0
609705,FENGER HS,Christian Fenger Academy High School,HS,True,False,False,False,"9,10,11,12",9-12,229,186,45,4,220,9,0,0,0,0,0.0,0,0.0,0.0,True,Unknown,Unknown,Unknown,Unknown,Unknown,8A,"Blue, Brown",Unknown,,,44.4,67.2,70.6,78.9,Level 2,INTENSIVE SUPPORT,2021-22,Network 17,True,False,False,True,2004-09-01T00:00:00.000,Unknown,41.689951,-87.637572,60628.0,Unknown,Unknown,2021.0,81.22270742358079,19.65065502183406,1.7467248908296942,96.0698689956332,3.930131004366813,0.0,0.0,1
610568,PATHWAYS - AVONDALE HS,Pathways in Education- Avondale,HS,True,False,False,False,"9,10,11,12",9-12,297,216,39,41,36,226,25,5,0,0,0.0,5,0.0,0.0,Unknown,Unknown,Unknown,Unknown,Unknown,Unknown,Unknown,Unknown,Unknown,,,23.7,67.2,8.7,78.9,Level 1,NOT APPLICABLE,2021-22,Options,False,False,False,False,2013-07-01T00:00:00.000,Unknown,41.939433,-87.705206,60618.0,Unknown,Unknown,2021.0,72.72727272727273,13.131313131313131,13.804713804713806,12.12121212121212,76.0942760942761,8.417508417508419,1.6835016835016834,1
610383,SOCIAL JUSTICE HS,Greater Lawndale High School For Social Justice,HS,True,False,False,False,"9,10,11,12",9-12,286,258,47,102,35,249,1,1,0,0,0.0,0,0.0,0.0,True,Unknown,Unknown,Unknown,Unknown,Unknown,"53, 53A, 54B",Unknown,Unknown,,,56.9,67.2,86.5,78.9,Level 2+,GOOD STANDING,2021-22,Network 15,True,False,False,True,2004-09-01T00:00:00.000,Unknown,41.833507,-87.735299,60623.0,Unknown,Unknown,2021.0,90.2097902097902,16.433566433566433,35.66433566433567,12.237762237762238,87.06293706293707,0.3496503496503496,0.3496503496503496,1
400141,YCCS - TRUMAN,YCCS-Truman Middle College HS,HS,True,False,False,False,"9,10,11,12",9-12,174,130,24,30,43,97,9,16,4,0,0.0,4,0.0,1.0,Unknown,Unknown,Unknown,Unknown,Unknown,Unknown,81,"Purple, Red",Unknown,,,47.9,67.2,81.1,78.9,Level 1,NOT APPLICABLE,2021-22,Options,False,False,False,False,2012-07-01T00:00:00.000,Unknown,41.965295,-87.659239,60640.0,Unknown,Unknown,2021.0,74.71264367816092,13.79310344827586,17.24137931034483,24.71264367816092,55.74712643678161,5.172413793103448,9.195402298850574,1
400013,ASPIRA - EARLY COLLEGE HS,ASPIRA Charter School - Early College High School,HS,True,False,False,False,"9,10,11,12",9-12,268,235,65,142,10,256,2,0,0,0,0.0,0,0.0,0.0,True,Unknown,Unknown,Unknown,Unknown,Unknown,"53, 77, 56",Blue,Unknown,,,59.0,67.2,69.8,78.9,Level 2+,NOT APPLICABLE,2021-22,Charter,True,False,False,True,2004-09-01T00:00:00.000,Unknown,41.937298,-87.727096,60618.0,Unknown,Unknown,2021.0,87.68656716417911,24.253731343283583,52.98507462686567,3.731343283582089,95.52238805970148,0.7462686567164178,0.0,1
400179,NOBLE - MANSUETO HS,Noble Mansueto High School,HS,True,False,False,False,"9,10,11,12",9-12,1037,891,153,333,12,1015,7,3,0,0,0.0,0,0.0,0.0,True,Unknown,Unknown,Unknown,Unknown,Unknown,"47, 52, 53A, 62, 94",Orange,Unknown,,,59.75,67.2,81.1,78.9,Level 1+,NOT APPLICABLE,2021-22,Charter,True,False,False,True,2016-07-01T00:00:00.000,Unknown,41.800136,-87.728003,60632.0,Unknown,Unknown,2021.0,85.92092574734812,14.754098360655735,32.11186113789778,1.1571841851494695,97.87849566055932,0.6750241080038573,0.2892960462873674,1
609693,WESTINGHOUSE HS,George Westinghouse College Prep,HS,True,False,False,False,"9,10,11,12",9-12,1200,924,96,58,553,504,29,84,4,0,0.0,18,5.0,3.0,True,Unknown,Unknown,True,Unknown,Unknown,"52, 82",Green,Union Pacific West (UP-W),,,87.8,67.2,95.1,78.9,Level 1+,GOOD STANDING,2021-22,Network 15,True,False,False,True,2009-07-01T00:00:00.000,Unknown,41.889977,-87.707332,60624.0,Unknown,Unknown,2021.0,77.0,8.0,4.833333333333333,46.08333333333333,42.0,2.4166666666666665,7.000000000000001,0
610547,SOUTH SHORE INTL HS,South Shore Intl College Prep High School,HS,True,False,False,False,"9,10,11,12",9-12,514,393,57,7,491,17,0,1,1,0,0.0,1,0.0,3.0,True,Unknown,Unknown,Unknown,Unknown,Unknown,"J14, 15, 75",Red,Unknown,,,85.7,67.2,94.5,78.9,Level 2+,GOOD STANDING,2021-22,Network 17,True,False,False,True,2011-07-01T00:00:00.000,Unknown,41.758792,-87.576353,60649.0,Unknown,Unknown,2021.0,76.45914396887159,11.089494163424124,1.3618677042801557,95.52529182879378,3.3073929961089497,0.0,0.1945525291828793,0
610357,SPRY HS,Spry Community Links High School,HS,True,False,False,False,"9,10,11,12",9-12,73,66,20,37,0,72,0,0,1,0,0.0,0,0.0,0.0,True,Unknown,Unknown,Unknown,Unknown,Unknown,"21, 94",Unknown,Unknown,,,57.1,67.2,75.0,78.9,Level 2,PROVISIONAL SUPPORT,2021-22,Network 16,True,False,False,True,2004-09-01T00:00:00.000,Unknown,41.847762,-87.698946,60623.0,Unknown,Unknown,2021.0,90.41095890410958,27.3972602739726,50.68493150684932,0.0,98.63013698630137,0.0,0.0,1
610597,VIRTUAL ACADEMY HS,The Virtual Academy High School,HS,True,False,False,False,"9,10,11,12",9-12,135,77,86,30,44,64,21,4,0,0,0.0,2,0.0,0.0,Unknown,False,Unknown,Unknown,Unknown,Unknown,Unknown,Unknown,Unknown,,,59.75,67.2,81.1,78.9,Unknown,Unknown,2021-22,ISP,False,False,False,False,2021-07-01T00:00:00.000,Unknown,41.8627144,-87.6601387,60608.0,Unknown,Unknown,2021.0,57.03703703703704,63.70370370370371,22.22222222222222,32.592592592592595,47.40740740740741,15.555555555555555,2.9629629629629632,1
610593,OMBUDSMAN - ROSELAND HS,Ombudsman Chicago - Roseland HS,HS,True,False,False,False,"9,10,11,12",9-12,139,105,27,4,131,7,0,0,0,0,0.0,1,0.0,0.0,True,Unknown,Unknown,Unknown,Unknown,Unknown,"8A, 108",Unknown,Unknown,,,59.75,67.2,81.1,78.9,Inability to Rate,GOOD STANDING,2021-22,Options,False,False,False,False,2019-08-01T00:00:00.000,Unknown,41.695105,-87.642816,60628.0,Unknown,Unknown,2021.0,75.53956834532374,19.42446043165468,2.877697841726619,94.24460431654676,5.035971223021583,0.0,0.0,1
609674,CHICAGO VOCATIONAL HS,Chicago Vocational Career Academy High School,HS,True,False,False,False,"9,10,11,12",9-12,627,532,196,14,606,16,2,0,0,0,0.0,1,0.0,2.0,True,Unknown,Unknown,True,True,Unknown,"14, 15, 87",Unknown,Unknown,,,38.1,67.2,72.3,78.9,Level 2,PROVISIONAL SUPPORT,2021-22,Network 17,True,False,False,True,2004-09-01T00:00:00.000,Unknown,41.737174,-87.573268,60617.0,Unknown,Unknown,2021.0,84.84848484848484,31.25996810207337,2.232854864433812,96.65071770334929,2.5518341307815,0.3189792663476874,0.0,1
609723,MARSHALL HS,John Marshall Metropolitan High School,HS,True,False,False,False,"9,10,11,12",9-12,186,158,56,1,180,3,0,0,0,0,0.0,1,0.0,2.0,True,Unknown,Unknown,Unknown,Unknown,Unknown,"20, 52, 82, 126",Green,Unknown,,,34.6,67.2,66.4,78.9,Level 2,INTENSIVE SUPPORT,2021-22,Network 15,True,False,False,True,2004-09-01T00:00:00.000,Unknown,41.878444,-87.70805,60624.0,Unknown,Unknown,2021.0,84.94623655913979,30.107526881720432,0.5376344086021506,96.7741935483871,1.6129032258064515,0.0,0.0,1
400133,YCCS - INNOVATIONS,YCCS- Innovations HS of Arts Integration,HS,True,False,False,False,"9,10,11,12",9-12,504,448,118,7,462,31,8,0,0,0,0.0,2,0.0,1.0,True,Unknown,Unknown,Unknown,Unknown,Unknown,"20, 29","Green, Orange, Red",Unknown,,,18.7,67.2,81.1,78.9,Level 2+,NOT APPLICABLE,2021-22,Options,False,False,False,False,2012-07-01T00:00:00.000,Unknown,41.883047,-87.627734,60602.0,Unknown,Unknown,2021.0,88.88888888888889,23.41269841269841,1.3888888888888888,91.66666666666666,6.15079365079365,1.5873015873015872,0.0,1
609725,MORGAN PARK HS,Morgan Park High School,HS,True,True,False,False,"7,8,9,10,11,12",7-12,1109,829,171,10,1056,26,11,1,1,0,0.0,2,2.0,10.0,True,Unknown,Unknown,Unknown,Unknown,Unknown,"111, 112",Red,Rock Island District (RI),,,76.0,67.2,77.6,78.9,Level 2+,GOOD STANDING,2021-22,Network 16,True,False,True,True,2004-09-01T00:00:00.000,Unknown,41.692035,-87.665658,60643.0,Unknown,Unknown,2021.0,74.75202885482418,15.419296663660957,0.9017132551848512,95.2209197475203,2.3444544634806133,0.9918845807033364,0.0901713255184851,1
400175,EXCEL SOUTH SHORE HS,Excel Academy of South Shore,HS,True,False,False,False,"9,10,11,12",9-12,224,172,40,8,167,49,4,0,0,0,0.0,3,0.0,1.0,True,Unknown,Unknown,Unknown,Unknown,Unknown,"6, 26, 71, 75","Green, Red",Unknown,,,11.4,67.2,30.8,78.9,Level 2,PROVISIONAL SUPPORT,2021-22,Options,False,False,False,False,2014-07-01T00:00:00.000,Unknown,41.759749,-87.556487,60649.0,Unknown,Unknown,2021.0,76.78571428571429,17.857142857142858,3.571428571428571,74.55357142857143,21.875,1.7857142857142856,0.0,1
610391,LINDBLOM HS,Robert Lindblom Math & Science Academy HS,HS,True,True,False,False,"7,8,9,10,11,12",7-12,1393,731,78,29,961,364,37,7,2,0,0.0,13,1.0,8.0,True,Unknown,Unknown,True,Unknown,Unknown,"9, 48, 63",Green,Unknown,,,89.4,67.2,95.8,78.9,Level 1+,GOOD STANDING,2021-22,Network 16,True,False,True,True,2004-09-01T00:00:00.000,Unknown,41.782041,-87.671662,60636.0,Unknown,Unknown,2021.0,52.47666905958364,5.599425699928212,2.08183776022972,68.98779612347452,26.13065326633166,2.656137832017229,0.5025125628140703,0
400129,YCCS - PROGRESSIVE LEADERSHIP,YCCS-Progressive Leadership Academy,HS,True,False,False,False,"9,10,11,12",9-12,129,108,29,0,125,4,0,0,0,0,0.0,0,0.0,0.0,True,Unknown,Unknown,Unknown,Unknown,Unknown,"3, 15",Green,Unknown,,,14.9,67.2,81.1,78.9,Level 1+,NOT APPLICABLE,2021-22,Options,False,False,False,False,2012-07-01T00:00:00.000,Unknown,41.773962,-87.61574,60637.0,Unknown,Unknown,2021.0,83.72093023255815,22.48062015503876,0.0,96.89922480620154,3.10077519379845,0.0,0.0,1
610565,EXCEL ENGLEWOOD HS,Excel Academy of Englewood,HS,True,True,False,False,"8,9,10,11,12",8-12,213,167,35,2,205,6,1,0,1,0,0.0,0,0.0,0.0,True,Unknown,Unknown,Unknown,Unknown,Unknown,"8, 74/5, 67",Unknown,Unknown,,,12.3,67.2,20.5,78.9,Level 1,GOOD STANDING,2021-22,Options,False,False,False,False,2013-07-01T00:00:00.000,Unknown,41.763896,-87.649124,60621.0,Unknown,Unknown,2021.0,78.40375586854461,16.431924882629108,0.9389671361502347,96.24413145539906,2.8169014084507045,0.4694835680751174,0.0,1
610564,DISNEY II HS,Disney II Magnet High School,HS,True,True,False,False,"7,8,9,10,11,12",7-12,752,461,105,72,164,418,124,30,5,0,0.0,9,0.0,2.0,True,Unknown,Unknown,Unknown,Unknown,Unknown,"53, 54A, 80",Blue,Union Pacific Northwest (UP-NW),,,80.4,67.2,81.0,78.9,Level 1,GOOD STANDING,2021-22,Network 14,True,False,True,True,2013-07-01T00:00:00.000,Unknown,41.952488,-87.721364,60618.0,Unknown,Unknown,2021.0,61.303191489361694,13.962765957446807,9.574468085106384,21.808510638297875,55.58510638297872,16.48936170212766,3.98936170212766,0
400176,EXCEL SOUTHWEST HS,Excel Academy Southwest,HS,True,True,False,False,"8,9,10,11,12",8-12,126,111,29,9,89,33,2,0,0,0,0.0,0,2.0,0.0,True,Unknown,Unknown,Unknown,Unknown,Unknown,"67, 94",Unknown,Unknown,,,25.0,67.2,0.0,78.9,Level 2+,GOOD STANDING,2021-22,Options,False,False,False,False,2014-07-01T00:00:00.000,Unknown,41.765929,-87.69073,60629.0,Unknown,Unknown,2021.0,88.09523809523809,23.015873015873016,7.142857142857142,70.63492063492063,26.190476190476197,1.5873015873015872,0.0,1
400033,CICS - LONGWOOD,CICS - Longwood,HS,True,True,True,False,"3,4,5,6,7,8,9,10,11,12",3-12,1231,966,209,7,1214,7,0,0,3,0,0.0,5,0.0,2.0,True,Unknown,Unknown,Unknown,Unknown,Unknown,"9, 95W",Red,Rock Island District (RI),,,48.6,67.2,85.6,78.9,Level 2,NOT APPLICABLE,2021-22,Charter,True,False,False,True,2004-09-01T00:00:00.000,Unknown,41.721221,-87.655768,60643.0,Unknown,Unknown,2021.0,78.4727863525589,16.978066612510155,0.5686433793663688,98.61900893582454,0.5686433793663688,0.0,0.0,1
609710,HARLAN HS,John M Harlan Community Academy High School,HS,True,False,False,False,"9,10,11,12",9-12,258,223,64,5,252,4,0,0,0,0,0.0,2,0.0,0.0,True,Unknown,Unknown,Unknown,Unknown,Unknown,"5, 34, 95E, 100, 103, 106, 111, 119",Red,Unknown,,,48.4,67.2,62.3,78.9,Level 2,INTENSIVE SUPPORT,2021-22,Network 17,True,False,True,True,2004-09-01T00:00:00.000,Unknown,41.718372,-87.620623,60628.0,Unknown,Unknown,2021.0,86.43410852713178,24.8062015503876,1.937984496124031,97.67441860465117,1.550387596899225,0.0,0.0,1
610573,SAFE ACHIEVE HS,Safe Achieve Academy HS,HS,True,False,False,False,"9,10,11,12",9-12,35,31,12,0,33,2,0,0,0,0,0.0,0,0.0,0.0,Unknown,Unknown,Unknown,Unknown,Unknown,Unknown,Unknown,Unknown,Unknown,,,59.75,67.2,81.1,78.9,Level 1+,NOT APPLICABLE,2021-22,Options,False,False,False,False,2013-07-01T00:00:00.000,Unknown,41.753115,-87.551804,60649.0,Unknown,Unknown,2021.0,88.57142857142857,34.285714285714285,0.0,94.28571428571428,5.714285714285714,0.0,0.0,1
609727,PHILLIPS HS,Wendell Phillips Academy High School,HS,True,False,False,False,"9,10,11,12",9-12,459,350,98,2,406,7,1,0,0,0,0.0,1,0.0,44.0,True,Unknown,Unknown,Unknown,Unknown,Unknown,"1, 3, 39","Green, Red",Unknown,,,66.7,67.2,63.9,78.9,Level 2,INTENSIVE SUPPORT,2021-22,Network 17,True,False,False,True,2004-09-01T00:00:00.000,Unknown,41.82388,-87.619796,60653.0,Unknown,Unknown,2021.0,76.25272331154684,21.350762527233115,0.4357298474945534,88.45315904139433,1.5250544662309369,0.2178649237472767,0.0,1
610390,RICKOVER MILITARY HS,Hyman G Rickover Naval Academy High School,HS,True,False,False,False,"9,10,11,12",9-12,460,326,77,91,20,358,64,11,0,0,0.0,7,0.0,0.0,True,Unknown,Unknown,Unknown,Unknown,Unknown,"91, 78, 85, 80",Blue,Union Pacific Northwest (UP-NW),,,68.3,67.2,88.7,78.9,Level 1,GOOD STANDING,2021-22,ISP,True,False,False,True,2004-09-01T00:00:00.000,Unknown,41.957599,-87.769938,60634.0,Unknown,Unknown,2021.0,70.86956521739131,16.73913043478261,19.78260869565217,4.3478260869565215,77.82608695652173,13.91304347826087,2.391304347826087,0
400105,URBAN PREP - BRONZEVILLE HS,Urban Prep Academy for Young Men - Bronzeville,HS,True,False,False,False,"9,10,11,12",9-12,229,182,60,2,224,3,0,0,0,0,0.0,2,0.0,0.0,True,Unknown,Unknown,Unknown,Unknown,Unknown,"1, 3, 4, 29, 35","Green, Red",Rock Island District (RI),,,75.0,67.2,72.8,78.9,Level 1,NOT APPLICABLE,2021-22,Charter,True,False,False,True,2010-07-01T00:00:00.000,Unknown,41.831118,-87.613629,60616.0,Unknown,Unknown,2021.0,79.47598253275109,26.200873362445414,0.8733624454148471,97.81659388646288,1.310043668122271,0.0,0.0,1
400077,U OF C - WOODLAWN HS,University of Chicago - Woodlawn,HS,True,True,True,False,"6,7,8,9,10,11,12",6-12,575,437,80,6,568,6,0,0,0,0,0.0,0,0.0,1.0,True,Unknown,Unknown,Unknown,Unknown,Unknown,"63, 6",Green,Metra Electric District (ME),,,74.4,67.2,79.1,78.9,Level 2+,NOT APPLICABLE,2021-22,Charter,True,False,False,True,2004-09-01T00:00:00.000,Unknown,41.77813,-87.598114,60637.0,Unknown,Unknown,2021.0,76.0,13.91304347826087,1.0434782608695654,98.78260869565216,1.0434782608695654,0.0,0.0,1
400149,ACERO - SOTO HS,Acero Charter Schools - Victoria Soto,HS,True,False,False,False,"9,10,11,12",9-12,563,537,87,227,3,556,3,0,1,0,0.0,0,0.0,0.0,True,Unknown,Unknown,Unknown,Unknown,Unknown,"52, 52A",Orange,Unknown,,,72.3,67.2,71.4,78.9,Level 2+,NOT APPLICABLE,2021-22,Charter,True,False,False,True,2013-07-01T00:00:00.000,Unknown,41.801762,-87.711025,60632.0,Unknown,Unknown,2021.0,95.38188277087032,15.452930728241562,40.319715808170514,0.5328596802841918,98.75666074600356,0.5328596802841918,0.0,1
400145,YCCS - YOUTH CONNECTION,YCCS-Youth Connection Leadership Acad HS,HS,True,False,False,False,"9,10,11,12",9-12,109,85,19,2,88,17,2,0,1,0,0.0,0,0.0,1.0,True,Unknown,Unknown,Unknown,Unknown,Unknown,"29, 35","Green, Red",Unknown,,,16.8,67.2,81.1,78.9,Level 1,NOT APPLICABLE,2021-22,Options,False,False,False,False,2012-07-01T00:00:00.000,Unknown,41.832072,-87.626781,60616.0,Unknown,Unknown,2021.0,77.98165137614679,17.431192660550458,1.834862385321101,80.73394495412845,15.59633027522936,1.834862385321101,0.0,1
609716,KELVYN PARK HS,Kelvyn Park High School,HS,True,True,False,False,"7,8,9,10,11,12",7-12,477,416,111,204,38,423,11,0,1,0,0.0,3,1.0,0.0,True,Unknown,Unknown,Unknown,Unknown,Unknown,"74, 76",Blue,Milwaukee District North (MD-N),,,39.7,67.2,59.3,78.9,Level 2,INTENSIVE SUPPORT,2021-22,Network 14,True,False,True,True,2004-09-01T00:00:00.000,Unknown,41.927918,-87.735999,60639.0,Unknown,Unknown,2021.0,87.21174004192872,23.270440251572328,42.76729559748428,7.966457023060797,88.67924528301887,2.3060796645702304,0.0,1
609759,CLEMENTE HS,Roberto Clemente Community Academy High School,HS,True,False,False,False,"9,10,11,12",9-12,589,492,164,119,202,356,18,4,4,0,0.0,3,2.0,0.0,True,Unknown,Unknown,Unknown,Unknown,Unknown,"49, 70","Blue, Red",Unknown,,,50.0,67.2,83.3,78.9,Level 2,INTENSIVE SUPPORT,2021-22,Network 15,True,False,False,True,2004-09-01T00:00:00.000,Unknown,41.902626,-87.686906,60622.0,Unknown,Unknown,2021.0,83.5314091680815,27.843803056027166,20.203735144312397,34.29541595925297,60.441426146010194,3.0560271646859083,0.6791171477079796,1
609732,STEINMETZ HS,Charles P Steinmetz College Preparatory HS,HS,True,False,False,False,"9,10,11,12",9-12,1123,902,200,357,191,850,60,12,5,0,0.0,1,4.0,0.0,True,Unknown,Unknown,Unknown,Unknown,Unknown,"76, 77, 86",Unknown,Unknown,,,63.2,67.2,74.4,78.9,Level 2,PROVISIONAL SUPPORT,2021-22,Network 14,True,False,False,True,2004-09-01T00:00:00.000,Unknown,41.935634,-87.783515,60634.0,Unknown,Unknown,2021.0,80.32056990204809,17.809439002671414,31.78984861976848,17.008014247551202,75.69011576135351,5.342831700801424,1.068566340160285,1
400106,NOBLE - JOHNSON HS,Noble - John and Eunice Johnson College Prep,HS,True,False,False,False,"9,10,11,12",9-12,476,398,106,5,450,21,1,0,0,0,0.0,1,1.0,2.0,True,Unknown,Unknown,Unknown,Unknown,Unknown,"63, 24","Green, Red",Metra Electric District (ME),,,75.7,67.2,72.0,78.9,Level 2,NOT APPLICABLE,2021-22,Charter,True,False,False,True,2010-07-01T00:00:00.000,Unknown,41.778369,-87.635117,60621.0,Unknown,Unknown,2021.0,83.61344537815127,22.268907563025213,1.050420168067227,94.53781512605042,4.411764705882353,0.2100840336134453,0.0,1
400057,NOBLE - UIC HS,Noble - UIC College Prep,HS,True,False,False,False,"9,10,11,12",9-12,904,727,149,126,333,523,12,29,0,0,0.0,1,1.0,5.0,True,Unknown,Unknown,Unknown,Unknown,Unknown,"50, 12","Blue, Pink",Unknown,,,91.9,67.2,91.1,78.9,Level 1+,NOT APPLICABLE,2021-22,Charter,True,False,False,True,2008-07-01T00:00:00.000,Unknown,41.865817,-87.676111,60608.0,Unknown,Unknown,2021.0,80.42035398230088,16.48230088495575,13.938053097345133,36.83628318584071,57.85398230088495,1.327433628318584,3.207964601769912,0
610384,INFINITY HS,Infinity Math Science and Technology High School,HS,True,False,False,False,"9,10,11,12",9-12,407,378,50,115,13,387,6,1,0,0,0.0,0,0.0,0.0,True,Unknown,Unknown,Unknown,Unknown,Unknown,"53, 53A, 54, 82",Unknown,Unknown,,,73.4,67.2,93.5,78.9,Level 1,GOOD STANDING,2021-22,ISP,True,False,False,True,2004-09-01T00:00:00.000,Unknown,41.836169,-87.735278,60623.0,Unknown,Unknown,2021.0,92.87469287469288,12.285012285012286,28.25552825552825,3.194103194103194,95.0859950859951,1.4742014742014742,0.2457002457002457,0
610392,WORLD LANGUAGE HS,World Language Academy High School,HS,True,False,False,False,"9,10,11,12",9-12,344,312,79,158,5,336,2,0,0,0,0.0,0,0.0,1.0,True,Unknown,Unknown,Unknown,Unknown,Unknown,"53, 53A, 82",Pink,BNSF Railway (BNSF),,,79.7,67.2,84.1,78.9,Level 1,GOOD STANDING,2021-22,Network 15,True,False,False,True,2005-09-01T00:00:00.000,Unknown,41.834397,-87.735292,60623.0,Unknown,Unknown,2021.0,90.69767441860463,22.96511627906977,45.93023255813954,1.4534883720930232,97.67441860465117,0.5813953488372093,0.0,0
400167,HORIZON - SOUTHWEST,Horizon Science Academy Southwest Chicago Charter,ES,True,True,True,False,"K,1,2,3,4,5,6,7,8,9,10,11,12",K-12,737,644,76,209,204,521,11,0,0,0,0.0,1,0.0,0.0,True,Unknown,Unknown,Unknown,Unknown,Unknown,Unknown,Unknown,Unknown,,,59.75,67.2,81.1,78.9,Level 2,NOT APPLICABLE,2021-22,Charter,True,False,False,True,2014-07-01T00:00:00.000,Unknown,41.795201,-87.683963,60609.0,Unknown,Unknown,2021.0,87.38127544097694,10.312075983717776,28.35820895522388,27.6797829036635,70.69199457259158,1.4925373134328357,0.0,1
400131,YCCS - CAMPOS,YCCS-Dr. Pedro Albizu Campos Puerto Rican HS,HS,True,False,False,False,"9,10,11,12",9-12,113,90,30,23,29,80,2,0,0,0,0.0,1,0.0,1.0,True,Unknown,Unknown,Unknown,Unknown,Unknown,"52, 70",Blue,Unknown,,,30.2,67.2,81.1,78.9,Level 1,NOT APPLICABLE,2021-22,Options,False,False,False,False,2012-07-01T00:00:00.000,Unknown,41.90285,-87.696006,60622.0,Unknown,Unknown,2021.0,79.64601769911505,26.548672566371685,20.35398230088496,25.663716814159294,70.79646017699115,1.7699115044247788,0.0,1
400139,YCCS - SULLIVAN,YCCS-Sullivan House Alternative HS,HS,True,False,False,False,"9,10,11,12",9-12,302,277,54,2,277,21,1,0,0,0,0.0,3,0.0,0.0,True,Unknown,Unknown,Unknown,Unknown,Unknown,"30, 14, 28, 15",Unknown,Unknown,,,7.8,67.2,81.1,78.9,Level 1+,NOT APPLICABLE,2021-22,Options,False,False,False,False,2012-07-01T00:00:00.000,Unknown,41.746287,-87.578492,60617.0,Unknown,Unknown,2021.0,91.72185430463576,17.880794701986755,0.6622516556291391,91.72185430463576,6.95364238410596,0.3311258278145695,0.0,1
609737,VON STEUBEN HS,Friedrich W von Steuben Metropolitan Science HS,HS,True,False,False,False,"9,10,11,12",9-12,1646,1057,106,160,166,909,270,253,8,0,0.0,24,16.0,0.0,True,Unknown,Unknown,Unknown,Unknown,Unknown,"81, 82, 92, 93",Brown,Unknown,,,82.9,67.2,91.5,78.9,Level 1+,GOOD STANDING,2021-22,Network 14,True,False,False,True,2004-09-01T00:00:00.000,Unknown,41.973185,-87.713386,60625.0,Unknown,Unknown,2021.0,64.21628189550425,6.439854191980558,9.720534629404618,10.08505467800729,55.22478736330498,16.403402187120292,15.370595382746052,0
400061,PERSPECTIVES - LEADERSHIP HS,Perspectives - Leadership Academy,HS,True,True,True,False,"6,7,8,9,10,11,12",6-12,708,623,105,1,697,5,3,1,0,0,0.0,2,0.0,0.0,True,Unknown,Unknown,Unknown,Unknown,Unknown,"44, 75",Red,Unknown,,,60.5,67.2,76.2,78.9,Level 2+,NOT APPLICABLE,2021-22,Charter,True,False,False,True,2004-09-01T00:00:00.000,Unknown,41.745961,-87.652045,60620.0,Unknown,Unknown,2021.0,87.99435028248588,14.83050847457627,0.1412429378531073,98.44632768361582,0.7062146892655368,0.423728813559322,0.1412429378531073,1
400054,NOBLE - PRITZKER HS,Noble - Pritzker College Prep,HS,True,False,False,False,"9,10,11,12",9-12,971,878,121,283,46,903,12,6,2,0,0.0,2,0.0,0.0,True,Unknown,Unknown,Unknown,Unknown,Unknown,"53, 72, 73","Blue, Brown",Unknown,,,86.8,67.2,89.1,78.9,Level 1+,NOT APPLICABLE,2021-22,Charter,True,False,False,True,2004-09-01T00:00:00.000,Unknown,41.915214,-87.730127,60639.0,Unknown,Unknown,2021.0,90.42224510813594,12.46138002059732,29.145211122554063,4.737384140061792,92.99691040164778,1.235839340885685,0.6179196704428425,0
400032,CICS - ELLISON HS,CICS - Ralph Ellison,HS,True,False,False,False,"9,10,11,12",9-12,204,173,45,6,195,7,0,0,0,0,0.0,1,0.0,1.0,True,Unknown,Unknown,Unknown,Unknown,Unknown,"9, 48, 79, 169","Green, Red",Unknown,,,65.3,67.2,79.6,78.9,Level 2,NOT APPLICABLE,2021-22,Charter,True,False,False,True,2004-09-01T00:00:00.000,Unknown,41.748382,-87.66898,60620.0,Unknown,Unknown,2021.0,84.80392156862744,22.058823529411764,2.941176470588235,95.58823529411764,3.431372549019608,0.0,0.0,1
609711,HARPER HS,William Rainey Harper High School,HS,True,False,False,False,12,12,0,0,0,0,0,0,0,0,0,0,0.0,0,0.0,0.0,True,Unknown,Unknown,Unknown,Unknown,Unknown,"9, 48, 63",Blue,Unknown,,,46.4,67.2,67.7,78.9,Level 2,INTENSIVE SUPPORT,2021-22,Network 16,True,False,False,True,2004-09-01T00:00:00.000,2021-06-30T00:00:00.000,41.775124,-87.669089,60636.0,Unknown,Unknown,2021.0,0.0,0.0,0.0,0.0,0.0,0.0,0.0,1
609728,ROOSEVELT HS,Theodore Roosevelt High School,HS,True,False,False,False,"9,10,11,12",9-12,1066,874,211,531,99,803,54,89,5,0,0.0,7,4.0,5.0,True,Unknown,Unknown,Unknown,Unknown,Unknown,"78, 81, 82",Brown,Unknown,,,67.3,67.2,68.8,78.9,Level 2+,GOOD STANDING,2021-22,Network 14,True,False,True,True,2004-09-01T00:00:00.000,Unknown,41.964828,-87.714819,60625.0,Unknown,Unknown,2021.0,81.98874296435272,19.793621013133208,49.812382739212005,9.287054409005629,75.328330206379,5.065666041275797,8.348968105065666,1
400062,PERSPECTIVES - TECH HS,Perspectives - High School of Technology,HS,True,False,False,False,"9,10,11,12",9-12,360,313,58,3,352,5,0,1,0,0,0.0,1,0.0,1.0,True,Unknown,Unknown,Unknown,Unknown,Unknown,"44, 75",Red,Unknown,,,53.4,67.2,77.6,78.9,Level 2+,NOT APPLICABLE,2021-22,Charter,True,False,False,True,2004-09-01T00:00:00.000,Unknown,41.745949,-87.650657,60620.0,Unknown,Unknown,2021.0,86.94444444444444,16.11111111111111,0.8333333333333334,97.77777777777776,1.3888888888888888,0.0,0.2777777777777778,1
400135,YCCS - LATINO YOUTH,YCCS-Latino Youth Alternative HS,HS,True,False,False,False,"9,10,11,12",9-12,152,114,23,41,5,143,2,1,0,0,0.0,0,0.0,1.0,True,Unknown,Unknown,Unknown,Unknown,Unknown,"94, 21",Pink,Unknown,,,9.9,67.2,81.1,78.9,Level 1,NOT APPLICABLE,2021-22,Options,False,False,False,False,2012-07-01T00:00:00.000,Unknown,41.854665,-87.69543,60608.0,Unknown,Unknown,2021.0,75.0,15.13157894736842,26.973684210526315,3.289473684210526,94.07894736842104,1.3157894736842104,0.6578947368421052,1
610570,OMBUDSMAN - SOUTH HS,Ombudsman Chicago - South,HS,True,False,False,False,"9,10,11,12",9-12,225,195,35,40,99,123,2,0,1,0,0.0,0,0.0,0.0,True,Unknown,Unknown,Unknown,Unknown,Unknown,"49, 49X","Green, Orange",Unknown,,,22.1,67.2,5.5,78.9,Level 2,NOT APPLICABLE,2021-22,Options,False,False,False,False,2013-07-01T00:00:00.000,Unknown,41.783027,-87.683635,60636.0,Unknown,Unknown,2021.0,86.66666666666667,15.555555555555555,17.77777777777778,44.0,54.66666666666666,0.8888888888888888,0.0,1
400157,NOBLE - BAKER HS,Noble - Baker College Prep,HS,True,False,False,False,"9,10,11,12",9-12,271,211,64,27,220,45,0,1,0,0,0.0,3,0.0,2.0,True,Unknown,Unknown,Unknown,Unknown,Unknown,"30, 87, 95",Red,Metra Electric District (ME),,,83.6,67.2,81.1,78.9,Level 2+,NOT APPLICABLE,2021-22,Charter,True,False,False,True,2013-07-01T00:00:00.000,Unknown,41.734622,-87.556201,60617.0,Unknown,Unknown,2021.0,77.85977859778598,23.616236162361623,9.96309963099631,81.18081180811808,16.605166051660518,0.0,0.3690036900369003,0
400119,LEGAL PREP HS,Legal Prep Charter Academy,HS,True,False,False,False,"9,10,11,12",9-12,263,229,49,1,256,6,0,0,0,0,0.0,1,0.0,0.0,True,Unknown,Unknown,Unknown,Unknown,Unknown,20126,Green,Unknown,,,48.9,67.2,71.8,78.9,Level 2,NOT APPLICABLE,2021-22,Charter,True,False,False,True,2012-07-01T00:00:00.000,Unknown,41.881733,-87.733778,60624.0,Unknown,Unknown,2021.0,87.07224334600761,18.631178707224336,0.3802281368821292,97.33840304182507,2.281368821292776,0.0,0.0,1
400143,YCCS - WEST TOWN,YCCS-West Town Acad Alternative HS,HS,True,False,False,False,"9,10,11,12",9-12,85,65,28,3,60,19,1,1,0,0,0.0,0,0.0,4.0,True,Unknown,Unknown,Unknown,Unknown,Unknown,"9, 66","Blue, Green",Unknown,,,18.0,67.2,81.1,78.9,Level 1,NOT APPLICABLE,2021-22,Options,False,False,False,False,2012-07-01T00:00:00.000,Unknown,41.890803,-87.702053,60612.0,Unknown,Unknown,2021.0,76.47058823529412,32.94117647058823,3.5294117647058822,70.58823529411765,22.35294117647059,1.1764705882352942,1.1764705882352942,1
609722,MANLEY HS,Manley Career Academy High School,HS,True,False,False,False,"9,10,11,12",9-12,68,53,31,1,62,6,0,0,0,0,0.0,0,0.0,0.0,True,Unknown,Unknown,Unknown,Unknown,Unknown,"7, 12, 94",Blue,Unknown,,,55.2,67.2,43.9,78.9,Level 2,INTENSIVE SUPPORT,2021-22,Network 15,True,False,False,True,2004-09-01T00:00:00.000,Unknown,41.870939,-87.699896,60612.0,Unknown,Unknown,2021.0,77.94117647058823,45.588235294117645,1.4705882352941175,91.17647058823528,8.823529411764707,0.0,0.0,1
609719,LAKE VIEW HS,Lake View High School,HS,True,False,False,False,"9,10,11,12",9-12,1355,1072,223,225,190,976,119,42,5,0,0.0,18,3.0,2.0,True,Unknown,Unknown,Unknown,Unknown,Unknown,"9, 80, X9","Blue, Brown, Green, Orange, Pink, Purple, Red",Unknown,,,76.2,67.2,86.9,78.9,Level 2+,GOOD STANDING,2021-22,Network 14,True,False,False,True,2004-09-01T00:00:00.000,Unknown,41.954764,-87.668953,60613.0,Unknown,Unknown,2021.0,79.11439114391145,16.457564575645755,16.605166051660518,14.022140221402212,72.02952029520296,8.78228782287823,3.0996309963099637,0
609749,NORTHSIDE PREP HS,Northside College Preparatory High School,HS,True,False,False,False,"9,10,11,12",9-12,1041,370,95,19,58,298,397,217,4,0,0.0,41,8.0,18.0,False,Unknown,Unknown,True,Unknown,Unknown,"82, 92",Unknown,Unknown,,,93.7,67.2,98.8,78.9,Level 1+,GOOD STANDING,2021-22,Network 14,True,False,False,True,2004-09-01T00:00:00.000,Unknown,41.981315,-87.708708,60625.0,Unknown,Unknown,2021.0,35.54274735830932,9.125840537944285,1.8251681075888568,5.571565802113352,28.62632084534102,38.13640730067243,20.84534101825168,0
400161,CHICAGO COLLEGIATE,Chicago Collegiate Charter School,HS,True,True,True,False,"5,6,7,8,9,10,11,12",5-12,255,225,42,1,249,4,1,0,1,0,0.0,0,0.0,0.0,Unknown,Unknown,Unknown,Unknown,Unknown,Unknown,28,Unknown,Metra Electric District (ME),,,59.75,67.2,81.1,78.9,Level 2,NOT APPLICABLE,2021-22,Charter,True,False,False,True,2013-07-01T00:00:00.000,Unknown,41.679318,-87.617968,60628.0,Unknown,Unknown,2021.0,88.23529411764706,16.470588235294116,0.392156862745098,97.6470588235294,1.568627450980392,0.392156862745098,0.0,1
610340,CHICAGO ACADEMY HS,Chicago Academy High School,HS,True,False,False,False,"9,10,11,12",9-12,552,437,108,107,29,419,83,13,2,0,0.0,5,1.0,0.0,True,Unknown,Unknown,Unknown,Unknown,Unknown,"85, 91, 152",Unknown,Unknown,,,78.1,67.2,85.1,78.9,Level 1,GOOD STANDING,2021-22,AUSL,True,False,False,True,2004-09-01T00:00:00.000,Unknown,41.943054,-87.776847,60634.0,Unknown,Unknown,2021.0,79.16666666666666,19.565217391304348,19.38405797101449,5.253623188405797,75.90579710144928,15.03623188405797,2.355072463768116,0
400181,ART IN MOTION,Art in Motion Charter School,HS,True,True,False,False,"7,8,9,10,11",7-11,559,398,93,3,522,21,0,0,1,0,0.0,4,0.0,11.0,Unknown,Unknown,Unknown,Unknown,Unknown,Unknown,"28, 75, 71",Unknown,Unknown,,,59.75,67.2,81.1,78.9,Inability to Rate,GOOD STANDING,2021-22,Charter,False,False,False,False,2019-07-01T00:00:00.000,Unknown,41.760034,-87.583328,60649.0,Unknown,Unknown,2021.0,71.19856887298748,16.636851520572453,0.5366726296958855,93.38103756708408,3.756708407871199,0.0,0.0,1
610499,COLLINS HS,Collins Academy High School,HS,True,False,False,False,"9,10,11,12",9-12,226,214,55,0,214,10,2,0,0,0,0.0,0,0.0,0.0,True,Unknown,Unknown,Unknown,Unknown,Unknown,"12, 18, 52",Unknown,Unknown,,,70.4,67.2,59.5,78.9,Level 2,INTENSIVE SUPPORT,2021-22,AUSL,True,False,False,True,2007-07-01T00:00:00.000,Unknown,41.864149,-87.702042,60623.0,Unknown,Unknown,2021.0,94.69026548672566,24.336283185840703,0.0,94.69026548672566,4.424778761061947,0.8849557522123894,0.0,1
609746,KENWOOD HS,Kenwood Academy High School,HS,True,True,False,False,"7,8,9,10,11,12",7-12,2323,1316,124,32,1987,104,108,35,3,0,0.0,46,4.0,36.0,True,Unknown,Unknown,Unknown,Unknown,Unknown,"2, 6, 15, 28, X28",Blue,Metra Electric District (ME),,,78.1,67.2,93.3,78.9,Level 1+,GOOD STANDING,2021-22,Network 17,True,False,True,True,2004-09-01T00:00:00.000,Unknown,41.803772,-87.590421,60615.0,Unknown,Unknown,2021.0,56.6508824795523,5.337925096857512,1.3775290572535517,85.53594489883771,4.476969436074042,4.649160568230736,1.506672406371072,0
400169,NOBLE - ITW SPEER HS,Noble - ITW David Speer Academy,HS,True,False,False,False,"9,10,11,12",9-12,1110,866,168,280,114,979,10,4,2,0,0.0,0,0.0,1.0,True,Unknown,Unknown,Unknown,Unknown,Unknown,Unknown,Green,Unknown,,,79.9,67.2,85.1,78.9,Level 1+,NOT APPLICABLE,2021-22,Charter,True,False,False,True,2014-07-01T00:00:00.000,Unknown,41.92563,-87.769808,60639.0,Unknown,Unknown,2021.0,78.01801801801803,15.135135135135137,25.225225225225223,10.27027027027027,88.1981981981982,0.9009009009009008,0.3603603603603603,0
400055,NOBLE - RAUNER HS,Noble - Rauner College Prep,HS,True,False,False,False,"9,10,11,12",9-12,666,491,107,122,144,493,21,1,3,0,0.0,3,0.0,1.0,True,Unknown,Unknown,Unknown,Unknown,Unknown,"9, 65, 66",Blue,Unknown,,,80.6,67.2,90.3,78.9,Level 1+,NOT APPLICABLE,2021-22,Charter,True,False,False,True,2004-09-01T00:00:00.000,Unknown,41.892425,-87.660859,60642.0,Unknown,Unknown,2021.0,73.72372372372372,16.066066066066064,18.31831831831832,21.62162162162162,74.02402402402403,3.153153153153153,0.1501501501501501,0
609729,SCHURZ HS,Carl Schurz High School,HS,True,False,False,False,"9,10,11,12",9-12,1282,1107,283,436,113,1072,49,26,9,0,0.0,10,2.0,1.0,True,Unknown,Unknown,Unknown,Unknown,Unknown,"56, 152",Blue,Milwaukee District North (MD-N),,,63.8,67.2,70.6,78.9,Level 2,INTENSIVE SUPPORT,2021-22,Network 14,True,False,False,True,2004-09-01T00:00:00.000,Unknown,41.946365,-87.735612,60641.0,Unknown,Unknown,2021.0,86.34945397815913,22.07488299531981,34.009360374414975,8.814352574102964,83.61934477379094,3.822152886115445,2.02808112324493,1
400156,NOBLE - BUTLER HS,Noble - Butler College Prep,HS,True,False,False,False,"9,10,11,12",9-12,652,545,114,17,607,42,1,0,0,0,0.0,2,0.0,0.0,Unknown,Unknown,Unknown,Unknown,Unknown,Unknown,"106, 103, 115",Red,Metra Electric District (ME),,,85.6,67.2,78.8,78.9,Level 2+,NOT APPLICABLE,2021-22,Charter,True,False,False,True,2013-07-01T00:00:00.000,Unknown,41.706667,-87.602573,60628.0,Unknown,Unknown,2021.0,83.58895705521472,17.484662576687114,2.607361963190184,93.09815950920245,6.441717791411043,0.1533742331288343,0.0,1
609679,PROSSER HS,Charles Allen Prosser Career Academy High School,HS,True,False,False,False,"9,10,11,12",9-12,1169,1035,165,189,285,854,20,2,4,0,0.0,2,2.0,0.0,True,Unknown,Unknown,Unknown,True,Unknown,"65, 74, 85",Unknown,Milwaukee District West (MD-W),,,76.5,67.2,90.6,78.9,Level 2+,GOOD STANDING,2021-22,Network 15,True,False,False,True,2004-09-01T00:00:00.000,Unknown,41.920059,-87.761048,60639.0,Unknown,Unknown,2021.0,88.5372112917023,14.114627887082976,16.16766467065868,24.379811804961506,73.05389221556887,1.710863986313088,0.1710863986313088,0
400121,ACERO - DE LA CRUZ,Acero Charter Schools - Sor Juana Inés de la Cruz,ES,True,True,True,False,"K,1,2,3,4,5,6,7,8,9,10,11,12",K-12,512,402,75,217,255,232,9,3,2,0,0.0,11,0.0,0.0,True,Unknown,Unknown,Unknown,Unknown,Unknown,Unknown,Red,Unknown,,,66.7,67.2,79.5,78.9,Level 2,NOT APPLICABLE,2021-22,Charter,True,False,False,True,2012-07-01T00:00:00.000,Unknown,42.016476,-87.684406,60645.0,Unknown,Unknown,2021.0,78.515625,14.6484375,42.3828125,49.8046875,45.3125,1.7578125,0.5859375,1
610244,CLARK HS,Michele Clark Academic Prep Magnet High School,HS,True,False,False,False,"9,10,11,12",9-12,461,450,104,7,449,10,0,0,1,0,0.0,1,0.0,0.0,True,Unknown,Unknown,Unknown,Unknown,Unknown,"7, 57, 126","Blue, Green",Unknown,,,51.5,67.2,83.7,78.9,Level 2,PROVISIONAL SUPPORT,2021-22,ISP,True,False,False,True,2004-09-01T00:00:00.000,Unknown,41.872885,-87.753325,60644.0,Unknown,Unknown,2021.0,97.61388286334056,22.559652928416483,1.5184381778741864,97.39696312364426,2.169197396963124,0.0,0.0,1
609718,KENNEDY HS,John F Kennedy High School,HS,True,False,False,False,"9,10,11,12",9-12,1638,1100,336,271,63,1330,228,9,2,0,0.0,5,1.0,0.0,True,Unknown,Unknown,Unknown,Unknown,Unknown,"55N, 62, 62H",Orange,Unknown,,,71.1,67.2,79.3,78.9,Level 2+,GOOD STANDING,2021-22,Network 16,True,False,False,True,2004-09-01T00:00:00.000,Unknown,41.789961,-87.78084,60638.0,Unknown,Unknown,2021.0,67.15506715506714,20.51282051282051,16.544566544566543,3.8461538461538463,81.19658119658119,13.91941391941392,0.5494505494505495,1
610558,GOODE HS,Sarah E. Goode STEM Academy,HS,True,False,False,False,"9,10,11,12",9-12,968,832,162,179,314,649,3,0,0,0,0.0,1,1.0,0.0,True,Unknown,Unknown,True,Unknown,Unknown,"52, 79",Unknown,SouthWest Service (SWS),,,66.5,67.2,91.8,78.9,Level 2+,GOOD STANDING,2021-22,Network 16,True,False,False,True,2012-07-01T00:00:00.000,Unknown,41.75375,-87.707345,60652.0,Unknown,Unknown,2021.0,85.9504132231405,16.735537190082646,18.49173553719008,32.438016528925615,67.04545454545455,0.3099173553719008,0.0,0
609733,SULLIVAN HS,Roger C Sullivan High School,HS,True,False,False,False,"9,10,11,12",9-12,661,527,171,299,217,248,77,62,2,0,0.0,15,0.0,40.0,True,Unknown,Unknown,Unknown,Unknown,Unknown,"22, 155",Red,Union Pacific North (UP-N),,,61.9,67.2,72.4,78.9,Level 2+,GOOD STANDING,2021-22,Network 14,True,False,False,True,2004-09-01T00:00:00.000,Unknown,42.002688,-87.669192,60626.0,Unknown,Unknown,2021.0,79.72768532526476,25.86989409984871,45.23449319213313,32.829046898638424,37.518910741301056,11.649016641452343,9.379727685325264,1
400064,PERSPECTIVES - JOSLIN HS,Perspectives - Rodney D. Joslin,HS,True,True,True,False,"6,7,8,9,10,11,12",6-12,379,314,84,4,359,10,2,4,1,0,0.0,2,0.0,1.0,True,Unknown,Unknown,Unknown,Unknown,Unknown,"21, 24, 29, 62","Green, Red",Unknown,,,80.7,67.2,95.7,78.9,Level 2+,NOT APPLICABLE,2021-22,Charter,True,False,False,True,2004-09-01T00:00:00.000,Unknown,41.855999,-87.628531,60616.0,Unknown,Unknown,2021.0,82.84960422163589,22.16358839050132,1.0554089709762533,94.72295514511872,2.638522427440633,0.5277044854881267,1.0554089709762533,0
609678,JONES HS,William Jones College Preparatory High School,HS,True,False,False,False,"9,10,11,12",9-12,1930,719,150,47,239,607,674,335,6,0,0.0,57,10.0,2.0,False,Unknown,Unknown,True,Unknown,Unknown,"2, 6, 10, 29, 62, 144, 146","Blue, Brown, Pink, Red",Metra Electric District (ME),,,86.4,67.2,96.3,78.9,Level 1+,GOOD STANDING,2021-22,ISP,True,False,False,True,2004-09-01T00:00:00.000,Unknown,41.873066,-87.627675,60605.0,Unknown,Unknown,2021.0,37.2538860103627,7.772020725388601,2.435233160621761,12.38341968911917,31.450777202072537,34.92227979274611,17.357512953367877,0
609761,CORLISS HS,George H Corliss High School,HS,True,False,False,False,"9,10,11,12",9-12,299,262,92,4,285,12,1,0,0,0,0.0,1,0.0,0.0,True,Unknown,Unknown,Unknown,Unknown,Unknown,"34, 106, 111, 4",Red,Metra Electric District (ME),,,51.4,67.2,67.4,78.9,Level 2,INTENSIVE SUPPORT,2021-22,Network 17,True,False,False,True,2004-09-01T00:00:00.000,Unknown,41.70666,-87.601216,60628.0,Unknown,Unknown,2021.0,87.62541806020067,30.76923076923077,1.3377926421404682,95.31772575250837,4.013377926421405,0.334448160535117,0.0,1
609694,HANCOCK HS,John Hancock College Preparatory High School,HS,True,False,False,False,"9,10,11,12",9-12,1003,691,51,32,10,907,62,8,3,0,0.0,2,1.0,10.0,True,Unknown,Unknown,Unknown,Unknown,Unknown,"53A, 55, 59",Orange,Unknown,,,77.2,67.2,87.2,78.9,Level 1+,GOOD STANDING,2021-22,Network 15,True,False,False,True,2004-09-01T00:00:00.000,Unknown,41.791464,-87.72447,60638.0,Unknown,Unknown,2021.0,68.89332003988035,5.084745762711865,3.1904287138584246,0.9970089730807578,90.42871385842471,6.181455633100698,0.7976071784646062,0
609698,BOGAN HS,William J Bogan High School,HS,True,False,False,False,"9,10,11,12",9-12,645,522,161,115,372,260,7,0,0,0,0.0,4,1.0,1.0,True,Unknown,Unknown,Unknown,Unknown,Unknown,"53A, 79, 169",Unknown,Unknown,,,53.5,67.2,78.2,78.9,Level 2,INTENSIVE SUPPORT,2021-22,Network 16,True,False,False,True,2004-09-01T00:00:00.000,Unknown,41.749376,-87.721097,60652.0,Unknown,Unknown,2021.0,80.93023255813954,24.96124031007752,17.829457364341085,57.674418604651166,40.310077519379846,1.0852713178294573,0.0,1
609712,HIRSCH HS,Emil G Hirsch Metropolitan High School,HS,True,False,False,False,"9,10,11,12",9-12,98,64,29,0,95,2,0,0,0,0,0.0,0,0.0,1.0,True,Unknown,Unknown,Unknown,Unknown,Unknown,Unknown,"Blue, Green",Metra Electric District (ME),,,28.9,67.2,57.5,78.9,Level 2,INTENSIVE SUPPORT,2021-22,Network 17,True,False,False,True,2004-09-01T00:00:00.000,Unknown,41.753748,-87.601727,60619.0,Unknown,Unknown,2021.0,65.3061224489796,29.59183673469388,0.0,96.93877551020408,2.0408163265306123,0.0,0.0,1
609738,LINCOLN PARK HS,Lincoln Park High School,HS,True,False,False,False,"9,10,11,12",9-12,2068,938,171,88,438,661,650,211,8,0,0.0,81,5.0,14.0,False,Unknown,Unknown,Unknown,Unknown,Unknown,"8, 11, 73, 74, 37","Blue, Brown, Purple, Red",Unknown,,,87.4,67.2,89.3,78.9,Level 1,GOOD STANDING,2021-22,Network 14,True,False,False,True,2004-09-01T00:00:00.000,Unknown,41.918268,-87.646009,60614.0,Unknown,Unknown,2021.0,45.357833655706,8.268858800773694,4.25531914893617,21.179883945841397,31.963249516441007,31.431334622823982,10.203094777562862,0
609750,SIMPSON HS,Simpson Academy HS for Young Women,HS,True,True,True,False,"6,7,8,9,10,11,12",6-12,22,18,4,4,13,8,0,0,0,0,0.0,1,0.0,0.0,True,Unknown,Unknown,Unknown,Unknown,Unknown,Unknown,Pink,Unknown,,,40.0,67.2,81.1,78.9,Level 1,GOOD STANDING,2021-22,Network 15,False,False,False,False,2004-09-01T00:00:00.000,Unknown,41.864365,-87.668722,60608.0,Unknown,Unknown,2021.0,81.81818181818183,18.181818181818183,18.181818181818183,59.09090909090909,36.36363636363637,0.0,0.0,1
609682,RICHARDS HS,Ellen H Richards Career Academy High School,HS,True,False,False,False,"9,10,11,12",9-12,275,246,62,91,116,145,1,0,2,0,0.0,0,0.0,11.0,True,Unknown,Unknown,Unknown,Unknown,Unknown,"9, 51, 47","Green, Red",Unknown,,,37.8,67.2,64.3,78.9,Level 2,INTENSIVE SUPPORT,2021-22,Network 16,True,False,False,True,2004-09-01T00:00:00.000,Unknown,41.802881,-87.662278,60609.0,Unknown,Unknown,2021.0,89.45454545454545,22.545454545454547,33.09090909090909,42.18181818181818,52.72727272727272,0.3636363636363636,0.0,1
610334,RABY HS,Al Raby High School,HS,True,False,False,False,"9,10,11,12",9-12,177,162,79,12,159,16,1,0,1,0,0.0,0,0.0,0.0,True,Unknown,Unknown,Unknown,Unknown,Unknown,82,Green,Union Pacific West (UP-W),,,45.5,67.2,73.0,78.9,Level 2,INTENSIVE SUPPORT,2021-22,Network 15,True,False,False,True,2004-09-01T00:00:00.000,Unknown,41.88621,-87.715423,60624.0,Unknown,Unknown,2021.0,91.52542372881356,44.63276836158192,6.779661016949152,89.83050847457628,9.03954802259887,0.5649717514124294,0.0,1
609691,NORTH-GRAND HS,North-Grand High School,HS,True,False,False,False,"9,10,11,12",9-12,1055,948,180,323,195,837,9,4,6,0,0.0,3,1.0,0.0,True,Unknown,Unknown,True,Unknown,Unknown,"65, 72",Unknown,Unknown,,,67.9,67.2,80.4,78.9,Level 2+,GOOD STANDING,2021-22,Network 15,True,False,False,True,2004-09-01T00:00:00.000,Unknown,41.911674,-87.735238,60639.0,Unknown,Unknown,2021.0,89.85781990521326,17.061611374407583,30.61611374407583,18.48341232227488,79.33649289099526,0.8530805687203791,0.3791469194312796,0
609756,CURIE HS,Marie Sklodowska Curie Metropolitan High School,HS,True,False,False,False,"9,10,11,12",9-12,2938,2553,312,656,296,2534,32,63,10,0,0.0,1,2.0,0.0,True,Unknown,Unknown,Unknown,True,True,"53A, 62","Blue, Orange, Red",Unknown,,,70.3,67.2,78.9,78.9,Level 2+,GOOD STANDING,2021-22,Network 15,True,False,False,True,2004-09-01T00:00:00.000,Unknown,41.80306,-87.722042,60632.0,Unknown,Unknown,2021.0,86.89584751531653,10.619469026548671,22.328114363512597,10.074880871341048,86.24914908100749,1.0891763104152483,2.1443158611300204,1
609735,TILDEN HS,Edward Tilden Career Community Academy HS,HS,True,False,False,False,"9,10,11,12",9-12,216,180,68,50,88,98,20,2,0,0,0.0,2,1.0,5.0,True,Unknown,Unknown,Unknown,Unknown,Unknown,"8, 44, 47",Red,Unknown,,,56.7,67.2,62.0,78.9,Level 2,INTENSIVE SUPPORT,2021-22,Network 16,True,False,False,True,2004-09-01T00:00:00.000,Unknown,41.80751,-87.642966,60609.0,Unknown,Unknown,2021.0,83.33333333333334,31.48148148148148,23.14814814814815,40.74074074074074,45.37037037037037,9.25925925925926,0.9259259259259258,1
609780,MARINE LEADERSHIP AT AMES HS,Marine Leadership Academy at Ames,HS,True,True,False,False,"7,8,9,10,11,12",7-12,699,648,82,216,12,666,18,2,0,0,0.0,0,0.0,1.0,True,Unknown,Unknown,Unknown,Unknown,Unknown,73,Unknown,Unknown,,,57.4,67.2,90.3,78.9,Level 1,GOOD STANDING,2021-22,Network 14,True,False,True,True,2004-09-01T00:00:00.000,Unknown,41.916045,-87.721742,60647.0,Unknown,Unknown,2021.0,92.7038626609442,11.731044349070102,30.90128755364807,1.7167381974248928,95.27896995708154,2.575107296137339,0.2861230329041487,1
609708,FOREMAN HS,Edwin G. Foreman College and Career Academy,HS,True,False,False,False,"9,10,11,12",9-12,565,484,127,212,92,441,26,3,1,0,0.0,1,1.0,0.0,True,Unknown,Unknown,Unknown,Unknown,Unknown,"54, 77, 85, 152",Blue,Unknown,,,58.1,67.2,66.2,78.9,Level 2,INTENSIVE SUPPORT,2021-22,Network 14,True,False,False,True,2004-09-01T00:00:00.000,Unknown,41.939797,-87.754167,60641.0,Unknown,Unknown,2021.0,85.6637168141593,22.47787610619469,37.52212389380531,16.283185840707965,78.05309734513274,4.601769911504425,0.5309734513274336,1
609730,SENN HS,Nicholas Senn High School,HS,True,False,False,False,"9,10,11,12",9-12,1529,1115,205,300,393,618,268,194,11,0,0.0,38,2.0,5.0,True,Unknown,Unknown,Unknown,Unknown,Unknown,"22, 36, 84",Red,Unknown,,,80.1,67.2,82.1,78.9,Level 1,GOOD STANDING,2021-22,Network 14,True,False,False,True,2004-09-01T00:00:00.000,Unknown,41.989029,-87.667136,60660.0,Unknown,Unknown,2021.0,72.92347939829953,13.40745585349902,19.62066710268149,25.703073904512756,40.41857423152388,17.527795945062135,12.688031393067364,0
400147,CHICAGO EXCEL HS,Chicago Excel Academy HS,HS,True,False,False,False,"9,10,11,12",9-12,208,155,20,1,199,5,0,0,0,0,0.0,1,0.0,3.0,True,Unknown,Unknown,Unknown,Unknown,Unknown,111,Unknown,Unknown,,,31.3,67.2,28.9,78.9,Level 2+,GOOD STANDING,2022-23,Options,False,False,False,False,Unknown,Unknown,41.691953,-87.654248,60643.0,Unknown,Unknown,2022.0,74.51923076923077,9.615384615384617,0.4807692307692308,95.67307692307692,2.403846153846154,0.0,0.0,1
610558,GOODE HS,Sarah E. Goode STEM Academy,HS,True,False,False,False,"9,10,11,12",9-12,961,828,162,179,312,644,3,0,0,0,0.0,1,1.0,0.0,True,Unknown,Unknown,True,Unknown,Unknown,"52, 79",Unknown,SouthWest Service (SWS),,,66.5,67.2,91.8,78.9,Level 2+,GOOD STANDING,2022-23,Network 16,True,False,False,True,Unknown,Unknown,41.75375,-87.707345,60652.0,Unknown,Unknown,2022.0,86.16024973985432,16.857440166493237,18.6264308012487,32.46618106139438,67.01352757544224,0.3121748178980228,0.0,0
609693,WESTINGHOUSE HS,George Westinghouse College Prep,HS,True,False,False,False,"9,10,11,12",9-12,1194,919,91,57,551,500,29,84,4,0,0.0,18,5.0,3.0,True,Unknown,Unknown,True,Unknown,Unknown,"52, 82",Green,Union Pacific West (UP-W),,,87.8,67.2,95.1,78.9,Level 1+,GOOD STANDING,2022-23,Network 15,True,False,False,True,Unknown,Unknown,41.889977,-87.707332,60624.0,Unknown,Unknown,2022.0,76.96817420435511,7.6214405360134,4.773869346733668,46.14740368509212,41.87604690117253,2.4288107202680065,7.035175879396985,0
400130,YCCS - YOUTH DEVELOPMENT,YCCS-Community Youth Development Institute HS,HS,True,False,False,False,"9,10,11,12",9-12,59,52,7,2,56,2,0,0,0,0,0.0,1,0.0,0.0,True,Unknown,Unknown,Unknown,Unknown,Unknown,"8, 79",Unknown,Unknown,,,22.4,67.2,81.1,78.9,Level 1,NOT APPLICABLE,2022-23,Options,False,False,False,False,Unknown,Unknown,41.751377,-87.641731,60620.0,Unknown,Unknown,2022.0,88.13559322033898,11.864406779661016,3.389830508474576,94.91525423728814,3.389830508474576,0.0,0.0,1
609737,VON STEUBEN HS,Friedrich W von Steuben Metropolitan Science HS,HS,True,False,False,False,"9,10,11,12",9-12,1635,1050,106,159,163,905,265,255,8,0,0.0,23,16.0,0.0,True,Unknown,Unknown,Unknown,Unknown,Unknown,"81, 82, 92, 93",Brown,Unknown,,,82.9,67.2,91.5,78.9,Level 1+,GOOD STANDING,2022-23,Network 14,True,False,False,True,Unknown,Unknown,41.973185,-87.713386,60625.0,Unknown,Unknown,2022.0,64.22018348623854,6.483180428134556,9.724770642201836,9.96941896024465,55.35168195718655,16.207951070336392,15.59633027522936,0
610340,CHICAGO ACADEMY HS,Chicago Academy High School,HS,True,False,False,False,"9,10,11,12",9-12,556,440,110,113,30,419,86,13,2,0,0.0,5,1.0,0.0,True,Unknown,Unknown,Unknown,Unknown,Unknown,"85, 91, 152",Unknown,Unknown,,,78.1,67.2,85.1,78.9,Level 1,GOOD STANDING,2022-23,AUSL,True,False,False,True,Unknown,Unknown,41.943054,-87.776847,60634.0,Unknown,Unknown,2022.0,79.13669064748201,19.784172661870503,20.323741007194247,5.39568345323741,75.35971223021582,15.467625899280575,2.338129496402878,0
400167,HORIZON - SOUTHWEST,Horizon Science Academy Southwest Chicago Charter,ES,True,True,True,False,"K,1,2,3,4,5,6,7,8,9,10,11,12",K-12,738,645,75,207,201,524,11,0,0,0,0.0,1,0.0,1.0,True,Unknown,Unknown,Unknown,Unknown,Unknown,Unknown,Unknown,Unknown,,,59.75,67.2,81.1,78.9,Level 2,NOT APPLICABLE,2022-23,Charter,True,False,False,True,Unknown,Unknown,41.795201,-87.683963,60609.0,Unknown,Unknown,2022.0,87.39837398373984,10.16260162601626,28.04878048780488,27.235772357723576,71.00271002710026,1.4905149051490514,0.0,1
400172,ASPIRA - BUSINESS & FINANCE HS,ASPIRA Business and Finance,HS,True,False,False,False,"9,10,11,12",9-12,490,373,110,211,14,464,7,0,2,0,0.0,1,1.0,1.0,True,Unknown,Unknown,Unknown,Unknown,Unknown,56,Blue,Unknown,,,59.75,67.2,81.1,78.9,Level 2+,NOT APPLICABLE,2022-23,Charter,True,False,False,True,Unknown,Unknown,41.935726,-87.718204,60618.0,Unknown,Unknown,2022.0,76.12244897959184,22.448979591836736,43.06122448979592,2.857142857142857,94.6938775510204,1.4285714285714286,0.0,1
400085,ACERO - GARCIA HS,Acero Charter Schools - Major Hector P. Garcia MD,HS,True,False,False,False,"9,10,11,12",9-12,638,551,121,261,8,616,10,1,2,0,0.0,1,0.0,0.0,True,Unknown,Unknown,Unknown,Unknown,Unknown,"47, 53A",Orange,Unknown,,,64.2,67.2,87.3,78.9,Level 1,NOT APPLICABLE,2022-23,Charter,True,False,False,True,Unknown,Unknown,41.809171,-87.730467,60632.0,Unknown,Unknown,2022.0,86.36363636363636,18.96551724137931,40.909090909090914,1.2539184952978055,96.55172413793105,1.5673981191222568,0.1567398119122257,0
609698,BOGAN HS,William J Bogan High School,HS,True,False,False,False,"9,10,11,12",9-12,637,508,158,119,361,262,6,0,2,0,0.0,4,2.0,0.0,True,Unknown,Unknown,Unknown,Unknown,Unknown,"53A, 79, 169",Unknown,Unknown,,,53.5,67.2,78.2,78.9,Level 2,INTENSIVE SUPPORT,2022-23,Network 16,True,False,False,True,Unknown,Unknown,41.749376,-87.721097,60652.0,Unknown,Unknown,2022.0,79.74882260596546,24.80376766091052,18.68131868131868,56.67189952904239,41.13029827315541,0.9419152276295132,0.0,1
609716,KELVYN PARK HS,Kelvyn Park High School,HS,True,True,False,False,"7,8,9,10,11,12",7-12,491,411,110,218,43,429,13,0,2,0,0.0,3,1.0,0.0,True,Unknown,Unknown,Unknown,Unknown,Unknown,"74, 76",Blue,Milwaukee District North (MD-N),,,39.7,67.2,59.3,78.9,Level 2,INTENSIVE SUPPORT,2022-23,Network 14,True,False,True,True,Unknown,Unknown,41.927918,-87.735999,60639.0,Unknown,Unknown,2022.0,83.70672097759673,22.40325865580448,44.39918533604888,8.757637474541752,87.37270875763747,2.6476578411405294,0.0,1
609740,WELLS HS,Wells Community Academy High School,HS,True,False,False,False,"9,10,11,12",9-12,310,214,76,76,145,111,47,1,0,0,0.0,6,0.0,0.0,True,Unknown,Unknown,Unknown,Unknown,Unknown,"9, 56, 66","Blue, Green",Unknown,,,57.8,67.2,73.9,78.9,Level 2,PROVISIONAL SUPPORT,2022-23,Network 15,True,False,False,True,Unknown,Unknown,41.898995,-87.667483,60622.0,Unknown,Unknown,2022.0,69.03225806451613,24.516129032258064,24.516129032258064,46.774193548387096,35.80645161290323,15.161290322580644,0.3225806451612903,1
609756,CURIE HS,Marie Sklodowska Curie Metropolitan High School,HS,True,False,False,False,"9,10,11,12",9-12,2903,2512,307,666,290,2507,32,62,9,0,0.0,1,2.0,0.0,True,Unknown,Unknown,Unknown,True,True,"53A, 62","Blue, Orange, Red",Unknown,,,70.3,67.2,78.9,78.9,Level 2+,GOOD STANDING,2022-23,Network 15,True,False,False,True,Unknown,Unknown,41.80306,-87.722042,60632.0,Unknown,Unknown,2022.0,86.53117464691698,10.575266965208405,22.94178436100586,9.989665862900448,86.35893902859111,1.1023079572855667,2.135721667240785,1
400064,PERSPECTIVES - JOSLIN HS,Perspectives - Rodney D. Joslin,HS,True,True,True,False,"6,7,8,9,10,11,12",6-12,365,302,78,3,347,9,2,4,1,0,0.0,2,0.0,0.0,True,Unknown,Unknown,Unknown,Unknown,Unknown,"21, 24, 29, 62","Green, Red",Unknown,,,80.7,67.2,95.7,78.9,Level 2+,NOT APPLICABLE,2022-23,Charter,True,False,False,True,Unknown,Unknown,41.855999,-87.628531,60616.0,Unknown,Unknown,2022.0,82.73972602739727,21.36986301369863,0.821917808219178,95.06849315068492,2.4657534246575343,0.547945205479452,1.095890410958904,0
400058,NLCP - CHRISTIANA HS,North Lawndale College Prep - Christiana,HS,True,False,False,False,"9,10,11,12",9-12,313,283,73,2,308,4,0,0,0,0,0.0,1,0.0,0.0,True,Unknown,Unknown,Unknown,Unknown,Unknown,"18, 52",Green,Unknown,,,60.8,67.2,72.0,78.9,Level 2,NOT APPLICABLE,2022-23,Charter,True,False,False,True,Unknown,Unknown,41.858564,-87.708987,60623.0,Unknown,Unknown,2022.0,90.41533546325878,23.322683706070286,0.6389776357827476,98.40255591054311,1.2779552715654952,0.0,0.0,1
609762,JULIAN HS,Percy L Julian High School,HS,True,False,False,False,"9,10,11,12",9-12,426,357,118,1,411,9,1,0,2,0,0.0,1,1.0,1.0,True,Unknown,Unknown,Unknown,Unknown,Unknown,"8A, 9, 103, 108, 112",Unknown,Rock Island District (RI),,,55.9,67.2,78.2,78.9,Level 2,INTENSIVE SUPPORT,2022-23,Network 16,True,False,False,True,Unknown,Unknown,41.705859,-87.653749,60643.0,Unknown,Unknown,2022.0,83.80281690140845,27.699530516431924,0.2347417840375587,96.47887323943662,2.112676056338028,0.2347417840375587,0.0,1
610593,OMBUDSMAN - ROSELAND HS,Ombudsman Chicago - Roseland HS,HS,True,False,False,False,"9,10,11,12",9-12,161,119,32,4,153,7,0,0,0,0,0.0,1,0.0,0.0,True,Unknown,Unknown,Unknown,Unknown,Unknown,"8A, 108",Unknown,Unknown,,,59.75,67.2,81.1,78.9,Inability to Rate,GOOD STANDING,2022-23,Options,False,False,False,False,Unknown,Unknown,41.695105,-87.642816,60628.0,Unknown,Unknown,2022.0,73.91304347826086,19.875776397515526,2.484472049689441,95.03105590062113,4.3478260869565215,0.0,0.0,1
609755,YOUNG HS,Whitney M Young Magnet High School,HS,True,True,False,False,"7,8,9,10,11,12",7-12,2149,779,191,41,368,613,541,520,7,0,0.0,82,18.0,0.0,False,Unknown,Unknown,True,True,Unknown,"9, 20, 126",Blue,Unknown,,,88.4,67.2,99.1,78.9,Level 1+,GOOD STANDING,2022-23,Network 15,True,False,True,True,Unknown,Unknown,41.878603,-87.664233,60607.0,Unknown,Unknown,2022.0,36.24941833410889,8.88785481619358,1.907864122847836,17.124243834341556,28.5248953001396,25.174499767333643,24.19730107026524,0
400161,CHICAGO COLLEGIATE,Chicago Collegiate Charter School,HS,True,True,True,False,"5,6,7,8,9,10,11,12",5-12,247,215,44,1,241,4,1,0,1,0,0.0,0,0.0,0.0,Unknown,Unknown,Unknown,Unknown,Unknown,Unknown,28,Unknown,Metra Electric District (ME),,,59.75,67.2,81.1,78.9,Level 2,NOT APPLICABLE,2022-23,Charter,True,False,False,True,Unknown,Unknown,41.679318,-87.617968,60628.0,Unknown,Unknown,2022.0,87.04453441295547,17.813765182186234,0.4048582995951417,97.57085020242914,1.6194331983805668,0.4048582995951417,0.0,1
609748,YORK HS,Consuella B York Alternative HS,HS,True,False,False,False,"9,10,11,12",9-12,184,123,70,3,139,43,1,0,0,0,0.0,1,0.0,0.0,True,Unknown,Unknown,Unknown,Unknown,Unknown,Unknown,Unknown,Unknown,,,4.0,67.2,1.6,78.9,Inability to Rate,GOOD STANDING,2022-23,Options,False,False,False,False,Unknown,Unknown,41.842533,-87.695261,60608.0,Unknown,Unknown,2022.0,66.84782608695652,38.04347826086957,1.6304347826086956,75.54347826086956,23.369565217391305,0.5434782608695652,0.0,1
609720,LANE TECH HS,Albert G Lane Technical High School,HS,True,True,False,False,"7,8,9,10,11,12",7-12,4476,1582,334,89,290,1550,1715,480,21,0,1.0,146,31.0,242.0,False,Unknown,Unknown,True,Unknown,Unknown,"49, 52, 77, 152","Blue, Brown",Unknown,,,89.3,67.2,96.6,78.9,Level 1+,GOOD STANDING,2022-23,Network 14,True,False,True,True,Unknown,Unknown,41.946645,-87.691013,60618.0,Unknown,Unknown,2022.0,35.34405719392314,7.462019660411082,1.9883824843610367,6.478999106344952,34.62913315460233,38.31546023235031,10.723860589812332,0
610563,BACK OF THE YARDS HS,Back of the Yards IB HS,HS,True,False,False,False,"9,10,11,12",9-12,1005,920,94,297,17,961,5,17,5,0,0.0,0,0.0,0.0,True,Unknown,Unknown,Unknown,Unknown,Unknown,"47, 48, 49",Orange,Unknown,,,84.0,67.2,97.3,78.9,Level 1,GOOD STANDING,2022-23,ISP,True,False,False,True,Unknown,Unknown,41.808413,-87.677541,60609.0,Unknown,Unknown,2022.0,91.54228855721394,9.35323383084577,29.55223880597015,1.691542288557214,95.62189054726367,0.4975124378109453,1.691542288557214,0
400036,CHICAGO VIRTUAL,Chicago Virtual Charter School,HS,True,True,True,False,"K,1,2,3,4,5,6,7,8,9,10,11,12",K-12,3,0,0,0,3,0,0,0,0,0,0.0,0,0.0,0.0,True,Unknown,Unknown,Unknown,Unknown,Unknown,"8, 20, 126","Blue, Green","BNSF Railway (BNSF), Heritage Corridor (HC), Metra Electric District (ME), Milwaukee District North (MD-N), Milwaukee District West (MD-W), North Central Service (NCS), Rock Island District (RI), SouthWest Service (SWS), Union Pacific North (UP-N), Union Pacific Northwest (UP-NW), Union Pacific West (UP-W)",,,50.0,67.2,70.4,78.9,Level 2,NOT APPLICABLE,2022-23,Charter,False,False,False,False,Unknown,Unknown,41.88055,-87.649772,60607.0,Unknown,Unknown,2022.0,0.0,0.0,0.0,100.0,0.0,0.0,0.0,1
400136,YCCS - OLIVE HARVEY,YCCS-Olive Harvey Middle College HS,HS,True,False,False,False,"9,10,11,12",9-12,83,59,9,5,64,17,1,1,0,0,0.0,0,0.0,0.0,True,Unknown,Unknown,Unknown,Unknown,Unknown,"28, 6",Red,Unknown,,,16.0,67.2,81.1,78.9,Level 2,NOT APPLICABLE,2022-23,Options,False,False,False,False,Unknown,Unknown,41.712922,-87.592333,60628.0,Unknown,Unknown,2022.0,71.08433734939759,10.843373493975903,6.024096385542169,77.10843373493977,20.48192771084337,1.2048192771084338,1.2048192771084338,1
610391,LINDBLOM HS,Robert Lindblom Math & Science Academy HS,HS,True,True,False,False,"7,8,9,10,11,12",7-12,1390,727,78,28,964,364,39,7,2,0,0.0,13,1.0,0.0,True,Unknown,Unknown,True,Unknown,Unknown,"9, 48, 63",Green,Unknown,,,89.4,67.2,95.8,78.9,Level 1+,GOOD STANDING,2022-23,Network 16,True,False,True,True,Unknown,Unknown,41.782041,-87.671662,60636.0,Unknown,Unknown,2022.0,52.302158273381295,5.611510791366906,2.014388489208633,69.35251798561151,26.187050359712234,2.805755395683453,0.5035971223021583,0
609715,KELLY HS,Thomas Kelly College Preparatory,HS,True,False,False,False,"9,10,11,12",9-12,1716,1581,307,649,56,1424,25,198,2,0,0.0,4,2.0,5.0,True,Unknown,Unknown,Unknown,Unknown,Unknown,"39, 62, 94",Orange,Unknown,,,66.7,67.2,67.0,78.9,Level 2+,GOOD STANDING,2022-23,Network 16,True,False,False,True,Unknown,Unknown,41.818729,-87.694639,60632.0,Unknown,Unknown,2022.0,92.13286713286712,17.89044289044289,37.82051282051282,3.263403263403263,82.98368298368298,1.4568764568764567,11.538461538461538,1
400086,URBAN PREP - ENGLEWOOD HS,Urban Prep Academy for Young Men - Englewood,HS,True,False,False,False,"9,10,11,12",9-12,155,138,39,2,151,2,2,0,0,0,0.0,0,0.0,0.0,True,Unknown,Unknown,Unknown,Unknown,Unknown,"3, 4, 8, 9, 24, 44, 63","Green, Red",Unknown,,,70.8,67.2,81.4,78.9,Level 2,NOT APPLICABLE,2022-23,Charter,True,False,False,True,Unknown,Unknown,41.781498,-87.634357,60621.0,Unknown,Unknown,2022.0,89.03225806451613,25.161290322580644,1.2903225806451613,97.41935483870968,1.2903225806451613,1.2903225806451613,0.0,0
400118,NOBLE - DRW HS,Noble - DRW College Prep,HS,True,False,False,False,"9,10,11,12",9-12,347,303,84,2,341,5,1,0,0,0,0.0,0,0.0,0.0,True,Unknown,Unknown,Unknown,Unknown,Unknown,82,Blue,Unknown,,,80.6,67.2,67.2,78.9,Level 2,NOT APPLICABLE,2022-23,Charter,True,False,False,True,Unknown,Unknown,41.869328,-87.711654,60624.0,Unknown,Unknown,2022.0,87.31988472622479,24.207492795389047,0.5763688760806917,98.27089337175792,1.440922190201729,0.2881844380403458,0.0,1
609729,SCHURZ HS,Carl Schurz High School,HS,True,False,False,False,"9,10,11,12",9-12,1279,1095,285,430,117,1066,49,27,9,0,0.0,9,2.0,0.0,True,Unknown,Unknown,Unknown,Unknown,Unknown,"56, 152",Blue,Milwaukee District North (MD-N),,,63.8,67.2,70.6,78.9,Level 2,INTENSIVE SUPPORT,2022-23,Network 14,True,False,False,True,Unknown,Unknown,41.946365,-87.735612,60641.0,Unknown,Unknown,2022.0,85.6137607505864,22.28303362001564,33.620015637216575,9.147771696638,83.3463643471462,3.831118060985145,2.111024237685692,1
610357,SPRY HS,Spry Community Links High School,HS,True,False,False,False,"9,10,11,12",9-12,75,68,21,38,0,74,0,0,1,0,0.0,0,0.0,0.0,True,Unknown,Unknown,Unknown,Unknown,Unknown,"21, 94",Unknown,Unknown,,,57.1,67.2,75.0,78.9,Level 2,PROVISIONAL SUPPORT,2022-23,Network 16,True,False,False,True,Unknown,Unknown,41.847762,-87.698946,60623.0,Unknown,Unknown,2022.0,90.66666666666666,28.000000000000004,50.66666666666667,0.0,98.66666666666669,0.0,0.0,1
610573,SAFE ACHIEVE HS,Safe Achieve Academy HS,HS,True,False,False,False,"9,10,11,12",9-12,48,42,15,0,42,5,1,0,0,0,0.0,0,0.0,0.0,Unknown,Unknown,Unknown,Unknown,Unknown,Unknown,Unknown,Unknown,Unknown,,,59.75,67.2,81.1,78.9,Level 1+,NOT APPLICABLE,2022-23,Options,False,False,False,False,Unknown,Unknown,41.753115,-87.551804,60649.0,Unknown,Unknown,2022.0,87.5,31.25,0.0,87.5,10.416666666666668,2.083333333333333,0.0,1
400173,PATHWAYS - BRIGHTON PARK HS,Pathways in Education- Brighton Park,HS,True,False,False,False,"9,10,11,12",9-12,454,355,69,103,19,419,10,2,4,0,0.0,0,0.0,0.0,Unknown,Unknown,Unknown,Unknown,Unknown,Unknown,Unknown,Unknown,Unknown,,,19.4,67.2,11.3,78.9,Level 2+,NOT APPLICABLE,2022-23,Options,False,False,False,False,Unknown,Unknown,41.808226,-87.702645,60632.0,Unknown,Unknown,2022.0,78.19383259911893,15.198237885462554,22.687224669603523,4.185022026431718,92.29074889867842,2.202643171806168,0.4405286343612335,1
400126,YCCS - ASSOCIATION HOUSE,YCCS-Association House HS,HS,True,False,False,False,"9,10,11,12",9-12,72,55,15,11,27,37,2,0,2,0,0.0,0,2.0,2.0,True,Unknown,Unknown,Unknown,Unknown,Unknown,"70, 65, 82, 94",Blue,Unknown,,,21.1,67.2,81.1,78.9,Level 1+,NOT APPLICABLE,2022-23,Options,False,False,False,False,Unknown,Unknown,41.901572,-87.70686,60651.0,Unknown,Unknown,2022.0,76.38888888888889,20.833333333333336,15.27777777777778,37.5,51.388888888888886,2.7777777777777777,0.0,1
610385,MULTICULTURAL ARTS HS,Multicultural Arts High School,HS,True,False,False,False,"9,10,11,12",9-12,263,223,52,104,45,216,1,0,1,0,0.0,0,0.0,0.0,True,Unknown,Unknown,Unknown,Unknown,Unknown,"53, 53A, 54B, 82",Unknown,Unknown,,,61.4,67.2,79.2,78.9,Level 2+,GOOD STANDING,2022-23,Network 15,True,False,False,True,Unknown,Unknown,41.835282,-87.735283,60623.0,Unknown,Unknown,2022.0,84.79087452471484,19.771863117870723,39.543726235741445,17.110266159695815,82.12927756653993,0.3802281368821292,0.0,1
609709,GAGE PARK HS,Gage Park High School,HS,True,False,False,False,"9,10,11,12",9-12,330,277,60,128,107,217,3,0,0,0,0.0,2,1.0,0.0,True,Unknown,Unknown,Unknown,Unknown,Unknown,"49, 55, 94",Green,Unknown,,,42.9,67.2,72.2,78.9,Level 2,INTENSIVE SUPPORT,2022-23,Network 16,True,False,False,True,Unknown,Unknown,41.791013,-87.688954,60629.0,Unknown,Unknown,2022.0,83.93939393939394,18.181818181818183,38.78787878787879,32.42424242424242,65.75757575757576,0.9090909090909092,0.0,1
400094,EPIC HS,EPIC Academy Charter High School,HS,True,False,False,False,"9,10,11,12",9-12,325,306,81,60,178,130,3,0,1,0,0.0,1,0.0,12.0,True,Unknown,Unknown,Unknown,Unknown,Unknown,"5, 26, 71",Unknown,Metra Electric District (ME),,,78.3,67.2,76.6,78.9,Level 2+,NOT APPLICABLE,2022-23,Charter,True,False,False,True,Unknown,Unknown,41.744849,-87.550222,60617.0,Unknown,Unknown,2022.0,94.15384615384616,24.923076923076923,18.461538461538463,54.76923076923077,40.0,0.9230769230769232,0.0,1
609679,PROSSER HS,Charles Allen Prosser Career Academy High School,HS,True,False,False,False,"9,10,11,12",9-12,1150,1022,163,187,274,846,20,2,4,0,0.0,2,2.0,0.0,True,Unknown,Unknown,Unknown,True,Unknown,"65, 74, 85",Unknown,Milwaukee District West (MD-W),,,76.5,67.2,90.6,78.9,Level 2+,GOOD STANDING,2022-23,Network 15,True,False,False,True,Unknown,Unknown,41.920059,-87.761048,60639.0,Unknown,Unknown,2022.0,88.8695652173913,14.173913043478262,16.26086956521739,23.82608695652174,73.56521739130434,1.7391304347826086,0.1739130434782608,0
400131,YCCS - CAMPOS,YCCS-Dr. Pedro Albizu Campos Puerto Rican HS,HS,True,False,False,False,"9,10,11,12",9-12,97,77,20,17,28,66,2,0,0,0,0.0,1,0.0,0.0,True,Unknown,Unknown,Unknown,Unknown,Unknown,"52, 70",Blue,Unknown,,,30.2,67.2,81.1,78.9,Level 1,NOT APPLICABLE,2022-23,Options,False,False,False,False,Unknown,Unknown,41.90285,-87.696006,60622.0,Unknown,Unknown,2022.0,79.38144329896907,20.61855670103093,17.525773195876287,28.865979381443296,68.04123711340206,2.061855670103093,0.0,1
609680,PAYTON HS,Walter Payton College Preparatory High School,HS,True,False,False,False,"9,10,11,12",9-12,1230,372,107,23,110,300,463,301,2,0,0.0,48,6.0,0.0,False,Unknown,Unknown,Unknown,Unknown,True,"11, 36, 70","Brown, Red",Unknown,,,92.2,67.2,96.4,78.9,Level 1+,GOOD STANDING,2022-23,Network 15,True,False,False,True,Unknown,Unknown,41.901575,-87.635385,60610.0,Unknown,Unknown,2022.0,30.24390243902439,8.699186991869919,1.869918699186992,8.94308943089431,24.390243902439025,37.64227642276423,24.471544715447155,0
400119,LEGAL PREP HS,Legal Prep Charter Academy,HS,True,False,False,False,"9,10,11,12",9-12,242,213,47,1,236,5,0,0,0,0,0.0,1,0.0,0.0,True,Unknown,Unknown,Unknown,Unknown,Unknown,20126,Green,Unknown,,,48.9,67.2,71.8,78.9,Level 2,NOT APPLICABLE,2022-23,Charter,True,False,False,True,Unknown,Unknown,41.881733,-87.733778,60624.0,Unknown,Unknown,2022.0,88.01652892561982,19.421487603305785,0.4132231404958678,97.5206611570248,2.066115702479339,0.0,0.0,1
400059,NLCP - COLLINS HS,North Lawndale College Prep - Collins,HS,True,False,False,False,"9,10,11,12",9-12,418,396,76,2,405,8,1,0,1,0,0.0,0,0.0,3.0,True,Unknown,Unknown,Unknown,Unknown,Unknown,"12, 18, 52",Red,Unknown,,,64.2,67.2,72.9,78.9,Level 2+,NOT APPLICABLE,2022-23,Charter,True,False,False,True,Unknown,Unknown,41.864146,-87.700681,60623.0,Unknown,Unknown,2022.0,94.73684210526316,18.181818181818183,0.4784688995215311,96.88995215311004,1.9138755980861244,0.2392344497607655,0.0,1
400022,CHIARTS HS,Chicago High School for the Arts (ChiArts),HS,True,False,False,False,"9,10,11,12",9-12,598,311,56,24,203,233,98,7,3,0,0.0,11,2.0,41.0,False,Unknown,Unknown,Unknown,Unknown,Unknown,"66, 70, 52, 49","Blue, Red",Union Pacific North (UP-N),,,80.1,67.2,86.1,78.9,Level 1,GOOD STANDING,2022-23,Contract,True,False,False,True,Unknown,Unknown,41.899377,-87.694945,60622.0,Unknown,Unknown,2022.0,52.0066889632107,9.364548494983277,4.013377926421405,33.94648829431438,38.96321070234114,16.387959866220736,1.1705685618729096,0
610380,WILLIAMS HS,Daniel Hale Williams Prep School of Medicine,HS,True,False,False,False,"9,10,11,12",9-12,71,65,13,1,69,1,0,0,0,0,0.0,1,0.0,0.0,True,Unknown,Unknown,Unknown,Unknown,Unknown,"1, 15, 29","Green, Red",Unknown,,,79.3,67.2,92.5,78.9,Level 2,PROVISIONAL SUPPORT,2022-23,Network 17,True,False,False,True,Unknown,Unknown,41.806118,-87.62503,60615.0,Unknown,Unknown,2022.0,91.54929577464787,18.30985915492958,1.4084507042253522,97.1830985915493,1.4084507042253522,0.0,0.0,0
400169,NOBLE - ITW SPEER HS,Noble - ITW David Speer Academy,HS,True,False,False,False,"9,10,11,12",9-12,1094,857,160,281,110,968,9,4,2,0,0.0,0,0.0,1.0,True,Unknown,Unknown,Unknown,Unknown,Unknown,Unknown,Green,Unknown,,,79.9,67.2,85.1,78.9,Level 1+,NOT APPLICABLE,2022-23,Charter,True,False,False,True,Unknown,Unknown,41.92563,-87.769808,60639.0,Unknown,Unknown,2022.0,78.33638025594149,14.625228519195613,25.68555758683729,10.054844606946984,88.48263254113346,0.8226691042047531,0.3656307129798903,0
400127,YCCS - AUSTIN CAREER,YCCS-Austin Career Education Center HS,HS,True,False,False,False,"9,10,11,12",9-12,0,0,0,0,0,0,0,0,0,0,0.0,0,0.0,0.0,True,Unknown,Unknown,Unknown,Unknown,Unknown,"57, 66","Green, Red",Unknown,,,7.8,67.2,81.1,78.9,Level 1+,NOT APPLICABLE,2022-23,Options,False,False,False,False,Unknown,Unknown,41.894976,-87.760221,60651.0,Unknown,Unknown,2022.0,0.0,0.0,0.0,0.0,0.0,0.0,0.0,1
400141,YCCS - TRUMAN,YCCS-Truman Middle College HS,HS,True,False,False,False,"9,10,11,12",9-12,172,125,23,37,46,91,10,16,4,0,0.0,3,0.0,2.0,Unknown,Unknown,Unknown,Unknown,Unknown,Unknown,81,"Purple, Red",Unknown,,,47.9,67.2,81.1,78.9,Level 1,NOT APPLICABLE,2022-23,Options,False,False,False,False,Unknown,Unknown,41.965295,-87.659239,60640.0,Unknown,Unknown,2022.0,72.67441860465115,13.372093023255813,21.511627906976745,26.744186046511626,52.90697674418605,5.813953488372093,9.30232558139535,1
609724,MATHER HS,Stephen T Mather High School,HS,True,False,False,False,"9,10,11,12",9-12,1610,1270,262,584,238,774,213,347,7,0,0.0,26,5.0,0.0,True,Unknown,Unknown,Unknown,Unknown,Unknown,"11, 84, 93","Brown, Red",Unknown,,,74.3,67.2,79.1,78.9,Level 1,GOOD STANDING,2022-23,Network 14,True,False,False,True,Unknown,Unknown,41.987589,-87.702496,60659.0,Unknown,Unknown,2022.0,78.88198757763976,16.273291925465838,36.27329192546584,14.782608695652174,48.07453416149068,13.229813664596271,21.5527950310559,1
609769,GRAHAM HS,Ray Graham Training Center High School,HS,True,False,False,False,"9,10,11,12",9-12,238,219,238,100,89,128,7,9,2,0,0.0,2,1.0,0.0,True,Unknown,Unknown,Unknown,Unknown,Unknown,Unknown,"Green, Red",Unknown,,,10.7,67.2,81.1,78.9,Inability to Rate,GOOD STANDING,2022-23,Network 14,False,False,False,False,Unknown,Unknown,41.849675,-87.625315,60616.0,Unknown,Unknown,2022.0,92.01680672268908,100.0,42.01680672268908,37.39495798319328,53.78151260504202,2.941176470588235,3.7815126050420167,1
610543,SOLORIO HS,Eric Solorio Academy High School,HS,True,False,False,False,"9,10,11,12",9-12,1213,1097,143,295,12,1179,11,5,3,0,0.0,3,0.0,0.0,True,Unknown,Unknown,True,Unknown,Unknown,"52, 52A, 55",Orange,Unknown,,,73.5,67.2,90.2,78.9,Level 1,GOOD STANDING,2022-23,AUSL,True,False,False,True,Unknown,Unknown,41.795201,-87.711059,60632.0,Unknown,Unknown,2022.0,90.43693322341304,11.788953009068424,24.319868095630667,0.989282769991756,97.19703215169002,0.9068425391591096,0.4122011541632316,0
609692,SIMEON HS,Neal F Simeon Career Academy High School,HS,True,False,False,False,"9,10,11,12",9-12,1142,1043,170,8,1124,9,0,0,1,0,0.0,8,0.0,0.0,True,Unknown,Unknown,True,Unknown,Unknown,"24, 79",Red,Unknown,,,61.8,67.2,90.2,78.9,Level 2,PROVISIONAL SUPPORT,2022-23,Network 17,True,False,False,True,Unknown,Unknown,41.745781,-87.63541,60620.0,Unknown,Unknown,2022.0,91.33099824868653,14.886164623467602,0.7005253940455342,98.42381786339756,0.7880910683012259,0.0,0.0,0
610592,ENGLEWOOD STEM HS,Englewood STEM High School,HS,True,False,False,False,"9,10,11",9-11,781,677,182,45,703,72,2,1,0,0,0.0,3,0.0,0.0,Unknown,Unknown,Unknown,Unknown,Unknown,Unknown,Unknown,Unknown,Unknown,,,59.75,67.2,81.1,78.9,Inability to Rate,GOOD STANDING,2022-23,Network 16,True,False,Unknown,True,Unknown,Unknown,41.770251,-87.639061,60621.0,Unknown,Unknown,2022.0,86.68373879641486,23.30345710627401,5.761843790012804,90.01280409731113,9.218950064020486,0.2560819462227913,0.1280409731113956,1
609730,SENN HS,Nicholas Senn High School,HS,True,False,False,False,"9,10,11,12",9-12,1508,1092,198,299,396,604,267,191,11,0,0.0,37,2.0,0.0,True,Unknown,Unknown,Unknown,Unknown,Unknown,"22, 36, 84",Red,Unknown,,,80.1,67.2,82.1,78.9,Level 1,GOOD STANDING,2022-23,Network 14,True,False,False,True,Unknown,Unknown,41.989029,-87.667136,60660.0,Unknown,Unknown,2022.0,72.41379310344827,13.12997347480106,19.82758620689655,26.25994694960212,40.05305039787798,17.70557029177719,12.6657824933687,0
400053,NOBLE - GOLDER HS,Noble - Golder College Prep,HS,True,False,False,False,"9,10,11,12",9-12,643,508,97,155,145,474,14,2,2,0,0.0,4,1.0,1.0,True,Unknown,Unknown,Unknown,Unknown,Unknown,"9, 65, 66",Blue,Unknown,,,91.0,67.2,85.2,78.9,Level 1+,NOT APPLICABLE,2022-23,Charter,True,False,False,True,Unknown,Unknown,41.895282,-87.664483,60642.0,Unknown,Unknown,2022.0,79.00466562986003,15.085536547433904,24.10575427682737,22.55054432348367,73.71695178849144,2.177293934681182,0.3110419906687403,0
400135,YCCS - LATINO YOUTH,YCCS-Latino Youth Alternative HS,HS,True,False,False,False,"9,10,11,12",9-12,120,93,20,35,7,111,1,1,0,0,0.0,0,0.0,0.0,True,Unknown,Unknown,Unknown,Unknown,Unknown,"94, 21",Pink,Unknown,,,9.9,67.2,81.1,78.9,Level 1,NOT APPLICABLE,2022-23,Options,False,False,False,False,Unknown,Unknown,41.854665,-87.69543,60608.0,Unknown,Unknown,2022.0,77.5,16.666666666666664,29.166666666666668,5.833333333333333,92.5,0.8333333333333334,0.8333333333333334,1
609719,LAKE VIEW HS,Lake View High School,HS,True,False,False,False,"9,10,11,12",9-12,1335,1058,221,217,190,961,113,41,5,0,0.0,20,3.0,2.0,True,Unknown,Unknown,Unknown,Unknown,Unknown,"9, 80, X9","Blue, Brown, Green, Orange, Pink, Purple, Red",Unknown,,,76.2,67.2,86.9,78.9,Level 2+,GOOD STANDING,2022-23,Network 14,True,False,False,True,Unknown,Unknown,41.954764,-87.668953,60613.0,Unknown,Unknown,2022.0,79.25093632958801,16.55430711610487,16.254681647940075,14.232209737827716,71.98501872659176,8.464419475655431,3.0711610486891385,0
609761,CORLISS HS,George H Corliss High School,HS,True,False,False,False,"9,10,11,12",9-12,288,251,88,5,274,12,1,0,0,0,0.0,1,0.0,0.0,True,Unknown,Unknown,Unknown,Unknown,Unknown,"34, 106, 111, 4",Red,Metra Electric District (ME),,,51.4,67.2,67.4,78.9,Level 2,INTENSIVE SUPPORT,2022-23,Network 17,True,False,False,True,Unknown,Unknown,41.70666,-87.601216,60628.0,Unknown,Unknown,2022.0,87.15277777777779,30.55555555555556,1.7361111111111112,95.13888888888889,4.166666666666666,0.3472222222222222,0.0,1
609735,TILDEN HS,Edward Tilden Career Community Academy HS,HS,True,False,False,False,"9,10,11,12",9-12,211,173,62,50,86,95,20,2,0,0,0.0,2,1.0,5.0,True,Unknown,Unknown,Unknown,Unknown,Unknown,"8, 44, 47",Red,Unknown,,,56.7,67.2,62.0,78.9,Level 2,INTENSIVE SUPPORT,2022-23,Network 16,True,False,False,True,Unknown,Unknown,41.80751,-87.642966,60609.0,Unknown,Unknown,2022.0,81.99052132701422,29.383886255924168,23.696682464454977,40.75829383886256,45.02369668246445,9.47867298578199,0.9478672985781992,1
609695,AMUNDSEN HS,Roald Amundsen High School,HS,True,False,False,False,"9,10,11,12",9-12,1488,609,244,146,115,642,545,106,6,0,0.0,70,4.0,0.0,True,Unknown,Unknown,Unknown,Unknown,Unknown,"50, 92",Brown,Unknown,,,76.6,67.2,83.1,78.9,Level 1+,GOOD STANDING,2022-23,ISP,True,False,False,True,Unknown,Unknown,41.975067,-87.679484,60625.0,Unknown,Unknown,2022.0,40.92741935483871,16.397849462365592,9.811827956989246,7.728494623655914,43.14516129032258,36.626344086021504,7.123655913978495,0
610402,DEVRY HS,DeVry University Advantage Academy HS,HS,True,False,False,False,"11,12",11-12,130,92,3,2,27,74,18,8,0,0,0.0,1,2.0,0.0,True,Unknown,Unknown,Unknown,Unknown,Unknown,"49, 77, 52",Unknown,Unknown,,,81.1,67.2,81.1,78.9,Level 1+,GOOD STANDING,2022-23,Network 14,False,False,False,False,Unknown,Unknown,41.941388,-87.690761,60640.0,Unknown,Unknown,2022.0,70.76923076923077,2.307692307692308,1.5384615384615383,20.76923076923077,56.92307692307692,13.846153846153848,6.153846153846154,0
400117,NOBLE - HANSBERRY HS,Noble - Hansberry College Prep,HS,True,False,False,False,"9,10,11,12",9-12,481,376,97,3,469,5,2,0,0,0,0.0,4,0.0,1.0,True,Unknown,Unknown,Unknown,Unknown,Unknown,"87, 24, 4",Red,Rock Island District (RI),,,80.3,67.2,86.9,78.9,Level 2+,NOT APPLICABLE,2022-23,Charter,True,False,False,True,Unknown,Unknown,41.734442,-87.650987,60620.0,Unknown,Unknown,2022.0,78.17047817047818,20.16632016632017,0.6237006237006237,97.5051975051975,1.0395010395010396,0.4158004158004158,0.0,0
400062,PERSPECTIVES - TECH HS,Perspectives - High School of Technology,HS,True,False,False,False,"9,10,11,12",9-12,347,295,51,2,339,5,0,1,0,0,0.0,1,0.0,1.0,True,Unknown,Unknown,Unknown,Unknown,Unknown,"44, 75",Red,Unknown,,,53.4,67.2,77.6,78.9,Level 2+,NOT APPLICABLE,2022-23,Charter,True,False,False,True,Unknown,Unknown,41.745949,-87.650657,60620.0,Unknown,Unknown,2022.0,85.01440922190201,14.697406340057636,0.5763688760806917,97.69452449567724,1.440922190201729,0.0,0.2881844380403458,1
610569,OMBUDSMAN - NORTHWEST HS,Ombudsman Chicago- Northwest,HS,True,False,False,False,"9,10,11,12",9-12,169,119,32,24,20,93,34,16,3,0,0.0,2,1.0,0.0,True,Unknown,Unknown,Unknown,Unknown,Unknown,"290, 270",Blue,Unknown,,,28.8,67.2,11.4,78.9,Level 2,NOT APPLICABLE,2022-23,Options,False,False,False,False,Unknown,Unknown,42.017171,-87.806682,60631.0,Unknown,Unknown,2022.0,70.41420118343196,18.93491124260355,14.201183431952662,11.83431952662722,55.02958579881657,20.118343195266277,9.467455621301776,1
610561,CRANE MEDICAL HS,Richard T Crane Medical Preparatory HS,HS,True,False,False,False,"9,10,11,12",9-12,306,276,33,5,263,39,2,0,0,0,0.0,1,1.0,0.0,True,Unknown,Unknown,Unknown,Unknown,Unknown,"9, 49, 50, 126",Blue,Unknown,,,76.0,67.2,89.4,78.9,Level 2+,GOOD STANDING,2022-23,Network 15,True,False,False,True,Unknown,Unknown,41.876947,-87.683301,60612.0,Unknown,Unknown,2022.0,90.19607843137256,10.784313725490197,1.6339869281045754,85.94771241830065,12.745098039215684,0.6535947712418301,0.0,0
400139,YCCS - SULLIVAN,YCCS-Sullivan House Alternative HS,HS,True,False,False,False,"9,10,11,12",9-12,306,275,49,2,281,21,1,0,0,0,0.0,3,0.0,0.0,True,Unknown,Unknown,Unknown,Unknown,Unknown,"30, 14, 28, 15",Unknown,Unknown,,,7.8,67.2,81.1,78.9,Level 1+,NOT APPLICABLE,2022-23,Options,False,False,False,False,Unknown,Unknown,41.746287,-87.578492,60617.0,Unknown,Unknown,2022.0,89.86928104575163,16.013071895424837,0.6535947712418301,91.83006535947712,6.862745098039216,0.326797385620915,0.0,1
610529,OGDEN HS,Ogden International High School,HS,True,False,False,False,"9,10,11,12",9-12,488,344,47,29,231,176,57,10,2,0,0.0,11,1.0,0.0,True,Unknown,Unknown,Unknown,True,Unknown,"65, 66",Blue,Unknown,,,88.1,67.2,94.5,78.9,Level 1,GOOD STANDING,2022-23,Network 15,True,False,True,True,Unknown,Unknown,41.893548,-87.659405,60642.0,Unknown,Unknown,2022.0,70.49180327868852,9.631147540983608,5.942622950819672,47.33606557377049,36.0655737704918,11.68032786885246,2.0491803278688523,0
610597,VIRTUAL ACADEMY HS,The Virtual Academy High School,HS,True,False,False,False,"9,10,11,12",9-12,150,87,89,30,50,68,25,6,0,0,0.0,1,0.0,0.0,Unknown,False,Unknown,Unknown,Unknown,Unknown,Unknown,Unknown,Unknown,,,59.75,67.2,81.1,78.9,Unknown,Unknown,2022-23,ISP,False,False,False,False,Unknown,Unknown,41.8627144,-87.6601387,60608.0,Unknown,Unknown,2022.0,57.99999999999999,59.333333333333336,20.0,33.33333333333333,45.33333333333333,16.666666666666664,4.0,1
609753,CHICAGO AGRICULTURE HS,Chicago High School for Agricultural Sciences,HS,True,False,False,False,"9,10,11,12",9-12,780,392,173,21,395,169,201,4,0,0,0.0,8,3.0,0.0,False,Unknown,Unknown,True,Unknown,Unknown,"52A, 53A, 112",Unknown,Unknown,,,81.3,67.2,85.1,78.9,Level 1,GOOD STANDING,2022-23,ISP,True,False,False,True,Unknown,Unknown,41.691221,-87.71777,60655.0,Unknown,Unknown,2022.0,50.256410256410255,22.17948717948718,2.6923076923076925,50.64102564102564,21.666666666666668,25.769230769230766,0.5128205128205128,0
609674,CHICAGO VOCATIONAL HS,Chicago Vocational Career Academy High School,HS,True,False,False,False,"9,10,11,12",9-12,647,532,207,14,623,16,2,0,0,0,0.0,1,0.0,5.0,True,Unknown,Unknown,True,True,Unknown,"14, 15, 87",Unknown,Unknown,,,38.1,67.2,72.3,78.9,Level 2,PROVISIONAL SUPPORT,2022-23,Network 17,True,False,False,True,Unknown,Unknown,41.737174,-87.573268,60617.0,Unknown,Unknown,2022.0,82.22565687789799,31.993817619783616,2.163833075734157,96.29057187017,2.472952086553323,0.3091190108191654,0.0,1
610390,RICKOVER MILITARY HS,Hyman G Rickover Naval Academy High School,HS,True,False,False,False,"9,10,11,12",9-12,457,323,76,91,20,355,64,11,0,0,0.0,7,0.0,0.0,True,Unknown,Unknown,Unknown,Unknown,Unknown,"91, 78, 85, 80",Blue,Union Pacific Northwest (UP-NW),,,68.3,67.2,88.7,78.9,Level 1,GOOD STANDING,2022-23,ISP,True,False,False,True,Unknown,Unknown,41.957599,-87.769938,60634.0,Unknown,Unknown,2022.0,70.67833698030634,16.630196936542667,19.912472647702405,4.3763676148796495,77.68052516411379,14.00437636761488,2.4070021881838075,0
609682,RICHARDS HS,Ellen H Richards Career Academy High School,HS,True,False,False,False,"9,10,11,12",9-12,273,236,61,96,113,144,1,0,2,0,0.0,0,0.0,13.0,True,Unknown,Unknown,Unknown,Unknown,Unknown,"9, 51, 47","Green, Red",Unknown,,,37.8,67.2,64.3,78.9,Level 2,INTENSIVE SUPPORT,2022-23,Network 16,True,False,False,True,Unknown,Unknown,41.802881,-87.662278,60609.0,Unknown,Unknown,2022.0,86.44688644688645,22.344322344322347,35.16483516483517,41.39194139194139,52.74725274725275,0.3663003663003663,0.0,1
400181,ART IN MOTION,Art in Motion Charter School,HS,True,True,False,False,"7,8,9,10,11",7-11,554,397,92,3,519,19,0,0,1,0,0.0,4,0.0,11.0,Unknown,Unknown,Unknown,Unknown,Unknown,Unknown,"28, 75, 71",Unknown,Unknown,,,59.75,67.2,81.1,78.9,Inability to Rate,GOOD STANDING,2022-23,Charter,False,False,False,False,Unknown,Unknown,41.760034,-87.583328,60649.0,Unknown,Unknown,2022.0,71.66064981949458,16.60649819494585,0.5415162454873645,93.68231046931407,3.429602888086643,0.0,0.0,1
400013,ASPIRA - EARLY COLLEGE HS,ASPIRA Charter School - Early College High School,HS,True,False,False,False,"9,10,11,12",9-12,262,226,65,138,11,251,0,0,0,0,0.0,0,0.0,0.0,True,Unknown,Unknown,Unknown,Unknown,Unknown,"53, 77, 56",Blue,Unknown,,,59.0,67.2,69.8,78.9,Level 2+,NOT APPLICABLE,2022-23,Charter,True,False,False,True,Unknown,Unknown,41.937298,-87.727096,60618.0,Unknown,Unknown,2022.0,86.25954198473282,24.80916030534351,52.67175572519084,4.198473282442748,95.80152671755724,0.0,0.0,1
610547,SOUTH SHORE INTL HS,South Shore Intl College Prep High School,HS,True,False,False,False,"9,10,11,12",9-12,508,387,57,7,487,17,0,1,1,0,0.0,1,0.0,1.0,True,Unknown,Unknown,Unknown,Unknown,Unknown,"J14, 15, 75",Red,Unknown,,,85.7,67.2,94.5,78.9,Level 2+,GOOD STANDING,2022-23,Network 17,True,False,False,True,Unknown,Unknown,41.758792,-87.576353,60649.0,Unknown,Unknown,2022.0,76.18110236220473,11.22047244094488,1.3779527559055118,95.86614173228348,3.346456692913386,0.0,0.1968503937007873,0
610518,AUSTIN CCA HS,Austin College and Career Academy High School,HS,True,False,False,False,"9,10,11,12",9-12,176,144,45,3,168,7,1,0,0,0,0.0,0,0.0,0.0,True,Unknown,Unknown,Unknown,Unknown,Unknown,"20, 57, 85",Green,Unknown,,,43.3,67.2,64.7,78.9,Level 2,INTENSIVE SUPPORT,2022-23,Network 15,True,False,False,True,Unknown,Unknown,41.885993,-87.761916,60644.0,Unknown,Unknown,2022.0,81.81818181818183,25.568181818181817,1.7045454545454544,95.45454545454544,3.977272727272727,0.5681818181818182,0.0,1
609732,STEINMETZ HS,Charles P Steinmetz College Preparatory HS,HS,True,False,False,False,"9,10,11,12",9-12,1131,888,201,379,186,860,62,12,5,0,0.0,1,4.0,1.0,True,Unknown,Unknown,Unknown,Unknown,Unknown,"76, 77, 86",Unknown,Unknown,,,63.2,67.2,74.4,78.9,Level 2,PROVISIONAL SUPPORT,2022-23,Network 14,True,False,False,True,Unknown,Unknown,41.935634,-87.783515,60634.0,Unknown,Unknown,2022.0,78.51458885941645,17.771883289124666,33.51016799292662,16.445623342175068,76.03890362511052,5.4818744473916885,1.0610079575596816,1
400052,NOBLE - COMER,Noble - Gary Comer College Prep,HS,True,True,True,False,"6,7,8,9,10,11,12",6-12,1020,770,149,14,979,23,1,0,1,0,0.0,14,0.0,2.0,True,Unknown,Unknown,Unknown,Unknown,Unknown,"4, 30, 71",Unknown,Unknown,,,86.4,67.2,85.0,78.9,Level 1,NOT APPLICABLE,2022-23,Charter,True,False,False,True,Unknown,Unknown,41.764083,-87.601974,60619.0,Unknown,Unknown,2022.0,75.49019607843137,14.607843137254903,1.3725490196078431,95.98039215686276,2.2549019607843137,0.0980392156862745,0.0,0
400054,NOBLE - PRITZKER HS,Noble - Pritzker College Prep,HS,True,False,False,False,"9,10,11,12",9-12,968,872,125,286,43,906,11,5,2,0,0.0,1,0.0,0.0,True,Unknown,Unknown,Unknown,Unknown,Unknown,"53, 72, 73","Blue, Brown",Unknown,,,86.8,67.2,89.1,78.9,Level 1+,NOT APPLICABLE,2022-23,Charter,True,False,False,True,Unknown,Unknown,41.915214,-87.730127,60639.0,Unknown,Unknown,2022.0,90.08264462809916,12.913223140495866,29.545454545454547,4.4421487603305785,93.59504132231406,1.1363636363636365,0.5165289256198348,0
400123,YCCS - SCHOLASTIC ACHIEVEMENT,YCCS- Academy of Scholastic Achievement HS,HS,True,False,False,False,"9,10,11,12",9-12,102,81,14,0,96,4,1,0,0,0,0.0,1,0.0,0.0,True,Unknown,Unknown,Unknown,Unknown,Unknown,"20, 54",Green,Unknown,,,11.5,67.2,81.1,78.9,Level 1+,NOT APPLICABLE,2022-23,Options,False,False,False,False,Unknown,Unknown,41.880447,-87.742539,60644.0,Unknown,Unknown,2022.0,79.41176470588235,13.725490196078432,0.0,94.11764705882352,3.92156862745098,0.9803921568627452,0.0,1
609710,HARLAN HS,John M Harlan Community Academy High School,HS,True,False,False,False,"9,10,11,12",9-12,272,226,66,5,266,5,0,0,0,0,0.0,1,0.0,0.0,True,Unknown,Unknown,Unknown,Unknown,Unknown,"5, 34, 95E, 100, 103, 106, 111, 119",Red,Unknown,,,48.4,67.2,62.3,78.9,Level 2,INTENSIVE SUPPORT,2022-23,Network 17,True,False,True,True,Unknown,Unknown,41.718372,-87.620623,60628.0,Unknown,Unknown,2022.0,83.08823529411765,24.264705882352946,1.8382352941176472,97.79411764705884,1.8382352941176472,0.0,0.0,1
609726,BROOKS HS,Gwendolyn Brooks College Preparatory Academy HS,HS,True,True,False,False,"7,8,9,10,11,12",7-12,965,619,71,2,767,177,10,2,1,0,0.0,6,2.0,0.0,True,Unknown,Unknown,True,Unknown,Unknown,34111119,Orange,Metra Electric District (ME),,,79.8,67.2,94.1,78.9,Level 1+,GOOD STANDING,2022-23,ISP,True,False,True,True,Unknown,Unknown,41.692763,-87.616353,60628.0,Unknown,Unknown,2022.0,64.14507772020725,7.357512953367876,0.2072538860103626,79.48186528497409,18.341968911917096,1.0362694300518136,0.2072538860103626,0
400098,NOBLE - MUCHIN HS,Noble - Muchin College Prep,HS,True,False,False,False,"9,10,11,12",9-12,823,672,107,113,288,482,6,42,3,0,0.0,1,1.0,0.0,True,Unknown,Unknown,Unknown,Unknown,Unknown,"2, 3, 4, 6, 10, 20, 22, 24, 26, 29, 36, 62, 66, 143, 144, 145, 146, 147, 148, 151","Blue, Brown, Green, Orange, Pink, Purple, Red","BNSF Railway (BNSF), Heritage Corridor (HC), Metra Electric District (ME), Milwaukee District North (MD-N), Milwaukee District West (MD-W), North Central Service (NCS), Rock Island District (RI), SouthWest Service (SWS), Union Pacific North (UP-N), Union Pacific Northwest (UP-NW), Union Pacific West (UP-W)",,,90.0,67.2,93.9,78.9,Level 1+,NOT APPLICABLE,2022-23,Charter,True,False,False,True,Unknown,Unknown,41.88274,-87.626338,60602.0,Unknown,Unknown,2022.0,81.65249088699879,13.001215066828674,13.730255164034022,34.993924665856625,58.56622114216282,0.7290400972053462,5.103280680437424,0
609749,NORTHSIDE PREP HS,Northside College Preparatory High School,HS,True,False,False,False,"9,10,11,12",9-12,1041,369,96,19,58,299,397,218,4,0,0.0,41,8.0,16.0,False,Unknown,Unknown,True,Unknown,Unknown,"82, 92",Unknown,Unknown,,,93.7,67.2,98.8,78.9,Level 1+,GOOD STANDING,2022-23,Network 14,True,False,False,True,Unknown,Unknown,41.981315,-87.708708,60625.0,Unknown,Unknown,2022.0,35.44668587896253,9.221902017291066,1.8251681075888568,5.571565802113352,28.7223823246878,38.13640730067243,20.941402497598464,0
400033,CICS - LONGWOOD,CICS - Longwood,HS,True,True,True,False,"3,4,5,6,7,8,9,10,11,12",3-12,1241,972,205,7,1224,7,0,0,3,0,0.0,5,0.0,2.0,True,Unknown,Unknown,Unknown,Unknown,Unknown,"9, 95W",Red,Rock Island District (RI),,,48.6,67.2,85.6,78.9,Level 2,NOT APPLICABLE,2022-23,Charter,True,False,False,True,Unknown,Unknown,41.721221,-87.655768,60643.0,Unknown,Unknown,2022.0,78.3239323126511,16.518936341659952,0.5640612409347301,98.63013698630137,0.5640612409347301,0.0,0.0,1
609711,HARPER HS,William Rainey Harper High School,HS,True,False,False,False,12,12,0,0,0,0,0,0,0,0,0,0,0.0,0,0.0,0.0,True,Unknown,Unknown,Unknown,Unknown,Unknown,"9, 48, 63",Blue,Unknown,,,46.4,67.2,67.7,78.9,Level 2,INTENSIVE SUPPORT,2022-23,Network 16,True,False,False,True,Unknown,Unknown,41.775124,-87.669089,60636.0,Unknown,Unknown,2022.0,0.0,0.0,0.0,0.0,0.0,0.0,0.0,1
610384,INFINITY HS,Infinity Math Science and Technology High School,HS,True,False,False,False,"9,10,11,12",9-12,405,376,50,115,13,385,6,1,0,0,0.0,0,0.0,0.0,True,Unknown,Unknown,Unknown,Unknown,Unknown,"53, 53A, 54, 82",Unknown,Unknown,,,73.4,67.2,93.5,78.9,Level 1,GOOD STANDING,2022-23,ISP,True,False,False,True,Unknown,Unknown,41.836169,-87.735278,60623.0,Unknown,Unknown,2022.0,92.8395061728395,12.34567901234568,28.39506172839506,3.2098765432098766,95.06172839506172,1.4814814814814816,0.2469135802469135,0
609744,NORTHSIDE LEARNING HS,Northside Learning Center High School,HS,True,False,False,False,"9,10,11,12",9-12,264,195,263,104,47,142,52,17,1,0,0.0,4,1.0,0.0,True,Unknown,Unknown,Unknown,Unknown,Unknown,Unknown,Unknown,Unknown,,,0.0,67.2,0.0,78.9,Inability to Rate,GOOD STANDING,2022-23,Network 14,False,False,False,False,Unknown,Unknown,41.982973,-87.722386,60659.0,Unknown,Unknown,2022.0,73.86363636363636,99.62121212121212,39.39393939393939,17.803030303030305,53.78787878787878,19.696969696969692,6.4393939393939394,1
609766,VAUGHN HS,Jacqueline B Vaughn Occupational High School,HS,True,False,False,False,"9,10,11,12",9-12,194,145,194,75,32,118,36,5,0,0,0.0,1,1.0,1.0,True,Unknown,Unknown,Unknown,Unknown,Unknown,Unknown,Unknown,Unknown,,,6.1,67.2,0.0,78.9,Inability to Rate,GOOD STANDING,2022-23,Network 14,False,False,False,False,Unknown,Unknown,41.960364,-87.764663,60641.0,Unknown,Unknown,2022.0,74.74226804123711,100.0,38.659793814432994,16.49484536082474,60.824742268041234,18.55670103092784,2.5773195876288657,1
610323,BOWEN HS,Bowen High School,HS,True,False,False,False,"9,10,11,12",9-12,202,176,64,20,151,43,5,0,0,0,0.0,3,0.0,0.0,True,Unknown,Unknown,Unknown,Unknown,Unknown,"30, 87, 95E",Unknown,Metra Electric District (ME),,,45.5,67.2,57.1,78.9,Level 2,INTENSIVE SUPPORT,2022-23,Network 17,True,False,False,True,Unknown,Unknown,41.734627,-87.55755,60617.0,Unknown,Unknown,2022.0,87.12871287128714,31.683168316831683,9.9009900990099,74.75247524752476,21.287128712871286,2.4752475247524752,0.0,1
400091,CHICAGO TECH HS,Chicago Technology Academy High School,HS,True,False,False,False,"9,10,11,12",9-12,377,337,85,15,312,58,4,0,0,0,0.0,2,1.0,0.0,True,Unknown,Unknown,Unknown,Unknown,Unknown,"12, 60","Blue, Pink, Red",Unknown,,,63.3,67.2,88.9,78.9,Level 2,PROVISIONAL SUPPORT,2022-23,Contract,True,False,False,True,Unknown,Unknown,41.863301,-87.659095,60608.0,Unknown,Unknown,2022.0,89.38992042440319,22.54641909814324,3.978779840848806,82.75862068965517,15.384615384615383,1.0610079575596816,0.0,0
400170,NOBLE - ACADEMY HS,Noble - The Noble Academy,HS,True,False,False,False,"9,10,11,12",9-12,590,453,83,109,251,299,6,19,1,0,0.0,10,0.0,4.0,True,Unknown,Unknown,Unknown,Unknown,Unknown,"8, 64, 70, 156, 37","Brown, Purple, Red",Unknown,,,91.5,67.2,81.1,78.9,Level 1+,NOT APPLICABLE,2022-23,Charter,True,False,False,True,Unknown,Unknown,41.906879,-87.645577,60610.0,Unknown,Unknown,2022.0,76.77966101694915,14.067796610169491,18.47457627118644,42.54237288135593,50.67796610169491,1.0169491525423728,3.2203389830508478,0
610568,PATHWAYS - AVONDALE HS,Pathways in Education- Avondale,HS,True,False,False,False,"9,10,11,12",9-12,328,243,47,46,43,248,27,5,0,0,0.0,5,0.0,0.0,Unknown,Unknown,Unknown,Unknown,Unknown,Unknown,Unknown,Unknown,Unknown,,,23.7,67.2,8.7,78.9,Level 1,NOT APPLICABLE,2022-23,Options,False,False,False,False,Unknown,Unknown,41.939433,-87.705206,60618.0,Unknown,Unknown,2022.0,74.08536585365853,14.329268292682926,14.02439024390244,13.109756097560975,75.60975609756098,8.231707317073171,1.524390243902439,1
609705,FENGER HS,Christian Fenger Academy High School,HS,True,False,False,False,"9,10,11,12",9-12,237,186,52,4,228,9,0,0,0,0,0.0,0,0.0,0.0,True,Unknown,Unknown,Unknown,Unknown,Unknown,8A,"Blue, Brown",Unknown,,,44.4,67.2,70.6,78.9,Level 2,INTENSIVE SUPPORT,2022-23,Network 17,True,False,False,True,Unknown,Unknown,41.689951,-87.637572,60628.0,Unknown,Unknown,2022.0,78.48101265822784,21.9409282700422,1.6877637130801686,96.20253164556962,3.79746835443038,0.0,0.0,1
400077,U OF C - WOODLAWN HS,University of Chicago - Woodlawn,HS,True,True,True,False,"6,7,8,9,10,11,12",6-12,567,431,80,6,560,6,0,0,0,0,0.0,0,0.0,1.0,True,Unknown,Unknown,Unknown,Unknown,Unknown,"63, 6",Green,Metra Electric District (ME),,,74.4,67.2,79.1,78.9,Level 2+,NOT APPLICABLE,2022-23,Charter,True,False,False,True,Unknown,Unknown,41.77813,-87.598114,60637.0,Unknown,Unknown,2022.0,76.01410934744268,14.109347442680775,1.058201058201058,98.76543209876544,1.058201058201058,0.0,0.0,1
609750,SIMPSON HS,Simpson Academy HS for Young Women,HS,True,True,True,False,"6,7,8,9,10,11,12",6-12,23,19,5,4,15,7,0,0,0,0,0.0,1,0.0,0.0,True,Unknown,Unknown,Unknown,Unknown,Unknown,Unknown,Pink,Unknown,,,40.0,67.2,81.1,78.9,Level 1,GOOD STANDING,2022-23,Options,False,False,False,False,Unknown,Unknown,41.864365,-87.668722,60608.0,Unknown,Unknown,2022.0,82.6086956521739,21.73913043478261,17.391304347826086,65.21739130434783,30.434782608695656,0.0,0.0,1
610245,DOUGLASS HS,Frederick A Douglass Academy High School,HS,True,False,False,False,"9,10,11,12",9-12,33,30,11,0,32,1,0,0,0,0,0.0,0,0.0,0.0,True,Unknown,Unknown,Unknown,Unknown,Unknown,"66, 85",Green,Unknown,,,28.1,67.2,64.0,78.9,Level 2,INTENSIVE SUPPORT,2022-23,Network 15,True,False,False,True,Unknown,Unknown,41.890369,-87.767668,60644.0,Unknown,Unknown,2022.0,90.9090909090909,33.33333333333333,0.0,96.96969696969695,3.0303030303030303,0.0,0.0,1
400128,YCCS - CCA ACADEMY,YCCS-CCA Academy HS,HS,True,False,False,False,"9,10,11,12",9-12,90,71,25,0,84,4,1,0,0,0,0.0,1,0.0,0.0,True,Unknown,Unknown,Unknown,Unknown,Unknown,"12, 53",Blue,Unknown,,,13.7,67.2,81.1,78.9,Level 1,NOT APPLICABLE,2022-23,Options,False,False,False,False,Unknown,Unknown,41.864943,-87.723662,60623.0,Unknown,Unknown,2022.0,78.88888888888889,27.77777777777778,0.0,93.33333333333331,4.444444444444445,1.1111111111111112,0.0,1
609723,MARSHALL HS,John Marshall Metropolitan High School,HS,True,False,False,False,"9,10,11,12",9-12,194,163,57,1,188,3,0,0,0,0,0.0,1,0.0,2.0,True,Unknown,Unknown,Unknown,Unknown,Unknown,"20, 52, 82, 126",Green,Unknown,,,34.6,67.2,66.4,78.9,Level 2,INTENSIVE SUPPORT,2022-23,Network 15,True,False,False,True,Unknown,Unknown,41.878444,-87.70805,60624.0,Unknown,Unknown,2022.0,84.02061855670104,29.381443298969074,0.5154639175257731,96.90721649484536,1.5463917525773196,0.0,0.0,1
610389,ORR HS,Orr Academy High School,HS,True,False,False,False,"9,10,11,12",9-12,236,192,56,18,176,51,6,0,0,0,0.0,3,0.0,0.0,True,Unknown,Unknown,Unknown,Unknown,Unknown,"53, 66",Unknown,Unknown,,,38.3,67.2,31.6,78.9,Level 3,INTENSIVE SUPPORT,2022-23,Network 15,True,False,False,True,Unknown,Unknown,41.894449,-87.726166,60624.0,Unknown,Unknown,2022.0,81.35593220338984,23.728813559322035,7.627118644067797,74.57627118644068,21.610169491525426,2.5423728813559325,0.0,1
609739,WASHINGTON HS,George Washington High School,HS,True,False,False,False,"9,10,11,12",9-12,1490,1247,268,334,103,1314,53,1,8,0,0.0,8,2.0,1.0,True,Unknown,Unknown,Unknown,Unknown,Unknown,30,Unknown,Unknown,,,62.0,67.2,80.9,78.9,Level 2+,GOOD STANDING,2022-23,Network 17,True,False,False,True,Unknown,Unknown,41.688137,-87.53757,60617.0,Unknown,Unknown,2022.0,83.69127516778524,17.986577181208055,22.416107382550337,6.9127516778523495,88.18791946308725,3.557046979865772,0.0671140939597315,0
400164,INSTITUTO - JUSTICE HS,Instituto - Justice and Leadership,HS,True,False,False,False,"9,10,11,12",9-12,81,63,11,26,1,78,1,0,1,0,0.0,0,0.0,0.0,True,Unknown,Unknown,Unknown,Unknown,Unknown,"349, 60","Blue, Orange, Pink, Red",BNSF Railway (BNSF),,,31.3,67.2,81.1,78.9,Level 2+,NOT APPLICABLE,2022-23,Options,False,False,False,False,Unknown,Unknown,41.845957,-87.685903,60608.0,Unknown,Unknown,2022.0,77.77777777777779,13.580246913580249,32.098765432098766,1.2345679012345678,96.29629629629628,1.2345679012345678,0.0,1
400142,YCCS - VIRTUAL,YCCS-Virtual HS,HS,True,False,False,False,"9,10,11,12",9-12,0,0,0,0,0,0,0,0,0,0,0.0,0,0.0,0.0,Unknown,Unknown,Unknown,Unknown,Unknown,Unknown,Unknown,Unknown,Unknown,,,59.75,67.2,81.1,78.9,Inability to Rate,NOT APPLICABLE,2022-23,Options,False,False,False,False,Unknown,Unknown,41.876317,-87.674138,60612.0,Unknown,Unknown,2022.0,0.0,0.0,0.0,0.0,0.0,0.0,0.0,1
610513,AIR FORCE HS,Air Force Academy High School,HS,True,False,False,False,"9,10,11,12",9-12,137,113,14,21,79,49,7,1,0,0,0.0,0,1.0,0.0,True,Unknown,Unknown,Unknown,Unknown,Unknown,"24, 35, 39, 44","Green, Red",Rock Island District (RI),,,62.5,67.2,83.7,78.9,Level 2+,GOOD STANDING,2022-23,Network 16,True,False,False,True,Unknown,Unknown,41.828145,-87.632757,60609.0,Unknown,Unknown,2022.0,82.48175182481752,10.218978102189782,15.328467153284672,57.66423357664233,35.76642335766424,5.109489051094891,0.7299270072992701,0
610381,BRONZEVILLE HS,Bronzeville Scholastic Academy High School,HS,True,False,False,False,"9,10,11,12",9-12,71,65,20,1,66,3,1,0,0,0,0.0,0,1.0,0.0,True,Unknown,Unknown,Unknown,Unknown,Unknown,"1, 29","Green, Red",Metra Electric District (ME),,,69.4,67.2,86.1,78.9,Level 2,INTENSIVE SUPPORT,2022-23,Network 17,True,False,False,True,Unknown,Unknown,41.805204,-87.625004,60615.0,Unknown,Unknown,2022.0,91.54929577464787,28.169014084507044,1.4084507042253522,92.95774647887325,4.225352112676056,1.4084507042253522,0.0,0
400149,ACERO - SOTO HS,Acero Charter Schools - Victoria Soto,HS,True,False,False,False,"9,10,11,12",9-12,562,536,85,227,3,555,3,0,1,0,0.0,0,0.0,0.0,True,Unknown,Unknown,Unknown,Unknown,Unknown,"52, 52A",Orange,Unknown,,,72.3,67.2,71.4,78.9,Level 2+,NOT APPLICABLE,2022-23,Charter,True,False,False,True,Unknown,Unknown,41.801762,-87.711025,60632.0,Unknown,Unknown,2022.0,95.37366548042704,15.12455516014235,40.39145907473309,0.5338078291814947,98.75444839857651,0.5338078291814947,0.0,1
609760,CARVER MILITARY HS,George Washington Carver Military Academy HS,HS,True,False,False,False,"9,10,11,12",9-12,406,355,47,54,166,234,3,0,0,0,0.0,3,0.0,0.0,True,Unknown,Unknown,Unknown,Unknown,Unknown,34,Red,Unknown,,,64.0,67.2,96.2,78.9,Level 1,GOOD STANDING,2022-23,Network 17,True,False,False,True,Unknown,Unknown,41.65629,-87.59062,60827.0,Unknown,Unknown,2022.0,87.4384236453202,11.576354679802956,13.30049261083744,40.88669950738916,57.635467980295566,0.7389162561576355,0.0,0
610524,ALCOTT HS,Louisa May Alcott College Preparatory HS,HS,True,False,False,False,"9,10,11,12",9-12,353,245,122,77,60,227,45,4,4,0,0.0,4,1.0,8.0,True,Unknown,Unknown,Unknown,Unknown,Unknown,"49, 50, 76, 77","Blue, Red",Unknown,,,76.2,67.2,92.1,78.9,Level 1,GOOD STANDING,2022-23,Network 15,True,False,False,True,Unknown,Unknown,41.935795,-87.680562,60618.0,Unknown,Unknown,2022.0,69.40509915014165,34.56090651558073,21.813031161473088,16.997167138810198,64.30594900849859,12.747875354107649,1.13314447592068,0
400134,YCCS - ADDAMS,YCCS-Jane Addams Alternative HS,HS,True,False,False,False,"9,10,11,12",9-12,0,0,0,0,0,0,0,0,0,0,0.0,0,0.0,0.0,True,Unknown,Unknown,Unknown,Unknown,Unknown,"18, 8, 21",Orange,Unknown,,,24.8,67.2,81.1,78.9,Level 1+,NOT APPLICABLE,2022-23,Options,False,False,False,False,Unknown,Unknown,41.857208,-87.644888,60616.0,Unknown,Unknown,2022.0,0.0,0.0,0.0,0.0,0.0,0.0,0.0,1
400104,INSTITUTO - HEALTH,Instituto Health Sciences Career Academy,HS,True,False,False,False,"9,10,11,12",9-12,622,524,126,301,23,591,5,0,2,0,0.0,0,1.0,0.0,True,Unknown,Unknown,Unknown,Unknown,Unknown,"49, 60","Blue, Orange, Pink",BNSF Railway (BNSF),,,48.7,67.2,86.2,78.9,Level 2,NOT APPLICABLE,2022-23,Charter,True,False,False,True,Unknown,Unknown,41.845967,-87.68724,60608.0,Unknown,Unknown,2022.0,84.2443729903537,20.257234726688104,48.39228295819936,3.697749196141479,95.016077170418,0.8038585209003215,0.0,1
609725,MORGAN PARK HS,Morgan Park High School,HS,True,True,False,False,"7,8,9,10,11,12",7-12,1075,805,164,10,1040,24,5,0,1,0,0.0,2,2.0,1.0,True,Unknown,Unknown,Unknown,Unknown,Unknown,"111, 112",Red,Rock Island District (RI),,,76.0,67.2,77.6,78.9,Level 2+,GOOD STANDING,2022-23,Network 16,True,False,True,True,Unknown,Unknown,41.692035,-87.665658,60643.0,Unknown,Unknown,2022.0,74.88372093023256,15.255813953488373,0.9302325581395348,96.74418604651164,2.232558139534884,0.4651162790697674,0.0,1
609780,MARINE LEADERSHIP AT AMES HS,Marine Leadership Academy at Ames,HS,True,True,False,False,"7,8,9,10,11,12",7-12,686,638,80,212,12,653,18,2,0,0,0.0,0,0.0,1.0,True,Unknown,Unknown,Unknown,Unknown,Unknown,73,Unknown,Unknown,,,57.4,67.2,90.3,78.9,Level 1,GOOD STANDING,2022-23,Network 14,True,False,True,True,Unknown,Unknown,41.916045,-87.721742,60647.0,Unknown,Unknown,2022.0,93.00291545189503,11.661807580174926,30.903790087463555,1.749271137026239,95.18950437317784,2.623906705539359,0.2915451895043732,1
400157,NOBLE - BAKER HS,Noble - Baker College Prep,HS,True,False,False,False,"9,10,11,12",9-12,266,206,57,29,218,42,1,1,0,0,0.0,3,0.0,1.0,True,Unknown,Unknown,Unknown,Unknown,Unknown,"30, 87, 95",Red,Metra Electric District (ME),,,83.6,67.2,81.1,78.9,Level 2+,NOT APPLICABLE,2022-23,Charter,True,False,False,True,Unknown,Unknown,41.734622,-87.556201,60617.0,Unknown,Unknown,2022.0,77.44360902255639,21.428571428571427,10.902255639097744,81.95488721804512,15.789473684210526,0.3759398496240601,0.3759398496240601,0
609676,DUNBAR HS,Paul Laurence Dunbar Career Academy High School,HS,True,False,False,False,"9,10,11,12",9-12,447,418,104,5,428,15,0,0,1,0,0.0,1,0.0,2.0,True,Unknown,Unknown,Unknown,Unknown,Unknown,"1, 3, 4",Unknown,Metra Electric District (ME),,,57.6,67.2,67.0,78.9,Level 2,INTENSIVE SUPPORT,2022-23,Network 17,True,False,False,True,Unknown,Unknown,41.840226,-87.617637,60616.0,Unknown,Unknown,2022.0,93.51230425055928,23.2662192393736,1.1185682326621924,95.74944071588368,3.355704697986577,0.0,0.0,1
610304,PHOENIX MILITARY HS,Phoenix Military Academy High School,HS,True,False,False,False,"9,10,11,12",9-12,455,402,27,66,60,374,12,5,0,0,0.0,3,1.0,0.0,True,Unknown,Unknown,Unknown,Unknown,Unknown,"20, 49, 126","Blue, Green",Unknown,,,70.4,67.2,95.8,78.9,Level 1+,GOOD STANDING,2022-23,ISP,True,False,False,True,Unknown,Unknown,41.879118,-87.68696,60612.0,Unknown,Unknown,2022.0,88.35164835164835,5.934065934065933,14.505494505494507,13.186813186813188,82.19780219780219,2.6373626373626373,1.098901098901099,0
610394,UPLIFT HS,Uplift Community High School,HS,True,False,False,False,"9,10,11,12",9-12,97,69,50,22,52,26,9,9,0,0,0.0,1,0.0,0.0,True,Unknown,Unknown,True,Unknown,Unknown,"78, 81, 136, 144, 145, 146, 148, 151","Purple, Red",Unknown,,,76.9,67.2,81.0,78.9,Level 2,INTENSIVE SUPPORT,2022-23,Network 14,True,False,False,True,Unknown,Unknown,41.965547,-87.652473,60640.0,Unknown,Unknown,2022.0,71.1340206185567,51.546391752577314,22.68041237113402,53.608247422680414,26.804123711340207,9.278350515463918,9.278350515463918,0
610587,DYETT ARTS HS,Walter Henri Dyett High School for the Arts,HS,True,False,False,False,"9,10,11,12",9-12,523,378,89,2,509,9,2,1,0,0,0.0,2,0.0,0.0,Unknown,Unknown,Unknown,Unknown,Unknown,Unknown,Unknown,Unknown,Unknown,,,59.75,67.2,81.1,78.9,Level 2+,GOOD STANDING,2022-23,Network 17,True,False,False,True,Unknown,Unknown,41.801204,-87.612239,60615.0,Unknown,Unknown,2022.0,72.27533460803059,17.01720841300191,0.3824091778202677,97.32313575525812,1.7208413001912046,0.3824091778202677,0.1912045889101338,1
400121,ACERO - DE LA CRUZ,Acero Charter Schools - Sor Juana Inés de la Cruz,ES,True,True,True,False,"K,1,2,3,4,5,6,7,8,9,10,11,12",K-12,518,395,81,220,258,235,10,2,2,0,0.0,11,0.0,0.0,True,Unknown,Unknown,Unknown,Unknown,Unknown,Unknown,Red,Unknown,,,66.7,67.2,79.5,78.9,Level 2,NOT APPLICABLE,2022-23,Charter,True,False,False,True,Unknown,Unknown,42.016476,-87.684406,60645.0,Unknown,Unknown,2022.0,76.25482625482626,15.637065637065636,42.47104247104247,49.80694980694981,45.366795366795365,1.9305019305019304,0.3861003861003861,1
609733,SULLIVAN HS,Roger C Sullivan High School,HS,True,False,False,False,"9,10,11,12",9-12,664,513,171,327,233,251,102,62,1,0,0.0,15,0.0,0.0,True,Unknown,Unknown,Unknown,Unknown,Unknown,"22, 155",Red,Union Pacific North (UP-N),,,61.9,67.2,72.4,78.9,Level 2+,GOOD STANDING,2022-23,Network 14,True,False,False,True,Unknown,Unknown,42.002688,-87.669192,60626.0,Unknown,Unknown,2022.0,77.2590361445783,25.75301204819277,49.24698795180723,35.09036144578313,37.8012048192771,15.36144578313253,9.33734939759036,1
400055,NOBLE - RAUNER HS,Noble - Rauner College Prep,HS,True,False,False,False,"9,10,11,12",9-12,651,479,103,118,141,485,19,0,3,0,0.0,3,0.0,0.0,True,Unknown,Unknown,Unknown,Unknown,Unknown,"9, 65, 66",Blue,Unknown,,,80.6,67.2,90.3,78.9,Level 1+,NOT APPLICABLE,2022-23,Charter,True,False,False,True,Unknown,Unknown,41.892425,-87.660859,60642.0,Unknown,Unknown,2022.0,73.57910906298002,15.821812596006144,18.125960061443934,21.658986175115206,74.50076804915514,2.9185867895545314,0.0,0
609727,PHILLIPS HS,Wendell Phillips Academy High School,HS,True,False,False,False,"9,10,11,12",9-12,441,340,92,2,399,7,1,0,0,0,0.0,1,0.0,33.0,True,Unknown,Unknown,Unknown,Unknown,Unknown,"1, 3, 39","Green, Red",Unknown,,,66.7,67.2,63.9,78.9,Level 2,INTENSIVE SUPPORT,2022-23,Network 17,True,False,False,True,Unknown,Unknown,41.82388,-87.619796,60653.0,Unknown,Unknown,2022.0,77.09750566893425,20.861678004535147,0.4535147392290249,90.47619047619048,1.5873015873015872,0.2267573696145124,0.0,1
610565,EXCEL ENGLEWOOD HS,Excel Academy of Englewood,HS,True,True,False,False,"8,9,10,11,12",8-12,220,174,36,2,211,6,1,0,1,0,0.0,1,0.0,0.0,True,Unknown,Unknown,Unknown,Unknown,Unknown,"8, 74/5, 67",Unknown,Unknown,,,12.3,67.2,20.5,78.9,Level 1,GOOD STANDING,2022-23,Options,False,False,False,False,Unknown,Unknown,41.763896,-87.649124,60621.0,Unknown,Unknown,2022.0,79.0909090909091,16.363636363636363,0.9090909090909092,95.9090909090909,2.727272727272727,0.4545454545454545,0.0,1
610570,OMBUDSMAN - SOUTH HS,Ombudsman Chicago - South,HS,True,False,False,False,"9,10,11,12",9-12,262,215,42,50,113,144,3,0,1,0,0.0,1,0.0,0.0,True,Unknown,Unknown,Unknown,Unknown,Unknown,"49, 49X","Green, Orange",Unknown,,,22.1,67.2,5.5,78.9,Level 2,NOT APPLICABLE,2022-23,Options,False,False,False,False,Unknown,Unknown,41.783027,-87.683635,60636.0,Unknown,Unknown,2022.0,82.06106870229007,16.030534351145036,19.083969465648856,43.12977099236641,54.96183206106871,1.1450381679389312,0.0,1
400176,EXCEL SOUTHWEST HS,Excel Academy Southwest,HS,True,True,False,False,"8,9,10,11,12",8-12,101,79,27,6,73,25,1,0,0,0,0.0,0,2.0,0.0,True,Unknown,Unknown,Unknown,Unknown,Unknown,"67, 94",Unknown,Unknown,,,25.0,67.2,0.0,78.9,Level 2+,GOOD STANDING,2022-23,Options,False,False,False,False,Unknown,Unknown,41.765929,-87.69073,60629.0,Unknown,Unknown,2022.0,78.21782178217822,26.73267326732673,5.9405940594059405,72.27722772277228,24.752475247524757,0.99009900990099,0.0,1
610334,RABY HS,Al Raby High School,HS,True,False,False,False,"9,10,11,12",9-12,177,162,80,12,158,17,1,0,1,0,0.0,0,0.0,0.0,True,Unknown,Unknown,Unknown,Unknown,Unknown,82,Green,Union Pacific West (UP-W),,,45.5,67.2,73.0,78.9,Level 2,INTENSIVE SUPPORT,2022-23,Network 15,True,False,False,True,Unknown,Unknown,41.88621,-87.715423,60624.0,Unknown,Unknown,2022.0,91.52542372881356,45.19774011299435,6.779661016949152,89.26553672316385,9.6045197740113,0.5649717514124294,0.0,1
400097,NOBLE - BULLS HS,Noble - Chicago Bulls College Prep,HS,True,False,False,False,"9,10,11,12",9-12,1157,1019,214,173,459,680,8,2,5,0,0.0,3,0.0,0.0,True,Unknown,Unknown,Unknown,Unknown,Unknown,"20, 50, 126",Blue,Unknown,,,89.8,67.2,87.3,78.9,Level 1+,NOT APPLICABLE,2022-23,Charter,True,False,False,True,Unknown,Unknown,41.878809,-87.678195,60612.0,Unknown,Unknown,2022.0,88.07260155574762,18.49611063094209,14.95246326707001,39.67156439066552,58.772687986171135,0.6914433880726015,0.1728608470181503,0
400034,CICS - NORTHTOWN HS,CICS - Northtown,HS,True,False,False,False,"9,10,11,12",9-12,891,692,200,250,60,545,142,127,3,0,0.0,6,8.0,0.0,True,Unknown,Unknown,Unknown,Unknown,Unknown,"53, 84","Blue, Red",Unknown,,,81.5,67.2,92.1,78.9,Level 1,NOT APPLICABLE,2022-23,Charter,True,False,False,True,Unknown,Unknown,41.990245,-87.726504,60659.0,Unknown,Unknown,2022.0,77.665544332211,22.44668911335578,28.058361391694724,6.7340067340067336,61.1672278338945,15.937149270482603,14.25364758698092,0
609712,HIRSCH HS,Emil G Hirsch Metropolitan High School,HS,True,False,False,False,"9,10,11,12",9-12,104,65,30,0,99,4,0,0,0,0,0.0,0,0.0,1.0,True,Unknown,Unknown,Unknown,Unknown,Unknown,Unknown,"Blue, Green",Metra Electric District (ME),,,28.9,67.2,57.5,78.9,Level 2,INTENSIVE SUPPORT,2022-23,Network 17,True,False,False,True,Unknown,Unknown,41.753748,-87.601727,60619.0,Unknown,Unknown,2022.0,62.5,28.846153846153843,0.0,95.1923076923077,3.8461538461538463,0.0,0.0,1
400137,LITTLE BLACK PEARL HS,Little Black Pearl Art and Design Academy,HS,True,False,False,False,"9,10,11,12",9-12,83,67,16,0,79,3,0,0,0,0,0.0,1,0.0,0.0,True,Unknown,Unknown,Unknown,Unknown,Unknown,47,Red,Unknown,,,68.8,67.2,48.4,78.9,Level 1,GOOD STANDING,2022-23,Options,False,False,False,False,Unknown,Unknown,41.809695,-87.59934,60653.0,Unknown,Unknown,2022.0,80.72289156626506,19.27710843373494,0.0,95.18072289156626,3.614457831325301,0.0,0.0,1
400105,URBAN PREP - BRONZEVILLE HS,Urban Prep Academy for Young Men - Bronzeville,HS,True,False,False,False,"9,10,11,12",9-12,218,171,57,2,215,2,0,0,0,0,0.0,1,0.0,0.0,True,Unknown,Unknown,Unknown,Unknown,Unknown,"1, 3, 4, 29, 35","Green, Red",Rock Island District (RI),,,75.0,67.2,72.8,78.9,Level 1,NOT APPLICABLE,2022-23,Charter,True,False,False,True,Unknown,Unknown,41.831118,-87.613629,60616.0,Unknown,Unknown,2022.0,78.44036697247707,26.146788990825687,0.9174311926605504,98.62385321100918,0.9174311926605504,0.0,0.0,1
609745,SOUTHSIDE HS,Southside Occupational Academy High School,HS,True,False,False,False,"11,12",11-12,350,296,350,82,216,121,12,0,0,0,0.0,1,0.0,0.0,True,Unknown,Unknown,Unknown,Unknown,Unknown,Unknown,Unknown,Unknown,,,0.0,67.2,81.1,78.9,Inability to Rate,GOOD STANDING,2022-23,ISP,False,False,False,False,Unknown,Unknown,41.759852,-87.675947,60636.0,Unknown,Unknown,2022.0,84.57142857142857,100.0,23.42857142857143,61.71428571428571,34.57142857142857,3.428571428571429,0.0,1
609751,KING HS,Dr  Martin Luther King  Jr  College Prep HS,HS,True,False,False,False,"9,10,11,12",9-12,586,472,83,10,551,18,5,4,1,0,0.0,6,1.0,0.0,True,Unknown,Unknown,True,Unknown,Unknown,"4, 43, 47","Green, Red",Metra Electric District (ME),,,86.3,67.2,96.9,78.9,Level 1,GOOD STANDING,2022-23,Network 17,True,False,False,True,Unknown,Unknown,41.813675,-87.603874,60653.0,Unknown,Unknown,2022.0,80.54607508532423,14.163822525597269,1.706484641638225,94.0273037542662,3.0716723549488054,0.8532423208191127,0.6825938566552902,0
400032,CICS - ELLISON HS,CICS - Ralph Ellison,HS,True,False,False,False,"9,10,11,12",9-12,205,177,45,6,197,7,0,0,0,0,0.0,1,0.0,0.0,True,Unknown,Unknown,Unknown,Unknown,Unknown,"9, 48, 79, 169","Green, Red",Unknown,,,65.3,67.2,79.6,78.9,Level 2,NOT APPLICABLE,2022-23,Charter,True,False,False,True,Unknown,Unknown,41.748382,-87.66898,60620.0,Unknown,Unknown,2022.0,86.34146341463415,21.951219512195124,2.9268292682926838,96.09756097560977,3.414634146341464,0.0,0.0,1
400056,NOBLE - ROWE CLARK HS,Noble - Rowe-Clark Math and Science Academy,HS,True,False,False,False,"9,10,11,12",9-12,375,330,83,28,319,53,0,0,0,0,0.0,3,0.0,0.0,True,Unknown,Unknown,Unknown,Unknown,Unknown,"53, 66, 82","Blue, Brown, Green",Unknown,,,74.6,67.2,78.8,78.9,Level 1,NOT APPLICABLE,2022-23,Charter,True,False,False,True,Unknown,Unknown,41.895362,-87.718047,60651.0,Unknown,Unknown,2022.0,88.0,22.133333333333333,7.466666666666668,85.06666666666666,14.133333333333336,0.0,0.0,1
609718,KENNEDY HS,John F Kennedy High School,HS,True,False,False,False,"9,10,11,12",9-12,1621,1088,333,276,59,1320,225,9,2,0,0.0,5,1.0,0.0,True,Unknown,Unknown,Unknown,Unknown,Unknown,"55N, 62, 62H",Orange,Unknown,,,71.1,67.2,79.3,78.9,Level 2+,GOOD STANDING,2022-23,Network 16,True,False,False,True,Unknown,Unknown,41.789961,-87.78084,60638.0,Unknown,Unknown,2022.0,67.11906230721777,20.54287476866132,17.02652683528686,3.639728562615669,81.43121529919803,13.880320789636029,0.5552128315854411,1
610383,SOCIAL JUSTICE HS,Greater Lawndale High School For Social Justice,HS,True,False,False,False,"9,10,11,12",9-12,287,258,48,103,36,249,1,1,0,0,0.0,0,0.0,0.0,True,Unknown,Unknown,Unknown,Unknown,Unknown,"53, 53A, 54B",Unknown,Unknown,,,56.9,67.2,86.5,78.9,Level 2+,GOOD STANDING,2022-23,Network 15,True,False,False,True,Unknown,Unknown,41.833507,-87.735299,60623.0,Unknown,Unknown,2022.0,89.89547038327527,16.72473867595819,35.88850174216028,12.54355400696864,86.7595818815331,0.3484320557491289,0.3484320557491289,1
400113,CICS - CHICAGOQUEST HS,CICS - ChicagoQuest North,HS,True,False,False,False,"9,10,11,12",9-12,5,0,3,0,4,1,0,0,0,0,0.0,0,0.0,0.0,True,Unknown,Unknown,Unknown,Unknown,Unknown,"8, 9, 72","Blue, Red",Unknown,,,62.5,67.2,80.6,78.9,Level 2,NOT APPLICABLE,2022-23,Charter,True,False,False,True,Unknown,Unknown,41.907797,-87.645561,60610.0,Unknown,Unknown,2022.0,0.0,60.0,0.0,80.0,20.0,0.0,0.0,0
609741,HUBBARD HS,Gurdon S Hubbard High School,HS,True,False,False,False,"9,10,11,12",9-12,1711,1515,229,456,73,1612,17,0,3,0,0.0,4,0.0,2.0,True,Unknown,Unknown,Unknown,Unknown,Unknown,"53A, 63, 59",Orange,Unknown,,,68.5,67.2,83.1,78.9,Level 2+,GOOD STANDING,2022-23,Network 16,True,False,False,True,Unknown,Unknown,41.780526,-87.718014,60629.0,Unknown,Unknown,2022.0,88.5447106954997,13.383985973115136,26.651081239041496,4.266510812390415,94.21390999415549,0.9935710111046172,0.0,0
610499,COLLINS HS,Collins Academy High School,HS,True,False,False,False,"9,10,11,12",9-12,214,204,52,0,204,9,1,0,0,0,0.0,0,0.0,0.0,True,Unknown,Unknown,Unknown,Unknown,Unknown,"12, 18, 52",Unknown,Unknown,,,70.4,67.2,59.5,78.9,Level 2,INTENSIVE SUPPORT,2022-23,AUSL,True,False,False,True,Unknown,Unknown,41.864149,-87.702042,60623.0,Unknown,Unknown,2022.0,95.32710280373831,24.299065420560748,0.0,95.32710280373831,4.205607476635514,0.4672897196261681,0.0,1
609704,FARRAGUT HS,David G Farragut Career Academy High School,HS,True,False,False,False,"9,10,11,12",9-12,453,422,123,158,55,389,5,1,1,0,0.0,1,0.0,1.0,True,Unknown,Unknown,Unknown,Unknown,Unknown,"21, 52, 82",Pink,Unknown,,,54.5,67.2,68.9,78.9,Level 2+,GOOD STANDING,2022-23,Network 16,True,False,False,True,Unknown,Unknown,41.84856,-87.708706,60623.0,Unknown,Unknown,2022.0,93.15673289183223,27.1523178807947,34.87858719646799,12.141280353200882,85.8719646799117,1.1037527593818983,0.2207505518763796,1
400066,PERSPECTIVES - MATH & SCI HS,Perspectives - Math and Science Academy,HS,True,True,True,False,"6,7,8,9,10,11,12",6-12,407,336,48,5,391,5,2,1,1,0,0.0,0,0.0,7.0,True,Unknown,Unknown,Unknown,Unknown,Unknown,"1, 29, 35",Green,Unknown,,,59.7,67.2,83.0,78.9,Level 2,NOT APPLICABLE,2022-23,Charter,True,False,False,True,Unknown,Unknown,41.827784,-87.624788,60653.0,Unknown,Unknown,2022.0,82.55528255528255,11.793611793611792,1.2285012285012284,96.06879606879608,1.2285012285012284,0.4914004914004914,0.2457002457002457,1
400133,YCCS - INNOVATIONS,YCCS- Innovations HS of Arts Integration,HS,True,False,False,False,"9,10,11,12",9-12,455,393,89,8,421,23,7,0,0,0,0.0,2,0.0,2.0,True,Unknown,Unknown,Unknown,Unknown,Unknown,"20, 29","Green, Orange, Red",Unknown,,,18.7,67.2,81.1,78.9,Level 2+,NOT APPLICABLE,2022-23,Options,False,False,False,False,Unknown,Unknown,41.883047,-87.627734,60602.0,Unknown,Unknown,2022.0,86.37362637362638,19.56043956043956,1.7582417582417582,92.52747252747253,5.054945054945055,1.5384615384615383,0.0,1
400143,YCCS - WEST TOWN,YCCS-West Town Acad Alternative HS,HS,True,False,False,False,"9,10,11,12",9-12,70,58,24,4,49,19,0,0,0,0,0.0,0,0.0,2.0,True,Unknown,Unknown,Unknown,Unknown,Unknown,"9, 66","Blue, Green",Unknown,,,18.0,67.2,81.1,78.9,Level 1,NOT APPLICABLE,2022-23,Options,False,False,False,False,Unknown,Unknown,41.890803,-87.702053,60612.0,Unknown,Unknown,2022.0,82.85714285714286,34.285714285714285,5.714285714285714,70.0,27.142857142857142,0.0,0.0,1
610244,CLARK HS,Michele Clark Academic Prep Magnet High School,HS,True,False,False,False,"9,10,11,12",9-12,450,439,103,7,439,9,0,0,1,0,0.0,1,0.0,0.0,True,Unknown,Unknown,Unknown,Unknown,Unknown,"7, 57, 126","Blue, Green",Unknown,,,51.5,67.2,83.7,78.9,Level 2,PROVISIONAL SUPPORT,2022-23,ISP,True,False,False,True,Unknown,Unknown,41.872885,-87.753325,60644.0,Unknown,Unknown,2022.0,97.55555555555556,22.88888888888889,1.5555555555555556,97.55555555555556,2.0,0.0,0.0,1
400129,YCCS - PROGRESSIVE LEADERSHIP,YCCS-Progressive Leadership Academy,HS,True,False,False,False,"9,10,11,12",9-12,130,104,31,1,126,4,0,0,0,0,0.0,0,0.0,0.0,True,Unknown,Unknown,Unknown,Unknown,Unknown,"3, 15",Green,Unknown,,,14.9,67.2,81.1,78.9,Level 1+,NOT APPLICABLE,2022-23,Options,False,False,False,False,Unknown,Unknown,41.773962,-87.61574,60637.0,Unknown,Unknown,2022.0,80.0,23.846153846153847,0.7692307692307693,96.92307692307692,3.076923076923077,0.0,0.0,1
609759,CLEMENTE HS,Roberto Clemente Community Academy High School,HS,True,False,False,False,"9,10,11,12",9-12,595,492,163,120,209,357,16,4,4,0,0.0,3,2.0,0.0,True,Unknown,Unknown,Unknown,Unknown,Unknown,"49, 70","Blue, Red",Unknown,,,50.0,67.2,83.3,78.9,Level 2,INTENSIVE SUPPORT,2022-23,Network 15,True,False,False,True,Unknown,Unknown,41.902626,-87.686906,60622.0,Unknown,Unknown,2022.0,82.68907563025209,27.39495798319328,20.16806722689076,35.12605042016806,60.0,2.689075630252101,0.6722689075630253,1
400150,YCCS - CHATHAM,YCCS-Chatham AcademyHS,HS,True,False,False,False,"9,10,11,12",9-12,119,94,24,1,114,5,0,0,0,0,0.0,0,0.0,0.0,True,Unknown,Unknown,Unknown,Unknown,Unknown,"4, 87, 95, 79",Red,Unknown,,,23.1,67.2,81.1,78.9,Level 1,NOT APPLICABLE,2022-23,Options,False,False,False,False,Unknown,Unknown,41.730131,-87.60698,60619.0,Unknown,Unknown,2022.0,78.99159663865547,20.16806722689076,0.8403361344537815,95.7983193277311,4.201680672268908,0.0,0.0,1
400061,PERSPECTIVES - LEADERSHIP HS,Perspectives - Leadership Academy,HS,True,True,True,False,"6,7,8,9,10,11,12",6-12,643,562,95,1,633,5,3,0,0,0,0.0,2,0.0,0.0,True,Unknown,Unknown,Unknown,Unknown,Unknown,"44, 75",Red,Unknown,,,60.5,67.2,76.2,78.9,Level 2+,NOT APPLICABLE,2022-23,Charter,True,False,False,True,Unknown,Unknown,41.745961,-87.652045,60620.0,Unknown,Unknown,2022.0,87.40279937791601,14.774494556765164,0.1555209953343701,98.4447900466563,0.7776049766718507,0.4665629860031104,0.0,1
609722,MANLEY HS,Manley Career Academy High School,HS,True,False,False,False,"9,10,11,12",9-12,71,53,27,0,66,5,0,0,0,0,0.0,0,0.0,0.0,True,Unknown,Unknown,Unknown,Unknown,Unknown,"7, 12, 94",Blue,Unknown,,,55.2,67.2,43.9,78.9,Level 2,INTENSIVE SUPPORT,2022-23,Network 15,True,False,False,True,Unknown,Unknown,41.870939,-87.699896,60612.0,Unknown,Unknown,2022.0,74.64788732394366,38.0281690140845,0.0,92.95774647887325,7.042253521126761,0.0,0.0,1
610594,PATHWAYS - HUMBOLDT PARK HS,Pathways in Education - Humboldt Park HS,HS,True,False,False,False,"9,10,11,12",9-12,142,124,28,17,55,81,5,1,0,0,0.0,0,0.0,0.0,Unknown,Unknown,Unknown,Unknown,Unknown,Unknown,Unknown,Unknown,Unknown,,,59.75,67.2,81.1,78.9,Inability to Rate,GOOD STANDING,2022-23,Options,False,False,False,False,Unknown,Unknown,41.902841,-87.687946,60622.0,Unknown,Unknown,2022.0,87.32394366197182,19.718309859154928,11.971830985915492,38.732394366197184,57.04225352112676,3.5211267605633805,0.7042253521126761,1
609738,LINCOLN PARK HS,Lincoln Park High School,HS,True,False,False,False,"9,10,11,12",9-12,2063,928,172,89,434,660,649,210,8,0,0.0,82,5.0,15.0,False,Unknown,Unknown,Unknown,Unknown,Unknown,"8, 11, 73, 74, 37","Blue, Brown, Purple, Red",Unknown,,,87.4,67.2,89.3,78.9,Level 1,GOOD STANDING,2022-23,Network 14,True,False,False,True,Unknown,Unknown,41.918268,-87.646009,60614.0,Unknown,Unknown,2022.0,44.983034415899176,8.337372758119244,4.314105671352399,21.03732428502181,31.99224430441105,31.459040232670866,10.179350460494426,0
609694,HANCOCK HS,John Hancock College Preparatory High School,HS,True,False,False,False,"9,10,11,12",9-12,1003,691,51,33,10,907,61,8,3,0,0.0,3,1.0,10.0,True,Unknown,Unknown,Unknown,Unknown,Unknown,"53A, 55, 59",Orange,Unknown,,,77.2,67.2,87.2,78.9,Level 1+,GOOD STANDING,2022-23,Network 15,True,False,False,True,Unknown,Unknown,41.791464,-87.72447,60638.0,Unknown,Unknown,2022.0,68.89332003988035,5.084745762711865,3.290129611166501,0.9970089730807578,90.42871385842471,6.081754735792623,0.7976071784646062,0
400115,CATALYST - MARIA,Catalyst - Maria Charter School,ES,True,True,True,False,"K,1,2,3,4,5,6,7,8,9,10,11,12",K-12,552,464,65,143,271,262,12,0,0,0,0.0,4,0.0,3.0,True,Unknown,Unknown,Unknown,Unknown,Unknown,"52A, 67, 94",Unknown,Unknown,,,68.5,67.2,77.4,78.9,Level 1,NOT APPLICABLE,2022-23,Charter,True,False,False,True,Unknown,Unknown,41.770992,-87.693075,60629.0,Unknown,Unknown,2022.0,84.05797101449275,11.77536231884058,25.905797101449277,49.094202898550726,47.46376811594203,2.1739130434782608,0.0,1
400171,FOUNDATIONS,Foundations College Preparatory Charter School,HS,True,True,True,False,"6,7,8,9,10,11,12",6-12,0,0,0,0,0,0,0,0,0,0,0.0,0,0.0,0.0,True,Unknown,Unknown,Unknown,Unknown,Unknown,"111, 108, 8A",Red,Rock Island District (RI),,,59.75,67.2,81.1,78.9,Level 2,NOT APPLICABLE,2022-23,Charter,True,False,False,True,Unknown,Unknown,41.694671,-87.653535,60643.0,Unknown,Unknown,2022.0,0.0,0.0,0.0,0.0,0.0,0.0,0.0,1
400124,YCCS - MCKINLEY,YCCS- McKinley Lakeside Leadership HS,HS,True,False,False,False,"9,10,11,12",9-12,66,53,17,2,59,7,0,0,0,0,0.0,0,0.0,0.0,True,Unknown,Unknown,Unknown,Unknown,Unknown,29,Green,Unknown,,,15.8,67.2,81.1,78.9,Level 1,NOT APPLICABLE,2022-23,Options,False,False,False,False,Unknown,Unknown,41.841331,-87.625331,60616.0,Unknown,Unknown,2022.0,80.3030303030303,25.75757575757576,3.0303030303030303,89.39393939393939,10.606060606060606,0.0,0.0,1
400057,NOBLE - UIC HS,Noble - UIC College Prep,HS,True,False,False,False,"9,10,11,12",9-12,876,705,144,124,320,507,14,32,0,0,0.0,2,1.0,0.0,True,Unknown,Unknown,Unknown,Unknown,Unknown,"50, 12","Blue, Pink",Unknown,,,91.9,67.2,91.1,78.9,Level 1+,NOT APPLICABLE,2022-23,Charter,True,False,False,True,Unknown,Unknown,41.865817,-87.676111,60608.0,Unknown,Unknown,2022.0,80.47945205479452,16.43835616438356,14.15525114155251,36.5296803652968,57.87671232876712,1.5981735159817352,3.65296803652968,0
609713,HYDE PARK HS,Hyde Park Academy High School,HS,True,False,False,False,"9,10,11,12",9-12,701,636,125,8,690,5,0,0,0,0,0.0,5,0.0,1.0,True,Unknown,Unknown,Unknown,Unknown,Unknown,"6, 15, 28, 59, 63, X28, 170","Green, Red",Metra Electric District (ME),,,61.4,67.2,75.1,78.9,Level 2,PROVISIONAL SUPPORT,2022-23,Network 17,True,False,False,True,Unknown,Unknown,41.782257,-87.586615,60637.0,Unknown,Unknown,2022.0,90.72753209700429,17.83166904422254,1.1412268188302426,98.43081312410844,0.7132667617689016,0.0,0.0,1
609734,TAFT HS,William Howard Taft High School,HS,True,True,False,False,"7,8,9,10,11,12",7-12,4296,2100,551,601,127,1863,1823,293,16,0,0.0,77,29.0,68.0,False,Unknown,Unknown,True,Unknown,Unknown,"68, 86",Blue,Union Pacific Northwest (UP-NW),,,77.5,67.2,83.9,78.9,Level 1,GOOD STANDING,2022-23,Network 14,True,False,True,True,Unknown,Unknown,41.982961,-87.791547,60631.0,Unknown,Unknown,2022.0,48.88268156424581,12.82588454376164,13.989757914338922,2.956238361266294,43.365921787709496,42.43482309124767,6.820297951582869,0
609708,FOREMAN HS,Edwin G. Foreman College and Career Academy,HS,True,False,False,False,"9,10,11,12",9-12,583,480,129,239,92,459,26,3,1,0,0.0,1,1.0,0.0,True,Unknown,Unknown,Unknown,Unknown,Unknown,"54, 77, 85, 152",Blue,Unknown,,,58.1,67.2,66.2,78.9,Level 2,INTENSIVE SUPPORT,2022-23,Network 14,True,False,False,True,Unknown,Unknown,41.939797,-87.754167,60641.0,Unknown,Unknown,2022.0,82.3327615780446,22.12692967409949,40.99485420240137,15.780445969125214,78.73070325900514,4.459691252144083,0.5145797598627788,1
400051,NOBLE - NOBLE HS,Noble - Noble College Prep,HS,True,False,False,False,"9,10,11,12",9-12,652,513,98,134,95,527,9,12,1,0,0.0,6,0.0,2.0,True,Unknown,Unknown,Unknown,Unknown,Unknown,"9, 56, 70",Blue,Unknown,,,86.5,67.2,91.4,78.9,Level 1+,NOT APPLICABLE,2022-23,Charter,True,False,False,True,Unknown,Unknown,41.900191,-87.662628,60642.0,Unknown,Unknown,2022.0,78.68098159509202,15.030674846625766,20.552147239263803,14.570552147239264,80.8282208588957,1.3803680981595092,1.8404907975460123,0
609764,JUAREZ HS,Benito Juarez Community Academy High School,HS,True,False,False,False,"9,10,11,12",9-12,1593,1424,235,480,41,1503,26,10,8,0,0.0,2,0.0,3.0,True,Unknown,Unknown,Unknown,Unknown,Unknown,"9, 21, 60","Blue, Pink, Red",Unknown,,,62.8,67.2,82.0,78.9,Level 2+,GOOD STANDING,2022-23,Network 15,True,False,False,True,Unknown,Unknown,41.852667,-87.663732,60608.0,Unknown,Unknown,2022.0,89.39108600125549,14.752040175768991,30.131826741996232,2.573760200878845,94.35028248587572,1.6321406151914626,0.6277463904582549,0
609754,CHICAGO MILITARY HS,Chicago Military Academy High School,HS,True,False,False,False,"9,10,11,12",9-12,227,200,29,30,141,76,4,0,2,0,0.0,1,0.0,3.0,True,Unknown,Unknown,Unknown,Unknown,Unknown,"1, 3, 4, 35","Green, Red",Rock Island District (RI),,,70.3,67.2,89.8,78.9,Level 2+,GOOD STANDING,2022-23,Network 17,True,False,False,True,Unknown,Unknown,41.830555,-87.619216,60653.0,Unknown,Unknown,2022.0,88.10572687224669,12.77533039647577,13.215859030837004,62.11453744493392,33.480176211453745,1.762114537444934,0.0,0
400035,CHICAGO MATH & SCIENCE HS,Chicago Math and Science Academy Charter School,HS,True,True,True,False,"6,7,8,9,10,11,12",6-12,601,496,69,216,243,237,44,64,2,0,0.0,10,1.0,0.0,True,Unknown,Unknown,Unknown,Unknown,Unknown,22,Red,Union Pacific North (UP-N),,,70.2,67.2,86.2,78.9,Level 1,NOT APPLICABLE,2022-23,Charter,True,False,False,True,Unknown,Unknown,42.013031,-87.674818,60626.0,Unknown,Unknown,2022.0,82.52911813643927,11.480865224625624,35.94009983361065,40.432612312811976,39.43427620632279,7.321131447587355,10.64891846921797,0
610386,PEACE AND EDUCATION HS,Peace & Education Coalition HS,HS,True,False,False,False,"10,11,12",10-12,147,128,29,41,46,99,1,0,0,0,0.0,1,0.0,0.0,True,Unknown,Unknown,Unknown,Unknown,Unknown,Unknown,Unknown,Unknown,,,18.4,67.2,81.1,78.9,Level 1+,GOOD STANDING,2022-23,Options,False,False,False,False,Unknown,Unknown,41.803515,-87.667378,60609.0,Unknown,Unknown,2022.0,87.07482993197279,19.727891156462583,27.89115646258503,31.29251700680272,67.3469387755102,0.6802721088435374,0.0,1
400156,NOBLE - BUTLER HS,Noble - Butler College Prep,HS,True,False,False,False,"9,10,11,12",9-12,623,519,114,17,580,40,1,0,0,0,0.0,2,0.0,0.0,Unknown,Unknown,Unknown,Unknown,Unknown,Unknown,"106, 103, 115",Red,Metra Electric District (ME),,,85.6,67.2,78.8,78.9,Level 2+,NOT APPLICABLE,2022-23,Charter,True,False,False,True,Unknown,Unknown,41.706667,-87.602573,60628.0,Unknown,Unknown,2022.0,83.30658105939006,18.298555377207062,2.7287319422150884,93.09791332263242,6.420545746388442,0.160513643659711,0.0,1
400179,NOBLE - MANSUETO HS,Noble Mansueto High School,HS,True,False,False,False,"9,10,11,12",9-12,1043,903,152,339,13,1022,5,3,0,0,0.0,0,0.0,0.0,True,Unknown,Unknown,Unknown,Unknown,Unknown,"47, 52, 53A, 62, 94",Orange,Unknown,,,59.75,67.2,81.1,78.9,Level 1+,NOT APPLICABLE,2022-23,Charter,True,False,False,True,Unknown,Unknown,41.800136,-87.728003,60632.0,Unknown,Unknown,2022.0,86.57718120805369,14.57334611697028,32.50239693192714,1.2464046021093005,97.98657718120806,0.4793863854266539,0.2876318312559923,1
609691,NORTH-GRAND HS,North-Grand High School,HS,True,False,False,False,"9,10,11,12",9-12,1066,950,180,333,193,848,10,4,6,0,0.0,4,1.0,0.0,True,Unknown,Unknown,True,Unknown,Unknown,"65, 72",Unknown,Unknown,,,67.9,67.2,80.4,78.9,Level 2+,GOOD STANDING,2022-23,Network 15,True,False,False,True,Unknown,Unknown,41.911674,-87.735238,60639.0,Unknown,Unknown,2022.0,89.11819887429644,16.885553470919323,31.238273921200747,18.10506566604128,79.54971857410882,0.9380863039399624,0.3752345215759849,0
610557,PATHWAYS - ASHBURN HS,Pathways in Education- Ashburn,HS,True,False,False,False,"9,10,11,12",9-12,291,197,43,39,95,173,20,1,0,0,0.0,2,0.0,0.0,True,Unknown,Unknown,Unknown,Unknown,Unknown,Unknown,Unknown,Unknown,,,19.2,67.2,10.0,78.9,Level 2+,NOT APPLICABLE,2022-23,Options,False,False,False,False,Unknown,Unknown,41.735239,-87.70406,60652.0,Unknown,Unknown,2022.0,67.69759450171821,14.7766323024055,13.402061855670103,32.64604810996563,59.45017182130584,6.872852233676976,0.3436426116838488,1
400145,YCCS - YOUTH CONNECTION,YCCS-Youth Connection Leadership Acad HS,HS,True,False,False,False,"9,10,11,12",9-12,97,79,21,2,82,12,2,0,1,0,0.0,0,0.0,0.0,True,Unknown,Unknown,Unknown,Unknown,Unknown,"29, 35","Green, Red",Unknown,,,16.8,67.2,81.1,78.9,Level 1,NOT APPLICABLE,2022-23,Options,False,False,False,False,Unknown,Unknown,41.832072,-87.626781,60616.0,Unknown,Unknown,2022.0,81.44329896907216,21.649484536082475,2.061855670103093,84.5360824742268,12.371134020618555,2.061855670103093,0.0,1
610571,OMBUDSMAN - WEST HS,Ombudsman Chicago- West,HS,True,False,False,False,"9,10,11,12",9-12,155,121,37,2,128,24,1,1,0,0,0.0,1,0.0,0.0,True,Unknown,Unknown,Unknown,Unknown,Unknown,"49, X49",Blue,Unknown,,,13.6,67.2,8.1,78.9,Level 2,NOT APPLICABLE,2022-23,Options,False,False,False,False,Unknown,Unknown,41.874673,-87.687842,60612.0,Unknown,Unknown,2022.0,78.06451612903226,23.870967741935484,1.2903225806451613,82.58064516129032,15.483870967741936,0.6451612903225806,0.6451612903225806,1
609678,JONES HS,William Jones College Preparatory High School,HS,True,False,False,False,"9,10,11,12",9-12,1929,719,151,47,239,606,674,335,6,0,0.0,57,10.0,2.0,False,Unknown,Unknown,True,Unknown,Unknown,"2, 6, 10, 29, 62, 144, 146","Blue, Brown, Pink, Red",Metra Electric District (ME),,,86.4,67.2,96.3,78.9,Level 1+,GOOD STANDING,2022-23,Network 15,True,False,False,True,Unknown,Unknown,41.873066,-87.627675,60605.0,Unknown,Unknown,2022.0,37.27319854847071,7.82789009849663,2.436495593571799,12.389839294971488,31.41524105754277,34.94038361845516,17.366511145671332,0
609728,ROOSEVELT HS,Theodore Roosevelt High School,HS,True,False,False,False,"9,10,11,12",9-12,1072,856,208,553,91,809,61,91,5,0,0.0,7,3.0,5.0,True,Unknown,Unknown,Unknown,Unknown,Unknown,"78, 81, 82",Brown,Unknown,,,67.3,67.2,68.8,78.9,Level 2+,GOOD STANDING,2022-23,Network 14,True,False,True,True,Unknown,Unknown,41.964828,-87.714819,60625.0,Unknown,Unknown,2022.0,79.8507462686567,19.402985074626866,51.58582089552238,8.488805970149253,75.46641791044776,5.690298507462686,8.488805970149253,1
609783,JEFFERSON HS,Nancy B Jefferson Alternative HS,HS,True,True,True,False,"6,7,8,9,10,11,12",6-12,164,110,71,8,132,27,5,0,0,0,0.0,0,0.0,0.0,True,Unknown,Unknown,Unknown,Unknown,Unknown,Unknown,Unknown,Unknown,,,59.75,67.2,5.2,78.9,Inability to Rate,GOOD STANDING,2022-23,Options,False,False,False,False,Unknown,Unknown,41.867832,-87.680418,60612.0,Unknown,Unknown,2022.0,67.07317073170732,43.29268292682927,4.878048780487805,80.48780487804879,16.463414634146343,3.048780487804878,0.0,1
400106,NOBLE - JOHNSON HS,Noble - John and Eunice Johnson College Prep,HS,True,False,False,False,"9,10,11,12",9-12,471,392,103,5,447,19,1,0,0,0,0.0,1,1.0,2.0,True,Unknown,Unknown,Unknown,Unknown,Unknown,"63, 24","Green, Red",Metra Electric District (ME),,,75.7,67.2,72.0,78.9,Level 2,NOT APPLICABLE,2022-23,Charter,True,False,False,True,Unknown,Unknown,41.778369,-87.635117,60621.0,Unknown,Unknown,2022.0,83.2271762208068,21.86836518046709,1.0615711252653928,94.90445859872612,4.033970276008493,0.2123142250530785,0.0,1
609746,KENWOOD HS,Kenwood Academy High School,HS,True,True,False,False,"7,8,9,10,11,12",7-12,2299,1294,126,31,1963,105,106,35,3,0,0.0,46,4.0,37.0,True,Unknown,Unknown,Unknown,Unknown,Unknown,"2, 6, 15, 28, X28",Blue,Metra Electric District (ME),,,78.1,67.2,93.3,78.9,Level 1+,GOOD STANDING,2022-23,Network 17,True,False,True,True,Unknown,Unknown,41.803772,-87.590421,60615.0,Unknown,Unknown,2022.0,56.28534145280557,5.48064375815572,1.3484123531970422,85.38494997825141,4.5672031317964334,4.610700304480209,1.5224010439321445,0
610392,WORLD LANGUAGE HS,World Language Academy High School,HS,True,False,False,False,"9,10,11,12",9-12,342,310,79,162,5,334,2,0,0,0,0.0,0,0.0,1.0,True,Unknown,Unknown,Unknown,Unknown,Unknown,"53, 53A, 82",Pink,BNSF Railway (BNSF),,,79.7,67.2,84.1,78.9,Level 1,GOOD STANDING,2022-23,Network 15,True,False,False,True,Unknown,Unknown,41.834397,-87.735292,60623.0,Unknown,Unknown,2022.0,90.64327485380116,23.09941520467836,47.368421052631575,1.461988304093567,97.6608187134503,0.5847953216374269,0.0,0
400162,INTRINSIC HS,Intrinsic Charter School,HS,True,True,False,False,"7,8,9,10,11,12",7-12,975,840,181,247,32,904,33,2,1,0,0.0,3,0.0,0.0,True,Unknown,Unknown,Unknown,Unknown,Unknown,77,Blue,Milwaukee District North (MD-N),,,80.1,67.2,87.1,78.9,Level 1,NOT APPLICABLE,2022-23,Charter,True,False,False,True,Unknown,Unknown,41.938988,-87.741129,60641.0,Unknown,Unknown,2022.0,86.15384615384616,18.56410256410256,25.333333333333336,3.282051282051282,92.71794871794872,3.3846153846153846,0.2051282051282051,0
400175,EXCEL SOUTH SHORE HS,Excel Academy of South Shore,HS,True,False,False,False,"9,10,11,12",9-12,189,149,30,5,145,38,3,0,0,0,0.0,1,0.0,2.0,True,Unknown,Unknown,Unknown,Unknown,Unknown,"6, 26, 71, 75","Green, Red",Unknown,,,11.4,67.2,30.8,78.9,Level 2,PROVISIONAL SUPPORT,2022-23,Options,False,False,False,False,Unknown,Unknown,41.759749,-87.556487,60649.0,Unknown,Unknown,2022.0,78.83597883597884,15.873015873015872,2.6455026455026456,76.71957671957672,20.105820105820104,1.5873015873015872,0.0,1
400125,YCCS - ASPIRA PANTOJA,"YCCS-ASPIRA,Antonia Pantoja Alternative HS",HS,True,False,False,False,"9,10,11,12",9-12,158,125,26,73,14,140,4,0,0,0,0.0,0,0.0,0.0,True,Unknown,Unknown,Unknown,Unknown,Unknown,"53, 77",Blue,Unknown,,,20.8,67.2,81.1,78.9,Level 2+,NOT APPLICABLE,2022-23,Options,False,False,False,False,Unknown,Unknown,41.938187,-87.727137,60641.0,Unknown,Unknown,2022.0,79.11392405063292,16.455696202531644,46.20253164556962,8.860759493670885,88.60759493670885,2.5316455696202533,0.0,1
610564,DISNEY II HS,Disney II Magnet High School,HS,True,True,False,False,"7,8,9,10,11,12",7-12,747,456,105,72,160,417,124,31,5,0,0.0,10,0.0,0.0,True,Unknown,Unknown,Unknown,Unknown,Unknown,"53, 54A, 80",Blue,Union Pacific Northwest (UP-NW),,,80.4,67.2,81.0,78.9,Level 1,GOOD STANDING,2022-23,Network 14,True,False,True,True,Unknown,Unknown,41.952488,-87.721364,60618.0,Unknown,Unknown,2022.0,61.04417670682732,14.056224899598394,9.63855421686747,21.4190093708166,55.82329317269076,16.599732262382865,4.149933065595716,0
400144,YCCS - WEST,YCCS-West HS,HS,True,False,False,False,"9,10,11,12",9-12,65,54,15,3,54,10,0,0,0,0,0.0,0,0.0,1.0,True,Unknown,Unknown,Unknown,Unknown,Unknown,"70, 54","Blue, Green",Unknown,,,16.9,67.2,81.1,78.9,Level 2+,NOT APPLICABLE,2022-23,Options,False,False,False,False,Unknown,Unknown,41.90224,-87.74881,60651.0,Unknown,Unknown,2022.0,83.07692307692308,23.07692307692308,4.615384615384616,83.07692307692308,15.384615384615383,0.0,0.0,1
400119,LEGAL PREP HS,Legal Prep Charter Academy,HS,True,False,False,False,"9,10,11,12",12-Sep,217,183,43,1,213,3,0,0,0,0,0.0,1,0.0,0.0,True,Unknown,Unknown,0,Unknown,Unknown,20126,Green,Unknown,,,62.0,61.9,76.9,83.8,Inability to Rate,NOT APPLICABLE,2023-24,Charter,True,False,False,True,2012-07-01T00:00:00.000,Unknown,41.881733,-87.733778,60624.0,0,0,2023.0,84.33179723502305,19.81566820276498,0.4608294930875576,98.15668202764977,1.3824884792626728,0.0,0.0,1
400176,EXCEL SOUTHWEST HS,Excel Academy Southwest,HS,True,True,False,False,"8,9,10,11,12",12-Aug,151,118,29,16,105,41,0,0,0,0,0.0,3,2.0,0.0,True,Unknown,Unknown,0,Unknown,Unknown,"67, 94",Unknown,Unknown,,,10.5,61.9,10.0,83.8,Inability to Rate,GOOD STANDING,2023-24,Options,False,False,False,False,2014-07-01T00:00:00.000,Unknown,41.765929,-87.69073,60629.0,0,0,2023.0,78.1456953642384,19.205298013245034,10.596026490066226,69.5364238410596,27.1523178807947,0.0,0.0,1
609693,WESTINGHOUSE HS,George Westinghouse College Prep,HS,True,False,False,False,"9,10,11,12",12-Sep,1230,952,104,72,573,515,31,76,4,0,0.0,20,3.0,8.0,True,Unknown,Unknown,True,Unknown,Unknown,"52, 82",Green,Union Pacific West (UP-W),,,86.2,61.9,92.5,83.8,Inability to Rate,GOOD STANDING,2023-24,Network 15,True,False,False,True,2009-07-01T00:00:00.000,Unknown,41.889977,-87.707332,60624.0,0,0,2023.0,77.39837398373983,8.455284552845528,5.853658536585367,46.58536585365854,41.86991869918699,2.5203252032520327,6.178861788617886,0
609709,GAGE PARK HS,Gage Park High School,HS,True,False,False,False,"9,10,11,12",12-Sep,347,294,65,136,103,239,3,0,0,0,0.0,1,1.0,0.0,True,Unknown,Unknown,0,Unknown,Unknown,"49, 55, 94",Green,Unknown,,,48.0,61.9,70.1,83.8,Inability to Rate,INTENSIVE SUPPORT,2023-24,Network 16,True,False,False,True,2004-09-01T00:00:00.000,Unknown,41.791013,-87.688954,60629.0,0,0,2023.0,84.72622478386167,18.73198847262248,39.19308357348703,29.68299711815562,68.87608069164266,0.8645533141210375,0.0,1
610558,GOODE HS,Sarah E. Goode STEM Academy,HS,True,False,False,False,"9,10,11,12",12-Sep,953,820,164,194,299,645,5,0,1,0,0.0,1,2.0,0.0,True,Unknown,Unknown,True,Unknown,Unknown,"52, 79",Unknown,SouthWest Service (SWS),,,59.2,61.9,93.2,83.8,Inability to Rate,GOOD STANDING,2023-24,Network 16,True,False,False,True,2012-07-01T00:00:00.000,Unknown,41.75375,-87.707345,60652.0,0,0,2023.0,86.04407135362014,17.20881427072403,20.356768100734524,31.374606505771247,67.68100734522561,0.5246589716684155,0.0,1
400173,PATHWAYS - BRIGHTON PARK HS,Pathways in Education- Brighton Park,HS,True,False,False,False,"9,10,11,12",12-Sep,405,351,65,103,24,364,12,2,2,0,0.0,1,0.0,0.0,Unknown,Unknown,Unknown,0,Unknown,Unknown,Unknown,Unknown,Unknown,,,16.7,61.9,81.1,78.9,Inability to Rate,NOT APPLICABLE,2023-24,Options,False,False,False,False,2014-07-01T00:00:00.000,Unknown,41.808226,-87.702645,60632.0,0,0,2023.0,86.66666666666667,16.049382716049383,25.432098765432094,5.925925925925927,89.87654320987654,2.9629629629629632,0.4938271604938271,1
609744,NORTHSIDE LEARNING HS,Northside Learning Center High School,HS,True,False,False,False,"9,10,11,12",12-Sep,275,214,275,114,46,153,48,20,2,0,0.0,5,1.0,0.0,True,Unknown,Unknown,1,Unknown,Unknown,Unknown,Unknown,Unknown,,,59.75,67.2,11.1,83.8,Inability to Rate,GOOD STANDING,2023-24,Network 14,False,False,False,False,2004-09-01T00:00:00.000,Unknown,41.982973,-87.722386,60659.0,0,0,2023.0,77.81818181818181,100.0,41.45454545454545,16.727272727272727,55.63636363636364,17.454545454545457,7.272727272727272,1
400051,NOBLE - NOBLE HS,Noble - Noble College Prep,HS,True,False,False,False,"9,10,11,12",12-Sep,670,512,85,161,106,524,16,11,2,0,0.0,8,0.0,3.0,True,Unknown,Unknown,0,Unknown,Unknown,"9, 56, 70",Blue,Unknown,,,86.7,61.9,95.0,83.8,Inability to Rate,NOT APPLICABLE,2023-24,Charter,True,False,False,True,2004-09-01T00:00:00.000,Unknown,41.900191,-87.662628,60642.0,0,0,2023.0,76.4179104477612,12.686567164179104,24.029850746268657,15.82089552238806,78.2089552238806,2.388059701492537,1.6417910447761193,0
400085,ACERO - GARCIA HS,Acero Charter Schools - Major Hector P. Garcia MD,HS,True,False,False,False,"9,10,11,12",12-Sep,627,534,111,259,3,608,12,1,2,0,0.0,1,0.0,0.0,True,Unknown,Unknown,0,Unknown,Unknown,"47, 53A",Orange,Unknown,,,58.7,61.9,88.7,83.8,Inability to Rate,NOT APPLICABLE,2023-24,Charter,True,False,False,True,2008-07-01T00:00:00.000,Unknown,41.809171,-87.730467,60632.0,0,0,2023.0,85.16746411483254,17.703349282296653,41.30781499202552,0.4784688995215311,96.96969696969695,1.9138755980861244,0.1594896331738437,1
610245,DOUGLASS HS,Frederick A Douglass Academy High School,HS,True,False,False,False,"9,10,11,12",12-Sep,35,32,8,0,34,1,0,0,0,0,0.0,0,0.0,0.0,True,Unknown,Unknown,0,Unknown,Unknown,"66, 85",Green,Unknown,,,33.3,61.9,69.2,83.8,Inability to Rate,INTENSIVE SUPPORT,2023-24,Network 15,True,False,False,True,2004-09-01T00:00:00.000,Unknown,41.890369,-87.767668,60644.0,0,0,2023.0,91.42857142857144,22.857142857142858,0.0,97.14285714285714,2.857142857142857,0.0,0.0,1
609698,BOGAN HS,William J Bogan High School,HS,True,False,False,False,"9,10,11,12",12-Sep,570,450,144,121,298,259,7,0,2,0,0.0,1,3.0,0.0,True,Unknown,Unknown,1,Unknown,Unknown,"53A, 79, 169",Unknown,Unknown,,,49.3,61.9,77.3,83.8,Inability to Rate,INTENSIVE SUPPORT,2023-24,Network 16,True,False,False,True,2004-09-01T00:00:00.000,Unknown,41.749376,-87.721097,60652.0,0,0,2023.0,78.94736842105263,25.26315789473684,21.2280701754386,52.28070175438596,45.43859649122808,1.2280701754385963,0.0,1
400145,YCCS - YOUTH CONNECTION,YCCS-Youth Connection Leadership Acad HS,HS,True,False,False,False,"9,10,11,12",12-Sep,99,75,25,2,88,9,0,1,0,0,0.0,0,0.0,1.0,True,Unknown,Unknown,0,Unknown,Unknown,"29, 35","Green, Red",Unknown,,,7.2,61.9,81.1,78.9,Inability to Rate,NOT APPLICABLE,2023-24,Options,False,False,False,False,2012-07-01T00:00:00.000,Unknown,41.832072,-87.626781,60616.0,0,0,2023.0,75.75757575757575,25.252525252525253,2.0202020202020203,88.88888888888889,9.090909090909092,0.0,1.0101010101010102,1
610593,OMBUDSMAN - ROSELAND HS,Ombudsman Chicago - Roseland,HS,True,False,False,False,"9,10,11,12",12-Sep,132,103,28,4,116,14,0,0,0,0,0.0,2,0.0,0.0,True,Unknown,Unknown,0,Unknown,Unknown,"8A, 108",Unknown,Unknown,,,59.75,61.9,81.1,78.9,Inability to Rate,GOOD STANDING,2023-24,Options,False,False,False,False,2019-08-01T00:00:00.000,Unknown,41.695105,-87.642816,60628.0,0,0,2023.0,78.03030303030303,21.21212121212121,3.0303030303030303,87.87878787878788,10.606060606060606,0.0,0.0,1
609751,KING HS,Dr  Martin Luther King  Jr  College Prep HS,HS,True,False,False,False,"9,10,11,12",12-Sep,702,539,93,10,669,17,6,3,0,0,0.0,5,2.0,0.0,True,Unknown,Unknown,True,Unknown,Unknown,"4, 43, 47","Green,Red",Metra Electric District (ME),,,86.6,61.9,91.9,83.8,Inability to Rate,GOOD STANDING,2023-24,Network 17,True,False,False,True,2004-09-01T00:00:00.000,Unknown,41.813675,-87.603874,60653.0,0,0,2023.0,76.78062678062678,13.247863247863249,1.4245014245014245,95.2991452991453,2.4216524216524213,0.8547008547008548,0.4273504273504274,0
400150,YCCS - CHATHAM,YCCS-Chatham AcademyHS,HS,True,False,False,False,"9,10,11,12",12-Sep,82,73,18,0,78,2,0,0,0,0,0.0,2,0.0,0.0,True,Unknown,Unknown,0,Unknown,Unknown,"4, 87, 95, 79",Red,Unknown,,,20.0,61.9,81.1,78.9,Inability to Rate,NOT APPLICABLE,2023-24,Options,False,False,False,False,2012-07-01T00:00:00.000,Unknown,41.730131,-87.60698,60619.0,0,0,2023.0,89.02439024390245,21.951219512195124,0.0,95.1219512195122,2.4390243902439024,0.0,0.0,1
610587,DYETT ARTS HS,Walter Henri Dyett High School for the Arts,HS,True,False,False,False,"9,10,11,12",12-Sep,492,392,95,4,480,8,2,0,0,0,0.0,2,0.0,0.0,Unknown,Unknown,Unknown,0,Unknown,Unknown,Unknown,Unknown,Unknown,,,56.8,61.9,87.0,83.8,Inability to Rate,GOOD STANDING,2023-24,Network 17,True,False,False,True,2016-07-01T00:00:00.000,Unknown,41.801204,-87.612239,60615.0,0,0,2023.0,79.67479674796748,19.30894308943089,0.8130081300813009,97.5609756097561,1.6260162601626018,0.4065040650406504,0.0,1
400143,YCCS - WEST TOWN,YCCS-West Town Acad Alternative HS,HS,True,False,False,False,"9,10,11,12",12-Sep,75,49,18,2,59,13,0,0,0,0,0.0,0,0.0,3.0,True,Unknown,Unknown,0,Unknown,Unknown,"9, 66","Blue, Green",Unknown,,,9.5,61.9,81.1,78.9,Inability to Rate,NOT APPLICABLE,2023-24,Options,False,False,False,False,2012-07-01T00:00:00.000,Unknown,41.890803,-87.702053,60612.0,0,0,2023.0,65.33333333333333,24.0,2.666666666666667,78.66666666666666,17.333333333333336,0.0,0.0,1
400129,YCCS - PROGRESSIVE LEADERSHIP,YCCS-Progressive Leadership Academy,HS,True,False,False,False,"9,10,11,12",12-Sep,98,72,22,2,94,4,0,0,0,0,0.0,0,0.0,0.0,True,Unknown,Unknown,0,Unknown,Unknown,"3, 15",Green,Unknown,,,7.0,61.9,81.1,78.9,Inability to Rate,NOT APPLICABLE,2023-24,Options,False,False,False,False,2012-07-01T00:00:00.000,Unknown,41.773962,-87.61574,60637.0,0,0,2023.0,73.46938775510205,22.448979591836736,2.0408163265306123,95.91836734693877,4.081632653061225,0.0,0.0,1
400098,NOBLE - MUCHIN HS,Noble - Muchin College Prep,HS,True,False,False,False,"9,10,11,12",12-Sep,961,765,124,138,429,465,12,48,2,0,0.0,1,2.0,2.0,True,Unknown,Unknown,0,Unknown,Unknown,"2, 3, 4, 6, 10, 20, 22, 24, 26, 29, 36, 62, 66, 143, 144, 145, 146, 147, 148, 151","Blue, Brown, Green, Orange, Pink, Purple, Red","BNSF Railway (BNSF), Heritage Corridor (HC), Metra Electric District (ME), Milwaukee District North (MD-N), Milwaukee District West (MD-W), North Central Service (NCS), Rock Island District (RI), SouthWest Service (SWS), Union Pacific North (UP-N), Union Pacific Northwest (UP-NW), Union Pacific West (UP-W)",,,75.3,61.9,95.5,83.8,Inability to Rate,NOT APPLICABLE,2023-24,Charter,True,False,False,True,2009-07-01T00:00:00.000,Unknown,41.88274,-87.626338,60602.0,0,0,2023.0,79.60457856399584,12.903225806451612,14.360041623309051,44.64099895941728,48.38709677419355,1.2486992715920917,4.994797086368366,0
610390,RICKOVER MILITARY HS,Hyman G Rickover Naval Academy High School,HS,True,False,False,False,"9,10,11,12",12-Sep,506,353,80,118,15,404,68,10,0,0,0.0,8,1.0,0.0,True,Unknown,Unknown,0,Unknown,Unknown,"91, 78, 85, 80",Blue,Union Pacific Northwest (UP-NW),,,56.9,61.9,91.0,83.8,Inability to Rate,GOOD STANDING,2023-24,ISP,True,False,False,True,2004-09-01T00:00:00.000,Unknown,41.957599,-87.769938,60634.0,0,0,2023.0,69.76284584980237,15.810276679841898,23.3201581027668,2.9644268774703555,79.84189723320159,13.438735177865611,1.9762845849802373,1
609712,HIRSCH HS,Emil G Hirsch Metropolitan High School,HS,True,False,False,False,"9,10,11,12",12-Sep,104,75,28,0,94,6,0,0,0,0,0.0,0,0.0,4.0,True,Unknown,Unknown,0,Unknown,Unknown,Unknown,"Blue, Green",Metra Electric District (ME),,,27.3,61.9,63.0,83.8,Inability to Rate,INTENSIVE SUPPORT,2023-24,Network 17,True,False,False,True,2004-09-01T00:00:00.000,Unknown,41.753748,-87.601727,60619.0,0,0,2023.0,72.11538461538461,26.923076923076923,0.0,90.3846153846154,5.769230769230769,0.0,0.0,1
609680,PAYTON HS,Walter Payton College Preparatory High School,HS,True,False,False,False,"9,10,11,12",12-Sep,1260,405,122,30,111,323,440,327,4,0,0.0,53,2.0,0.0,False,Unknown,Unknown,1,Unknown,True,"11, 36, 70","Brown, Red",Unknown,,,88.7,61.9,97.6,83.8,Inability to Rate,GOOD STANDING,2023-24,Network 15,True,False,False,True,2004-09-01T00:00:00.000,Unknown,41.901575,-87.635385,60610.0,0,0,2023.0,32.142857142857146,9.682539682539684,2.380952380952381,8.80952380952381,25.634920634920636,34.92063492063492,25.95238095238096,0
610323,BOWEN HS,Bowen High School,HS,True,False,False,False,"9,10,11,12",12-Sep,169,140,59,19,129,39,1,0,0,0,0.0,0,0.0,0.0,True,Unknown,Unknown,1,Unknown,Unknown,"30, 87, 95E",Unknown,Metra Electric District (ME),,,45.1,61.9,54.8,83.8,Inability to Rate,INTENSIVE SUPPORT,2023-24,Network 17,True,False,False,True,2004-09-01T00:00:00.000,Unknown,41.734627,-87.55755,60617.0,0,0,2023.0,82.84023668639054,34.9112426035503,11.242603550295858,76.33136094674556,23.07692307692308,0.591715976331361,0.0,1
609738,LINCOLN PARK HS,Lincoln Park High School,HS,True,False,False,False,"9,10,11,12",12-Sep,2096,936,152,148,431,660,641,235,10,0,0.0,79,6.0,34.0,False,Unknown,Unknown,1,Unknown,Unknown,"8, 11, 73, 74, 37","Blue,Purple,Brown,Red",Unknown,,,81.8,61.9,88.4,83.8,Inability to Rate,GOOD STANDING,2023-24,Network 14,True,False,False,True,2004-09-01T00:00:00.000,Unknown,41.918268,-87.646009,60614.0,0,0,2023.0,44.65648854961832,7.251908396946565,7.061068702290077,20.56297709923664,31.48854961832061,30.582061068702288,11.2118320610687,0
609766,VAUGHN HS,Jacqueline B Vaughn Occupational High School,HS,True,False,False,False,"9,10,11,12",12-Sep,212,159,212,86,38,128,33,7,1,0,0.0,2,1.0,2.0,True,Unknown,Unknown,1,Unknown,Unknown,Unknown,Unknown,Unknown,,,59.75,67.2,11.5,83.8,Inability to Rate,GOOD STANDING,2023-24,Network 14,False,False,False,False,2004-09-01T00:00:00.000,Unknown,41.960364,-87.764663,60641.0,0,0,2023.0,75.0,100.0,40.56603773584906,17.92452830188679,60.37735849056604,15.566037735849056,3.30188679245283,1
610568,PATHWAYS - AVONDALE HS,Pathways in Education- Avondale,HS,True,False,False,False,"9,10,11,12",12-Sep,290,239,59,41,33,231,19,3,1,0,0.0,2,0.0,1.0,Unknown,Unknown,Unknown,0,Unknown,Unknown,Unknown,Unknown,Unknown,,,18.3,61.9,81.1,78.9,Inability to Rate,NOT APPLICABLE,2023-24,Options,False,False,False,False,2013-07-01T00:00:00.000,Unknown,41.939433,-87.705206,60618.0,0,0,2023.0,82.41379310344827,20.344827586206897,14.13793103448276,11.379310344827587,79.65517241379311,6.551724137931035,1.0344827586206895,1
609730,SENN HS,Nicholas Senn High School,HS,True,False,False,False,"9,10,11,12",12-Sep,1449,1025,194,378,371,583,269,179,10,0,0.0,34,2.0,1.0,True,Unknown,Unknown,0,Unknown,Unknown,"22, 36, 84",Red,Unknown,,,69.2,61.9,83.1,83.8,Inability to Rate,GOOD STANDING,2023-24,Network 14,True,False,False,True,2004-09-01T00:00:00.000,Unknown,41.989029,-87.667136,60660.0,0,0,2023.0,70.7384403036577,13.388543823326431,26.08695652173913,25.60386473429952,40.23464458247067,18.564527260179435,12.353347135955833,0
610564,DISNEY II HS,Disney II Magnet High School,HS,True,True,False,False,"7,8,9,10,11,12",12-Jul,742,463,117,86,153,416,126,29,4,0,0.0,11,0.0,3.0,False,Unknown,Unknown,0,Unknown,Unknown,"53, 54A, 80",Blue,Union Pacific Northwest (UP-NW),,,74.3,61.9,92.1,83.8,Inability to Rate,GOOD STANDING,2023-24,Network 14,True,False,True,True,2013-07-01T00:00:00.000,Unknown,41.952488,-87.721364,60618.0,0,0,2023.0,62.3989218328841,15.768194070080863,11.590296495956872,20.61994609164421,56.06469002695418,16.9811320754717,3.908355795148248,0
609704,FARRAGUT HS,David G Farragut Career Academy High School,HS,True,False,False,False,"9,10,11,12",12-Sep,488,441,124,186,48,434,2,1,1,0,0.0,1,0.0,1.0,True,Unknown,Unknown,1,Unknown,Unknown,"21, 52, 82",Pink,Unknown,,,45.2,61.9,65.9,83.8,Inability to Rate,GOOD STANDING,2023-24,Network 16,True,False,False,True,2004-09-01T00:00:00.000,Unknown,41.84856,-87.708706,60623.0,0,0,2023.0,90.3688524590164,25.40983606557377,38.114754098360656,9.836065573770492,88.9344262295082,0.4098360655737705,0.2049180327868852,1
610571,OMBUDSMAN - WEST HS,Ombudsman Chicago- West,HS,True,False,False,False,"9,10,11,12",12-Sep,139,114,22,6,112,24,1,0,0,0,0.0,2,0.0,0.0,True,Unknown,Unknown,0,Unknown,Unknown,"49, X49",Blue,Unknown,,,16.3,61.9,12.2,83.8,Inability to Rate,NOT APPLICABLE,2023-24,Options,False,False,False,False,2013-07-01T00:00:00.000,Unknown,41.874673,-87.687842,60612.0,0,0,2023.0,82.01438848920863,15.827338129496402,4.316546762589928,80.57553956834532,17.26618705035971,0.7194244604316548,0.0,1
609759,CLEMENTE HS,Roberto Clemente Community Academy High School,HS,True,False,False,False,"9,10,11,12",12-Sep,744,529,162,300,203,508,21,3,1,0,0.0,5,1.0,2.0,True,Unknown,Unknown,1,Unknown,Unknown,"49, 70","Blue,Red",Unknown,,,48.9,61.9,85.9,83.8,Inability to Rate,INTENSIVE SUPPORT,2023-24,Network 15,True,False,False,True,2004-09-01T00:00:00.000,Unknown,41.902626,-87.686906,60622.0,0,0,2023.0,71.10215053763442,21.774193548387096,40.32258064516129,27.284946236559136,68.27956989247312,2.82258064516129,0.4032258064516129,1
609734,TAFT HS,William Howard Taft High School,HS,True,True,False,False,"7,8,9,10,11,12",12-Jul,4218,2131,517,786,117,1850,1753,298,10,0,0.0,89,26.0,75.0,False,Unknown,Unknown,True,Unknown,Unknown,"68, 86",Blue,Union Pacific Northwest (UP-NW),,,75.3,61.9,90.1,83.8,Inability to Rate,GOOD STANDING,2023-24,Network 14,True,False,True,True,2004-09-01T00:00:00.000,Unknown,41.982961,-87.791547,60631.0,0,0,2023.0,50.52157420578474,12.256993835941204,18.634423897581797,2.7738264580369845,43.85964912280701,41.559981033665245,7.064959696538644,0
609764,JUAREZ HS,Benito Juarez Community Academy High School,HS,True,False,False,False,"9,10,11,12",12-Sep,1531,1371,218,561,30,1454,20,14,8,0,0.0,0,0.0,5.0,True,Unknown,Unknown,0,Unknown,Unknown,"9, 21, 60","Blue, Pink, Red",Unknown,,,57.9,61.9,82.4,83.8,Inability to Rate,GOOD STANDING,2023-24,Network 15,True,False,False,True,2004-09-01T00:00:00.000,Unknown,41.852667,-87.663732,60608.0,0,0,2023.0,89.54931417374266,14.239059438275635,36.642717178314825,1.959503592423253,94.97060744611365,1.3063357282821686,0.914435009797518,1
400128,YCCS - CCA ACADEMY,YCCS-CCA Academy HS,HS,True,False,False,False,"9,10,11,12",12-Sep,65,53,16,1,63,1,0,0,0,0,0.0,0,0.0,1.0,True,Unknown,Unknown,0,Unknown,Unknown,"12, 53",Blue,Unknown,,,7.1,61.9,81.1,78.9,Inability to Rate,NOT APPLICABLE,2023-24,Options,False,False,False,False,2012-07-01T00:00:00.000,Unknown,41.864943,-87.723662,60623.0,0,0,2023.0,81.53846153846153,24.615384615384617,1.5384615384615383,96.92307692307692,1.5384615384615383,0.0,0.0,1
400086,URBAN PREP - ENGLEWOOD HS,Urban Prep Academy for Young Men - Englewood,HS,True,False,False,False,"9,10,11,12",12-Sep,97,84,22,2,94,3,0,0,0,0,0.0,0,0.0,0.0,True,Unknown,Unknown,0,Unknown,Unknown,"3, 4, 8, 9, 24, 44, 63","Green, Red",Unknown,,,50.0,61.9,77.8,83.8,Inability to Rate,NOT APPLICABLE,2023-24,Charter,True,False,False,True,2006-09-01T00:00:00.000,Unknown,41.781498,-87.634357,60621.0,0,0,2023.0,86.5979381443299,22.68041237113402,2.061855670103093,96.90721649484536,3.0927835051546397,0.0,0.0,1
610592,ENGLEWOOD STEM HS,Englewood STEM High School,HS,True,False,False,False,"9,10,11",11-Sep,602,522,138,47,508,88,1,0,0,0,0.0,3,1.0,1.0,Unknown,Unknown,Unknown,1,Unknown,Unknown,Unknown,Unknown,Unknown,,,59.75,67.2,81.1,78.9,Inability to Rate,GOOD STANDING,2023-24,Network 16,True,False,Unknown,True,2019-07-01T00:00:00.000,Unknown,41.770251,-87.639061,60621.0,0,0,2023.0,86.71096345514951,22.92358803986711,7.807308970099667,84.38538205980066,14.61794019933555,0.1661129568106312,0.0,1
610547,SOUTH SHORE INTL HS,South Shore Intl College Prep High School,HS,True,False,False,False,"9,10,11,12",12-Sep,566,441,68,8,543,19,1,0,1,0,0.0,0,0.0,2.0,True,Unknown,Unknown,1,Unknown,Unknown,"J14, 15, 75",Red,Unknown,,,73.7,61.9,90.3,83.8,Inability to Rate,GOOD STANDING,2023-24,Network 17,True,False,False,True,2011-07-01T00:00:00.000,Unknown,41.758792,-87.576353,60649.0,0,0,2023.0,77.91519434628975,12.014134275618376,1.413427561837456,95.93639575971731,3.356890459363958,0.1766784452296819,0.0,0
609679,PROSSER HS,Charles Allen Prosser Career Academy High School,HS,True,False,False,False,"9,10,11,12",12-Sep,1168,1025,182,268,255,884,19,2,3,0,0.0,3,1.0,1.0,True,Unknown,Unknown,1,True,Unknown,"65, 74, 85",Unknown,Milwaukee District West (MD-W),,,71.5,61.9,90.6,83.8,Inability to Rate,GOOD STANDING,2023-24,Network 15,True,False,False,True,2004-09-01T00:00:00.000,Unknown,41.920059,-87.761048,60639.0,0,0,2023.0,87.7568493150685,15.58219178082192,22.945205479452056,21.83219178082192,75.68493150684932,1.6267123287671232,0.1712328767123287,0
610394,UPLIFT HS,Uplift Community High School,HS,True,False,False,False,"9,10,11,12",12-Sep,151,111,65,38,91,46,7,5,0,0,0.0,2,0.0,0.0,True,Unknown,Unknown,True,Unknown,Unknown,"78, 81, 136, 144, 145, 146, 148, 151","Purple,Red",Unknown,,,51.7,61.9,62.7,83.8,Inability to Rate,INTENSIVE SUPPORT,2023-24,Network 14,True,False,False,True,2005-09-01T00:00:00.000,Unknown,41.965547,-87.652473,60640.0,0,0,2023.0,73.50993377483444,43.04635761589404,25.165562913907287,60.264900662251655,30.4635761589404,4.635761589403973,3.3112582781456954,1
400137,LITTLE BLACK PEARL HS,Little Black Pearl Art and Design Academy,HS,True,False,False,False,"9,10,11,12",12-Sep,77,61,12,0,75,2,0,0,0,0,0.0,0,0.0,0.0,True,Unknown,Unknown,0,Unknown,Unknown,47,Red,Unknown,,,32.1,61.9,100.0,83.8,Inability to Rate,GOOD STANDING,2023-24,Options,False,False,False,False,2012-07-01T00:00:00.000,Unknown,41.809695,-87.59934,60653.0,0,0,2023.0,79.22077922077922,15.584415584415584,0.0,97.4025974025974,2.5974025974025974,0.0,0.0,1
400035,CHICAGO MATH & SCIENCE HS,Chicago Math and Science Academy Charter School,HS,True,True,True,False,"6,7,8,9,10,11,12",12-Jun,617,538,58,242,258,242,38,65,3,0,0.0,10,1.0,0.0,True,Unknown,Unknown,0,Unknown,Unknown,22,Red,Union Pacific North (UP-N),,,62.5,61.9,88.4,83.8,Inability to Rate,NOT APPLICABLE,2023-24,Charter,True,False,False,True,2004-09-01T00:00:00.000,Unknown,42.013031,-87.674818,60626.0,0,0,2023.0,87.19611021069692,9.40032414910859,39.22204213938412,41.81523500810373,39.22204213938412,6.158833063209076,10.53484602917342,0
400125,YCCS - ASPIRA PANTOJA,"YCCS-ASPIRA,Antonia Pantoja Alternative HS",HS,True,False,False,False,"9,10,11,12",12-Sep,196,144,32,74,9,183,3,0,0,0,0.0,0,1.0,0.0,True,Unknown,Unknown,0,Unknown,Unknown,"53, 77",Blue,Unknown,,,11.3,61.9,81.1,78.9,Inability to Rate,NOT APPLICABLE,2023-24,Options,False,False,False,False,2012-07-01T00:00:00.000,Unknown,41.938187,-87.727137,60641.0,0,0,2023.0,73.46938775510205,16.3265306122449,37.755102040816325,4.591836734693878,93.36734693877553,1.530612244897959,0.0,1
400106,NOBLE - JOHNSON HS,Noble - John and Eunice Johnson College Prep,HS,True,False,False,False,"9,10,11,12",12-Sep,460,417,100,5,437,18,2,0,1,0,0.0,0,1.0,1.0,True,Unknown,Unknown,0,Unknown,Unknown,"63, 24","Green,Red",Metra Electric District (ME),,,62.1,61.9,76.3,83.8,Inability to Rate,NOT APPLICABLE,2023-24,Charter,True,False,False,True,2010-07-01T00:00:00.000,Unknown,41.778369,-87.635117,60621.0,0,0,2023.0,90.65217391304348,21.73913043478261,1.0869565217391304,95.0,3.91304347826087,0.4347826086956521,0.0,1
400181,ART IN MOTION,Art in Motion Charter School,HS,True,True,False,False,"7,8,9,10,11,12",12-Jul,562,507,101,3,528,16,1,0,0,0,0.0,4,0.0,13.0,Unknown,Unknown,Unknown,0,Unknown,Unknown,"28, 75, 71",Unknown,Unknown,,,59.75,67.2,81.1,78.9,Inability to Rate,GOOD STANDING,2023-24,Charter,False,False,False,False,2019-07-01T00:00:00.000,Unknown,41.760034,-87.583328,60649.0,0,0,2023.0,90.2135231316726,17.97153024911032,0.5338078291814947,93.95017793594306,2.8469750889679712,0.1779359430604982,0.0,1
609694,HANCOCK HS,John Hancock College Preparatory High School,HS,True,False,False,False,"9,10,11,12",12-Sep,1028,682,59,41,13,924,66,9,1,0,0.0,2,1.0,12.0,True,Unknown,Unknown,0,Unknown,Unknown,"53A, 55, 59",Orange,Unknown,,,73.2,61.9,96.3,83.8,Inability to Rate,GOOD STANDING,2023-24,Network 15,True,False,False,True,2004-09-01T00:00:00.000,Unknown,41.791464,-87.72447,60638.0,0,0,2023.0,66.34241245136187,5.739299610894942,3.988326848249027,1.264591439688716,89.88326848249028,6.420233463035019,0.8754863813229572,0
400126,YCCS - ASSOCIATION HOUSE,YCCS-Association House HS,HS,True,False,False,False,"9,10,11,12",12-Sep,89,59,15,15,43,44,1,0,0,0,0.0,0,1.0,0.0,True,Unknown,Unknown,0,Unknown,Unknown,"70, 65, 82, 94",Blue,Unknown,,,8.0,61.9,81.1,78.9,Inability to Rate,NOT APPLICABLE,2023-24,Options,False,False,False,False,2012-07-01T00:00:00.000,Unknown,41.901572,-87.70686,60651.0,0,0,2023.0,66.29213483146067,16.853932584269664,16.853932584269664,48.31460674157304,49.43820224719101,1.1235955056179776,0.0,1
609750,SIMPSON HS,Simpson Academy HS for Young Women,HS,True,True,True,False,"6,7,8,9,10,11,12",12-Jun,22,18,5,4,15,7,0,0,0,0,0.0,0,0.0,0.0,True,Unknown,Unknown,0,Unknown,Unknown,Unknown,Pink,Unknown,,,27.3,61.9,81.1,78.9,Inability to Rate,GOOD STANDING,2023-24,Options,False,False,False,False,2004-09-01T00:00:00.000,Unknown,41.864365,-87.668722,60608.0,0,0,2023.0,81.81818181818183,22.727272727272727,18.181818181818183,68.18181818181817,31.818181818181817,0.0,0.0,1
609678,JONES HS,William Jones College Preparatory High School,HS,True,False,False,False,"9,10,11,12",12-Sep,1964,782,177,59,234,659,619,364,11,0,0.0,71,5.0,1.0,False,Unknown,Unknown,True,Unknown,Unknown,"2, 6, 10, 29, 62, 144, 146","Blue, Brown, Pink, Red",Metra Electric District (ME),,,88.3,61.9,98.3,83.8,Inability to Rate,GOOD STANDING,2023-24,Network 15,True,False,False,True,2004-09-01T00:00:00.000,Unknown,41.873066,-87.627675,60605.0,0,0,2023.0,39.81670061099796,9.012219959266805,3.004073319755601,11.914460285132384,33.55397148676171,31.5173116089613,18.533604887983707,0
610597,VIRTUAL ACADEMY HS,The Virtual Academy High School,HS,True,False,False,False,"9,10,11,12",12-Sep,212,164,112,46,67,105,32,4,0,0,0.0,4,0.0,0.0,Unknown,False,Unknown,0,Unknown,Unknown,Unknown,Unknown,Unknown,,,59.75,67.2,81.1,78.9,Inability to Rate,Unknown,2023-24,ISP,False,False,False,False,2021-07-01T00:00:00.000,Unknown,41.8627144,-87.6601387,60608.0,0,0,2023.0,77.35849056603774,52.83018867924528,21.69811320754717,31.60377358490566,49.528301886792455,15.09433962264151,1.8867924528301887,1
609733,SULLIVAN HS,Roger C Sullivan High School,HS,True,False,False,False,"9,10,11,12",12-Sep,719,552,148,380,221,300,108,70,2,0,0.0,13,1.0,4.0,True,Unknown,Unknown,1,Unknown,Unknown,"22, 155",Red,Union Pacific North (UP-N),,,60.9,61.9,72.9,83.8,Inability to Rate,GOOD STANDING,2023-24,Network 14,True,False,False,True,2004-09-01T00:00:00.000,Unknown,42.002688,-87.669192,60626.0,0,0,2023.0,76.77329624478443,20.58414464534075,52.85118219749653,30.737134909596666,41.72461752433936,15.02086230876217,9.735744089012517,1
609674,CHICAGO VOCATIONAL HS,Chicago Vocational Career Academy High School,HS,True,False,False,False,"9,10,11,12",12-Sep,575,468,185,17,537,26,5,0,0,0,0.0,0,0.0,7.0,True,Unknown,Unknown,True,True,Unknown,"14, 15, 87",Unknown,Unknown,,,28.7,61.9,73.2,83.8,Inability to Rate,PROVISIONAL SUPPORT,2023-24,Network 17,True,False,False,True,2004-09-01T00:00:00.000,Unknown,41.737174,-87.573268,60617.0,0,0,2023.0,81.3913043478261,32.17391304347826,2.9565217391304346,93.3913043478261,4.521739130434783,0.8695652173913043,0.0,1
609737,VON STEUBEN HS,Friedrich W von Steuben Metropolitan Science HS,HS,True,False,False,False,"9,10,11,12",12-Sep,1670,1054,117,212,161,926,281,243,6,0,0.0,30,17.0,6.0,True,Unknown,Unknown,1,Unknown,Unknown,"81, 82, 92, 93",Brown,Unknown,,,77.2,61.9,93.3,83.8,Inability to Rate,GOOD STANDING,2023-24,Network 14,True,False,False,True,2004-09-01T00:00:00.000,Unknown,41.973185,-87.713386,60625.0,0,0,2023.0,63.11377245508982,7.005988023952097,12.694610778443112,9.640718562874252,55.449101796407184,16.826347305389223,14.550898203592814,0
610402,DEVRY HS,DeVry University Advantage Academy HS,HS,True,False,False,False,"11,12",12-Nov,131,92,6,8,40,64,15,8,0,0,0.0,3,1.0,0.0,True,Unknown,Unknown,0,Unknown,Unknown,"49, 77, 52",Unknown,Unknown,,,76.9,61.9,81.1,78.9,Inability to Rate,GOOD STANDING,2023-24,Network 14,False,False,False,False,2004-09-01T00:00:00.000,Unknown,41.941388,-87.690761,60640.0,0,0,2023.0,70.22900763358778,4.580152671755725,6.106870229007633,30.53435114503817,48.854961832061065,11.450381679389311,6.106870229007633,0
610543,SOLORIO HS,Eric Solorio Academy High School,HS,True,False,False,False,"9,10,11,12",12-Sep,1225,1105,144,340,13,1187,12,6,5,0,0.0,2,0.0,0.0,True,Unknown,Unknown,True,Unknown,Unknown,"52, 52A, 55",Orange,Unknown,,,68.9,61.9,88.6,83.8,Inability to Rate,GOOD STANDING,2023-24,Network 15,True,False,False,True,2010-07-01T00:00:00.000,Unknown,41.795201,-87.711059,60632.0,0,0,2023.0,90.20408163265309,11.755102040816324,27.755102040816325,1.0612244897959184,96.89795918367346,0.979591836734694,0.4897959183673469,0
400123,YCCS - SCHOLASTIC ACHIEVEMENT,YCCS- Academy of Scholastic Achievement HS,HS,True,False,False,False,"9,10,11,12",12-Sep,111,82,20,0,106,3,1,0,0,0,0.0,0,0.0,1.0,True,Unknown,Unknown,0,Unknown,Unknown,"20, 54",Green,Unknown,,,12.1,61.9,81.1,78.9,Inability to Rate,NOT APPLICABLE,2023-24,Options,False,False,False,False,2012-07-01T00:00:00.000,Unknown,41.880447,-87.742539,60644.0,0,0,2023.0,73.87387387387388,18.01801801801802,0.0,95.4954954954955,2.702702702702702,0.9009009009009008,0.0,1
609756,CURIE HS,Marie Sklodowska Curie Metropolitan High School,HS,True,False,False,False,"9,10,11,12",12-Sep,2909,2444,321,799,259,2538,37,58,9,0,0.0,7,1.0,0.0,True,Unknown,Unknown,0,True,True,"53A, 62","Blue, Orange",Unknown,,,64.9,61.9,75.1,83.8,Inability to Rate,GOOD STANDING,2023-24,Network 15,True,False,False,True,2004-09-01T00:00:00.000,Unknown,41.80306,-87.722042,60632.0,0,0,2023.0,84.01512547267103,11.034719834994844,27.466483327603985,8.90340323135098,87.24647645238913,1.271914747335854,1.9938123066345823,1
609740,WELLS HS,Wells Community Academy High School,HS,True,False,False,False,"9,10,11,12",12-Sep,335,222,60,121,136,141,47,2,1,0,0.0,5,0.0,3.0,True,Unknown,Unknown,0,Unknown,Unknown,"9, 56, 66","Blue,Green",Unknown,,,47.0,61.9,77.1,83.8,Inability to Rate,PROVISIONAL SUPPORT,2023-24,Network 15,True,False,False,True,2004-09-01T00:00:00.000,Unknown,41.898995,-87.667483,60622.0,0,0,2023.0,66.26865671641791,17.91044776119403,36.11940298507463,40.59701492537313,42.08955223880597,14.029850746268655,0.5970149253731344,1
400124,YCCS - MCKINLEY,YCCS- McKinley Lakeside Leadership HS,HS,True,False,False,False,"9,10,11,12",12-Sep,92,71,23,1,86,4,2,0,0,0,0.0,0,0.0,0.0,True,Unknown,Unknown,0,Unknown,Unknown,29,Green,Unknown,,,14.9,61.9,81.1,78.9,Inability to Rate,NOT APPLICABLE,2023-24,Options,False,False,False,False,2012-07-01T00:00:00.000,Unknown,41.841331,-87.625331,60616.0,0,0,2023.0,77.17391304347827,25.0,1.0869565217391304,93.47826086956522,4.3478260869565215,2.1739130434782608,0.0,1
610600,New Bronzeville & Englewood HS,New Bronzeville & Englewood HS,HS,True,False,False,False,"9,10,11,12",12-Sep,4,2,1,0,4,0,0,0,0,0,0.0,0,0.0,0.0,Unknown,Unknown,Unknown,0,Unknown,Unknown,Unknown,Unknown,Unknown,,,59.75,67.2,81.1,78.9,Unknown,Unknown,2023-24,Network 16,True,False,False,True,2023-07-01T00:00:00.000,2023-07-02T00:00:00.000,41.809179,-87.730473,60621.0,0,0,2023.0,50.0,25.0,0.0,100.0,0.0,0.0,0.0,1
609755,YOUNG HS,Whitney M Young Magnet High School,HS,True,True,False,False,"7,8,9,10,11,12",12-Jul,2218,787,219,50,399,630,534,548,4,0,0.0,88,15.0,0.0,False,Unknown,Unknown,True,True,Unknown,"9, 20, 126",Blue,Unknown,,,88.3,61.9,95.7,83.8,Inability to Rate,GOOD STANDING,2023-24,Network 15,True,False,True,True,2004-09-01T00:00:00.000,Unknown,41.878603,-87.664233,60607.0,0,0,2023.0,35.482416591523894,9.87376014427412,2.254283137962128,17.989179440937782,28.40396753832281,24.075743913435527,24.706943192064923,0
609749,NORTHSIDE PREP HS,Northside College Preparatory High School,HS,True,False,False,False,"9,10,11,12",12-Sep,1033,372,120,31,67,295,373,221,3,0,0.0,44,7.0,23.0,False,Unknown,Unknown,True,Unknown,Unknown,"82, 92",Unknown,Unknown,,,93.2,61.9,96.0,83.8,Inability to Rate,GOOD STANDING,2023-24,Network 14,True,False,False,True,2004-09-01T00:00:00.000,Unknown,41.981315,-87.708708,60625.0,0,0,2023.0,36.01161665053243,11.616650532429816,3.0009680542110355,6.485963213939981,28.55759922555663,36.10842207163601,21.39399806389158,0
609745,SOUTHSIDE HS,Southside Occupational Academy High School,HS,True,False,False,False,"11,12",12-Nov,368,284,368,86,221,134,12,0,0,0,0.0,1,0.0,0.0,True,Unknown,Unknown,0,Unknown,Unknown,Unknown,Unknown,Unknown,,,3.1,61.9,81.1,78.9,Inability to Rate,GOOD STANDING,2023-24,ISP,False,False,False,False,2004-09-01T00:00:00.000,Unknown,41.759852,-87.675947,60636.0,0,1,2023.0,77.17391304347827,100.0,23.369565217391305,60.05434782608695,36.41304347826087,3.260869565217391,0.0,1
609716,KELVYN PARK HS,Kelvyn Park High School,HS,True,True,False,False,"7,8,9,10,11,12",12-Jul,476,387,91,214,51,409,10,0,3,0,0.0,3,0.0,0.0,True,Unknown,Unknown,0,Unknown,Unknown,"74, 76",Blue,Milwaukee District North (MD-N),,,40.0,61.9,73.9,83.8,Inability to Rate,INTENSIVE SUPPORT,2023-24,Network 14,True,False,True,True,2004-09-01T00:00:00.000,Unknown,41.927918,-87.735999,60639.0,0,0,2023.0,81.30252100840336,19.11764705882353,44.95798319327732,10.714285714285714,85.92436974789915,2.100840336134454,0.0,1
609705,FENGER HS,Christian Fenger Academy High School,HS,True,False,False,False,"9,10,11,12",12-Sep,206,172,51,3,199,5,2,0,0,0,0.0,0,0.0,0.0,True,Unknown,Unknown,0,Unknown,Unknown,8A,"Blue, Brown",Unknown,,,35.1,61.9,66.1,83.8,Inability to Rate,INTENSIVE SUPPORT,2023-24,Network 17,True,False,False,True,2004-09-01T00:00:00.000,Unknown,41.689951,-87.637572,60628.0,0,0,2023.0,83.49514563106796,24.75728155339806,1.4563106796116505,96.60194174757282,2.4271844660194173,0.9708737864077668,0.0,1
609719,LAKE VIEW HS,Lake View High School,HS,True,False,False,False,"9,10,11,12",12-Sep,1404,1080,224,298,182,1029,121,44,8,0,0.0,20,0.0,0.0,True,Unknown,Unknown,0,Unknown,Unknown,"9, 80, X9","Blue,Green,Pink,Purple,Orange,Brown,Red",Unknown,,,66.9,61.9,94.3,83.8,Inability to Rate,GOOD STANDING,2023-24,Network 14,True,False,False,True,2004-09-01T00:00:00.000,Unknown,41.954764,-87.668953,60613.0,1,0,2023.0,76.92307692307693,15.954415954415952,21.225071225071225,12.962962962962962,73.29059829059828,8.618233618233619,3.133903133903134,0
609708,FOREMAN HS,Edwin G. Foreman College and Career Academy,HS,True,False,False,False,"9,10,11,12",12-Sep,601,486,120,280,92,478,25,4,1,0,0.0,1,0.0,0.0,True,Unknown,Unknown,1,Unknown,Unknown,"54, 77, 85, 152",Blue,Unknown,,,50.0,61.9,76.1,83.8,Inability to Rate,INTENSIVE SUPPORT,2023-24,Network 14,True,False,False,True,2004-09-01T00:00:00.000,Unknown,41.939797,-87.754167,60641.0,0,0,2023.0,80.86522462562395,19.96672212978369,46.58901830282861,15.307820299500833,79.53410981697171,4.159733777038269,0.6655574043261231,1
609713,HYDE PARK HS,Hyde Park Academy High School,HS,True,False,False,False,"9,10,11,12",12-Sep,809,731,147,11,788,7,0,0,0,0,0.0,7,0.0,7.0,True,Unknown,Unknown,1,Unknown,Unknown,"6, 15, 28, 59, 63, X28, 170","Green, Red",Metra Electric District (ME),,,52.4,61.9,75.0,83.8,Inability to Rate,PROVISIONAL SUPPORT,2023-24,Network 17,True,False,False,True,2004-09-01T00:00:00.000,Unknown,41.782257,-87.586615,60637.0,0,0,2023.0,90.3584672435105,18.17058096415328,1.3597033374536465,97.40420271940668,0.865265760197775,0.0,0.0,1
400130,YCCS - YOUTH DEVELOPMENT,YCCS-Community Youth Development Institute HS,HS,True,False,False,False,"9,10,11,12",12-Sep,79,52,19,4,74,4,0,0,1,0,0.0,0,0.0,0.0,True,Unknown,Unknown,0,Unknown,Unknown,"8, 79",Unknown,Unknown,,,12.5,61.9,81.1,78.9,Inability to Rate,NOT APPLICABLE,2023-24,Options,False,False,False,False,2012-07-01T00:00:00.000,Unknown,41.751377,-87.641731,60620.0,0,0,2023.0,65.82278481012658,24.050632911392405,5.063291139240507,93.67088607594935,5.063291139240507,0.0,0.0,1
400061,PERSPECTIVES - LEADERSHIP HS,Perspectives - Leadership Academy,HS,True,True,True,False,"6,7,8,9,10,11,12",12-Jun,834,723,121,2,817,11,2,0,1,0,0.0,3,0.0,0.0,True,Unknown,Unknown,0,Unknown,Unknown,"44, 75",Red,Unknown,,,36.2,61.9,74.0,83.8,Inability to Rate,NOT APPLICABLE,2023-24,Charter,True,False,False,True,2004-09-01T00:00:00.000,Unknown,41.745961,-87.652045,60620.0,0,0,2023.0,86.6906474820144,14.5083932853717,0.2398081534772182,97.96163069544365,1.3189448441247005,0.2398081534772182,0.0,1
609753,CHICAGO AGRICULTURE HS,Chicago High School for Agricultural Sciences,HS,True,False,False,False,"9,10,11,12",12-Sep,767,383,181,33,392,176,182,5,1,0,0.0,9,1.0,1.0,False,Unknown,Unknown,True,Unknown,Unknown,"52A, 53A, 112",Unknown,Unknown,,,67.1,61.9,82.7,83.8,Inability to Rate,GOOD STANDING,2023-24,ISP,True,False,False,True,2004-09-01T00:00:00.000,Unknown,41.691221,-87.71777,60655.0,0,0,2023.0,49.934810951760106,23.598435462842243,4.302477183833116,51.10821382007823,22.946544980443285,23.728813559322035,0.651890482398957,0
609725,MORGAN PARK HS,Morgan Park High School,HS,True,True,False,False,"7,8,9,10,11,12",12-Jul,1162,870,168,11,1111,31,4,0,0,0,0.0,3,2.0,11.0,True,Unknown,Unknown,1,Unknown,Unknown,"111, 112",Red,Rock Island District (RI),,,59.8,61.9,87.9,83.8,Inability to Rate,GOOD STANDING,2023-24,Network 16,True,False,True,True,2004-09-01T00:00:00.000,Unknown,41.692035,-87.665658,60643.0,0,0,2023.0,74.87091222030982,14.457831325301203,0.9466437177280552,95.61101549053356,2.667814113597246,0.3442340791738382,0.0,1
609718,KENNEDY HS,John F Kennedy High School,HS,True,False,False,False,"9,10,11,12",12-Sep,1589,1020,310,308,64,1310,195,12,1,0,0.0,6,1.0,0.0,True,Unknown,Unknown,1,Unknown,Unknown,"55N, 62, 62H",Orange,Unknown,,,70.8,61.9,80.9,83.8,Inability to Rate,GOOD STANDING,2023-24,Network 16,True,False,False,True,2004-09-01T00:00:00.000,Unknown,41.789961,-87.78084,60638.0,0,0,2023.0,64.19131529263687,19.50912523599748,19.383259911894275,4.027690371302707,82.44178728760227,12.271869100062933,0.7551919446192574,0
610518,AUSTIN CCA HS,Austin College and Career Academy High School,HS,True,False,False,False,"9,10,11,12",12-Sep,168,124,40,4,152,16,0,0,0,0,0.0,0,0.0,0.0,True,Unknown,Unknown,0,Unknown,Unknown,"20, 57, 85",Green,Unknown,,,30.0,61.9,68.0,83.8,Inability to Rate,INTENSIVE SUPPORT,2023-24,Network 15,True,False,False,True,2008-07-01T00:00:00.000,Unknown,41.885993,-87.761916,60644.0,0,0,2023.0,73.80952380952381,23.809523809523807,2.380952380952381,90.47619047619048,9.523809523809524,0.0,0.0,1
609710,HARLAN HS,John M Harlan Community Academy High School,HS,True,False,False,False,"9,10,11,12",12-Sep,201,172,35,10,188,11,0,0,0,0,0.0,2,0.0,0.0,True,Unknown,Unknown,0,Unknown,Unknown,"5, 34, 95E, 100, 103, 106, 111, 119",Red,Unknown,,,30.6,61.9,63.2,83.8,Inability to Rate,INTENSIVE SUPPORT,2023-24,Network 17,True,False,True,True,2004-09-01T00:00:00.000,Unknown,41.718372,-87.620623,60628.0,0,0,2023.0,85.57213930348259,17.412935323383085,4.975124378109453,93.53233830845772,5.472636815920398,0.0,0.0,1
610357,SPRY HS,Spry Community Links High School,HS,True,False,False,False,"9,10,11,12",12-Sep,62,55,22,37,0,60,0,0,1,0,0.0,0,0.0,1.0,True,Unknown,Unknown,0,Unknown,Unknown,"21, 94",Unknown,Unknown,,,66.7,61.9,81.8,83.8,Inability to Rate,PROVISIONAL SUPPORT,2023-24,Network 16,True,False,False,True,2004-09-01T00:00:00.000,Unknown,41.847762,-87.698946,60623.0,0,0,2023.0,88.70967741935483,35.483870967741936,59.67741935483871,0.0,96.7741935483871,0.0,0.0,0
400118,NOBLE - DRW HS,Noble - DRW College Prep,HS,True,False,False,False,"9,10,11,12",12-Sep,364,296,97,2,356,7,0,0,0,0,0.0,0,0.0,1.0,True,Unknown,Unknown,0,Unknown,Unknown,82,Blue,Unknown,,,55.6,61.9,75.9,83.8,Inability to Rate,NOT APPLICABLE,2023-24,Charter,True,False,False,True,2012-07-01T00:00:00.000,Unknown,41.869328,-87.711654,60624.0,0,0,2023.0,81.31868131868131,26.64835164835165,0.5494505494505495,97.8021978021978,1.9230769230769231,0.0,0.0,1
609676,DUNBAR HS,Paul Laurence Dunbar Career Academy High School,HS,True,False,False,False,"9,10,11,12",12-Sep,370,328,85,6,355,13,1,0,0,0,0.0,0,0.0,1.0,True,Unknown,Unknown,1,Unknown,Unknown,"1, 3, 4",Unknown,Metra Electric District (ME),,,38.9,61.9,76.3,83.8,Inability to Rate,INTENSIVE SUPPORT,2023-24,Network 17,True,False,False,True,2004-09-01T00:00:00.000,Unknown,41.840226,-87.617637,60616.0,0,0,2023.0,88.64864864864866,22.972972972972972,1.6216216216216215,95.94594594594594,3.5135135135135136,0.2702702702702703,0.0,1
400058,NLCP - CHRISTIANA HS,North Lawndale College Prep - Christiana,HS,True,False,False,False,"9,10,11,12",12-Sep,315,290,85,2,304,8,1,0,0,0,0.0,1,0.0,1.0,True,Unknown,Unknown,0,Unknown,Unknown,"18, 52",Green,Unknown,,,66.7,61.9,79.5,83.8,Inability to Rate,NOT APPLICABLE,2023-24,Charter,True,False,False,True,2004-09-01T00:00:00.000,Unknown,41.858564,-87.708987,60623.0,0,0,2023.0,92.06349206349206,26.984126984126984,0.6349206349206349,96.5079365079365,2.5396825396825395,0.3174603174603174,0.0,1
400170,NOBLE - ACADEMY HS,Noble - The Noble Academy,HS,True,False,False,False,"9,10,11,12",12-Sep,521,423,72,97,239,251,6,11,3,0,0.0,7,1.0,3.0,True,Unknown,Unknown,0,Unknown,Unknown,"8, 64, 70, 156, 37","Purple,Brown,Red",Unknown,,,79.8,61.9,88.3,83.8,Inability to Rate,NOT APPLICABLE,2023-24,Charter,True,False,False,True,2014-07-01T00:00:00.000,Unknown,41.906879,-87.645577,60610.0,0,0,2023.0,81.19001919385796,13.81957773512476,18.618042226487525,45.87332053742802,48.17658349328215,1.151631477927063,2.111324376199616,0
400172,ASPIRA - BUSINESS & FINANCE HS,ASPIRA Business and Finance,HS,True,False,False,False,"9,10,11,12",12-Sep,497,413,118,240,21,464,8,0,2,0,0.0,2,0.0,0.0,True,Unknown,Unknown,0,Unknown,Unknown,56,Blue,Unknown,,,37.9,61.9,88.7,83.8,Inability to Rate,NOT APPLICABLE,2023-24,Charter,True,False,False,True,2015-07-01T00:00:00.000,Unknown,41.935726,-87.718204,60618.0,0,0,2023.0,83.09859154929578,23.74245472837022,48.2897384305835,4.225352112676056,93.36016096579478,1.6096579476861168,0.0,1
610529,OGDEN HS,Ogden International High School,HS,True,False,False,False,"9,10,11,12",12-Sep,509,349,54,48,234,180,70,12,1,0,0.0,12,0.0,0.0,True,Unknown,Unknown,0,True,Unknown,"65, 66",Blue,Unknown,,,81.5,61.9,98.3,83.8,Inability to Rate,GOOD STANDING,2023-24,Network 15,True,False,True,True,2009-07-01T00:00:00.000,Unknown,41.893548,-87.659405,60642.0,0,0,2023.0,68.56581532416503,10.609037328094304,9.430255402750491,45.97249508840864,35.36345776031434,13.7524557956778,2.357563850687623,0
400156,NOBLE - BUTLER HS,Noble - Butler College Prep,HS,True,False,False,False,"9,10,11,12",12-Sep,636,557,111,16,599,33,1,0,0,0,0.0,2,0.0,1.0,Unknown,Unknown,Unknown,0,Unknown,Unknown,"106, 103, 115",Red,Metra Electric District (ME),,,62.5,61.9,84.4,83.8,Inability to Rate,NOT APPLICABLE,2023-24,Charter,True,False,False,True,2013-07-01T00:00:00.000,Unknown,41.706667,-87.602573,60628.0,0,0,2023.0,87.57861635220125,17.452830188679243,2.515723270440252,94.18238993710692,5.188679245283019,0.1572327044025157,0.0,0
400032,CICS - ELLISON HS,CICS - Ralph Ellison,HS,True,False,False,False,"9,10,11,12",12-Sep,220,181,47,2,212,8,0,0,0,0,0.0,0,0.0,0.0,True,Unknown,Unknown,0,Unknown,Unknown,"9, 48, 79, 169","Green, Red",Unknown,,,41.4,61.9,69.2,83.8,Inability to Rate,NOT APPLICABLE,2023-24,Charter,True,False,False,True,2004-09-01T00:00:00.000,Unknown,41.748382,-87.66898,60620.0,0,0,2023.0,82.27272727272728,21.363636363636363,0.9090909090909092,96.36363636363636,3.636363636363636,0.0,0.0,1
609720,LANE TECH HS,Albert G Lane Technical High School,HS,True,True,False,False,"7,8,9,10,11,12",12-Jul,4519,1647,413,122,305,1576,1645,468,19,0,1.0,171,27.0,307.0,False,Unknown,Unknown,True,Unknown,Unknown,"49, 52, 77, 152","Blue, Brown",Unknown,,,89.5,61.9,96.9,83.8,Inability to Rate,GOOD STANDING,2023-24,Network 14,True,False,True,True,2004-09-01T00:00:00.000,Unknown,41.946645,-87.691013,60618.0,0,0,2023.0,36.44611639743306,9.139190086302278,2.6997123257357822,6.749280814339456,34.874972339013055,36.40185881832264,10.356273511838902,0
400144,YCCS - WEST,YCCS-West HS,HS,True,False,False,False,"9,10,11,12",12-Sep,61,47,14,2,51,9,1,0,0,0,0.0,0,0.0,0.0,True,Unknown,Unknown,0,Unknown,Unknown,"70, 54","Blue, Green",Unknown,,,14.1,61.9,81.1,78.9,Inability to Rate,NOT APPLICABLE,2023-24,Options,False,False,False,False,2012-07-01T00:00:00.000,Unknown,41.90224,-87.74881,60651.0,0,0,2023.0,77.04918032786885,22.950819672131143,3.278688524590164,83.60655737704919,14.754098360655735,1.639344262295082,0.0,1
400169,NOBLE - ITW SPEER HS,Noble - ITW David Speer Academy,HS,True,False,False,False,"9,10,11,12",12-Sep,1091,966,154,353,115,954,13,4,3,0,0.0,1,0.0,1.0,True,Unknown,Unknown,0,Unknown,Unknown,Unknown,Green,Unknown,,,83.1,61.9,88.6,83.8,Inability to Rate,NOT APPLICABLE,2023-24,Charter,True,False,False,True,2014-07-01T00:00:00.000,Unknown,41.92563,-87.769808,60639.0,0,0,2023.0,88.54262144821264,14.115490375802016,32.35563703024748,10.540788267644364,87.44271310724106,1.1915673693858846,0.3666361136571952,0
400121,ACERO - DE LA CRUZ,Acero Charter Schools - Sor Juana Inés de la Cruz,ES,True,True,True,False,"K,1,2,3,4,5,6,7,8,9,10,11,12",K-12,501,415,91,208,243,227,12,5,3,0,0.0,11,0.0,0.0,True,Unknown,Unknown,0,Unknown,Unknown,Unknown,Red,Unknown,,,57.7,61.9,81.5,83.8,Inability to Rate,NOT APPLICABLE,2023-24,Charter,True,False,False,True,2012-07-01T00:00:00.000,Unknown,42.016476,-87.684406,60645.0,0,0,2023.0,82.83433133732535,18.163672654690615,41.51696606786427,48.50299401197605,45.30938123752495,2.395209580838324,0.998003992015968,1
609723,MARSHALL HS,John Marshall Metropolitan High School,HS,True,False,False,False,"9,10,11,12",12-Sep,168,141,52,2,159,8,0,0,0,0,0.0,1,0.0,0.0,True,Unknown,Unknown,0,Unknown,Unknown,"20, 52, 82, 126",Green,Unknown,,,38.6,61.9,63.2,83.8,Inability to Rate,INTENSIVE SUPPORT,2023-24,Network 15,True,False,False,True,2004-09-01T00:00:00.000,Unknown,41.878444,-87.70805,60624.0,0,0,2023.0,83.92857142857143,30.952380952380956,1.1904761904761905,94.64285714285714,4.761904761904762,0.0,0.0,1
400091,CHICAGO TECH HS,Chicago Technology Academy High School,HS,True,False,False,False,"9,10,11,12",12-Sep,392,361,85,22,335,50,3,0,0,0,0.0,3,1.0,0.0,True,Unknown,Unknown,0,Unknown,Unknown,"12, 60","Blue, Pink, Red",Unknown,,,31.1,61.9,94.7,83.8,Inability to Rate,PROVISIONAL SUPPORT,2023-24,Contract,True,False,False,True,2009-07-01T00:00:00.000,Unknown,41.863301,-87.659095,60608.0,0,0,2023.0,92.09183673469389,21.68367346938776,5.612244897959184,85.45918367346938,12.755102040816327,0.7653061224489796,0.0,1
610569,OMBUDSMAN - NORTHWEST HS,Ombudsman Chicago- Northwest,HS,True,False,False,False,"9,10,11,12",12-Sep,229,160,51,32,20,136,52,17,1,0,0.0,2,1.0,0.0,True,Unknown,Unknown,0,Unknown,Unknown,"290, 270, Pace",Blue,Unknown,,,23.0,61.9,23.5,83.8,Inability to Rate,NOT APPLICABLE,2023-24,Options,False,False,False,False,2013-07-01T00:00:00.000,Unknown,42.017171,-87.806682,60631.0,0,0,2023.0,69.86899563318777,22.270742358078603,13.973799126637552,8.73362445414847,59.388646288209614,22.707423580786028,7.423580786026202,1
400053,NOBLE - GOLDER HS,Noble - Golder College Prep,HS,True,False,False,False,"9,10,11,12",12-Sep,647,538,105,171,177,439,12,1,3,0,0.0,6,1.0,8.0,True,Unknown,Unknown,0,Unknown,Unknown,"9, 65, 66",Blue,Unknown,,,78.7,61.9,86.8,83.8,Inability to Rate,NOT APPLICABLE,2023-24,Charter,True,False,False,True,2004-09-01T00:00:00.000,Unknown,41.895282,-87.664483,60642.0,0,0,2023.0,83.15301391035548,16.228748068006183,26.42967542503864,27.35703245749614,67.85162287480681,1.854714064914992,0.1545595054095827,0
610385,MULTICULTURAL ARTS HS,Multicultural Arts High School,HS,True,False,False,False,"9,10,11,12",12-Sep,252,203,46,121,38,213,0,0,1,0,0.0,0,0.0,0.0,True,Unknown,Unknown,0,Unknown,Unknown,"53, 53A, 54B, 82",Unknown,Unknown,,,42.9,61.9,55.3,83.8,Inability to Rate,GOOD STANDING,2023-24,Network 15,True,False,False,True,2004-09-01T00:00:00.000,Unknown,41.835282,-87.735283,60623.0,0,0,2023.0,80.55555555555556,18.253968253968253,48.01587301587302,15.07936507936508,84.52380952380952,0.0,0.0,1
609715,KELLY HS,Thomas Kelly College Preparatory,HS,True,False,False,False,"9,10,11,12",12-Sep,1694,1539,302,719,47,1427,25,191,1,0,0.0,3,0.0,0.0,True,Unknown,Unknown,1,Unknown,Unknown,"39, 62, 94",Orange,Unknown,,,55.5,61.9,72.8,83.8,Inability to Rate,GOOD STANDING,2023-24,Network 16,True,False,False,True,2004-09-01T00:00:00.000,Unknown,41.818729,-87.694639,60632.0,1,0,2023.0,90.85005903187722,17.827626918536012,42.44391971664699,2.7744982290436835,84.23848878394334,1.475796930342385,11.27508854781582,1
609729,SCHURZ HS,Carl Schurz High School,HS,True,False,False,False,"9,10,11,12",12-Sep,1199,985,273,502,99,1001,53,21,12,0,0.0,11,1.0,1.0,True,Unknown,Unknown,1,Unknown,Unknown,"56, 152",Blue,Milwaukee District North (MD-N),,,55.7,61.9,79.9,83.8,Inability to Rate,INTENSIVE SUPPORT,2023-24,Network 14,True,False,False,True,2004-09-01T00:00:00.000,Unknown,41.946365,-87.735612,60641.0,0,0,2023.0,82.15179316096747,22.768974145120936,41.86822351959967,8.256880733944955,83.4862385321101,4.420350291909925,1.7514595496246872,1
400013,ASPIRA - EARLY COLLEGE HS,ASPIRA Charter School - Early College High School,HS,True,False,False,False,"9,10,11,12",12-Sep,257,206,48,134,8,245,3,1,0,0,0.0,0,0.0,0.0,True,Unknown,Unknown,0,Unknown,Unknown,"53, 77, 56",Blue,Unknown,,,30.5,61.9,74.5,83.8,Inability to Rate,NOT APPLICABLE,2023-24,Charter,True,False,False,True,2004-09-01T00:00:00.000,Unknown,41.937298,-87.727096,60618.0,0,0,2023.0,80.1556420233463,18.67704280155642,52.14007782101168,3.11284046692607,95.3307392996109,1.1673151750972763,0.3891050583657587,1
610513,AIR FORCE HS,Air Force Academy High School,HS,True,False,False,False,"9,10,11,12",12-Sep,119,94,23,27,68,45,3,0,0,0,0.0,2,1.0,0.0,True,Unknown,Unknown,0,Unknown,Unknown,"24, 35, 39, 44","Green,Red",Rock Island District (RI),,,50.0,61.9,82.0,83.8,Inability to Rate,GOOD STANDING,2023-24,Network 16,True,False,False,True,2009-07-01T00:00:00.000,Unknown,41.828145,-87.632757,60609.0,0,0,2023.0,78.99159663865547,19.327731092436977,22.689075630252105,57.14285714285714,37.81512605042017,2.5210084033613445,0.0,1
610389,ORR HS,Orr Academy High School,HS,True,False,False,False,"9,10,11,12",12-Sep,210,158,47,35,136,70,2,0,0,0,0.0,2,0.0,0.0,True,Unknown,Unknown,0,Unknown,Unknown,"53, 66",Unknown,Unknown,,,28.6,61.9,49.3,83.8,Inability to Rate,INTENSIVE SUPPORT,2023-24,Network 15,True,False,False,True,2008-07-01T00:00:00.000,Unknown,41.894449,-87.726166,60624.0,0,0,2023.0,75.23809523809524,22.380952380952383,16.666666666666664,64.76190476190476,33.33333333333333,0.9523809523809524,0.0,1
400167,HORIZON - SOUTHWEST,Horizon Science Academy Southwest Chicago Charter,ES,True,True,True,False,"K,1,2,3,4,5,6,7,8,9,10,11,12",K-12,764,625,88,226,198,550,15,0,0,0,0.0,1,0.0,0.0,True,Unknown,Unknown,0,Unknown,Unknown,Unknown,Unknown,Unknown,,,58.6,61.9,85.1,83.8,Inability to Rate,NOT APPLICABLE,2023-24,Charter,True,False,False,True,2014-07-01T00:00:00.000,Unknown,41.795201,-87.683963,60609.0,0,0,2023.0,81.80628272251309,11.518324607329845,29.581151832460733,25.916230366492147,71.98952879581152,1.963350785340314,0.0,1
400131,YCCS - CAMPOS,YCCS-Dr. Pedro Albizu Campos Puerto Rican HS,HS,True,False,False,False,"9,10,11,12",12-Sep,128,87,26,19,29,88,3,2,1,0,0.0,3,0.0,2.0,True,Unknown,Unknown,0,Unknown,Unknown,"52, 70",Blue,Unknown,,,14.5,61.9,81.1,78.9,Inability to Rate,NOT APPLICABLE,2023-24,Options,False,False,False,False,2012-07-01T00:00:00.000,Unknown,41.90285,-87.696006,60622.0,0,0,2023.0,67.96875,20.3125,14.84375,22.65625,68.75,2.34375,1.5625,1
609692,SIMEON HS,Neal F Simeon Career Academy High School,HS,True,False,False,False,"9,10,11,12",12-Sep,1077,932,163,6,1056,11,1,0,2,0,0.0,5,0.0,2.0,True,Unknown,Unknown,True,Unknown,Unknown,"24, 79",Red,Unknown,,,48.3,61.9,86.4,83.8,Inability to Rate,PROVISIONAL SUPPORT,2023-24,Network 17,True,False,False,True,2004-09-01T00:00:00.000,Unknown,41.745781,-87.63541,60620.0,0,0,2023.0,86.53667595171774,15.134633240482822,0.5571030640668524,98.050139275766,1.021355617455896,0.0928505106778087,0.0,1
400117,NOBLE - HANSBERRY HS,Noble - Hansberry College Prep,HS,True,False,False,False,"9,10,11,12",12-Sep,514,392,108,4,504,5,1,0,0,0,0.0,3,1.0,0.0,True,Unknown,Unknown,0,Unknown,Unknown,"87, 24, 4",Red,Rock Island District (RI),,,75.2,61.9,82.5,83.8,Inability to Rate,NOT APPLICABLE,2023-24,Charter,True,False,False,True,2012-07-01T00:00:00.000,Unknown,41.734442,-87.650987,60620.0,0,0,2023.0,76.26459143968872,21.011673151750973,0.7782101167315175,98.0544747081712,0.9727626459143968,0.1945525291828793,0.0,0
400161,CHICAGO COLLEGIATE,Chicago Collegiate Charter School,HS,True,True,True,False,"5,6,7,8,9,10,11,12",12-May,242,195,52,1,236,6,0,0,0,0,0.0,0,0.0,0.0,Unknown,Unknown,Unknown,0,Unknown,Unknown,28,Unknown,Metra Electric District (ME),,,59.75,67.2,81.1,78.9,Inability to Rate,NOT APPLICABLE,2023-24,Charter,True,False,False,True,2013-07-01T00:00:00.000,Unknown,41.679318,-87.617968,60628.0,0,0,2023.0,80.57851239669421,21.487603305785125,0.4132231404958678,97.5206611570248,2.479338842975207,0.0,0.0,1
609722,MANLEY HS,Manley Career Academy High School,HS,True,False,False,False,"9,10,11,12",12-Sep,79,60,25,0,76,3,0,0,0,0,0.0,0,0.0,0.0,True,Unknown,Unknown,0,Unknown,Unknown,"7, 12, 94",Blue,Unknown,,,23.5,61.9,53.6,83.8,Inability to Rate,INTENSIVE SUPPORT,2023-24,Network 15,True,False,False,True,2004-09-01T00:00:00.000,Unknown,41.870939,-87.699896,60612.0,0,0,2023.0,75.9493670886076,31.64556962025317,0.0,96.20253164556962,3.79746835443038,0.0,0.0,1
400094,EPIC HS,EPIC Academy Charter High School,HS,True,False,False,False,"9,10,11,12",12-Sep,266,240,56,57,146,109,3,0,0,0,0.0,0,0.0,8.0,True,Unknown,Unknown,0,Unknown,Unknown,"5, 26, 71",Unknown,Metra Electric District (ME),,,50.5,61.9,76.0,83.8,Inability to Rate,NOT APPLICABLE,2023-24,Charter,True,False,False,True,2009-07-01T00:00:00.000,Unknown,41.744849,-87.550222,60617.0,0,0,2023.0,90.22556390977444,21.052631578947366,21.428571428571427,54.88721804511278,40.97744360902256,1.1278195488721805,0.0,1
609760,CARVER MILITARY HS,George Washington Carver Military Academy HS,HS,True,False,False,False,"9,10,11,12",12-Sep,411,337,58,78,165,238,5,0,1,0,0.0,2,0.0,0.0,True,Unknown,Unknown,0,Unknown,Unknown,34,Red,Unknown,,,50.8,61.9,95.0,83.8,Inability to Rate,GOOD STANDING,2023-24,Network 17,True,False,False,True,2004-09-01T00:00:00.000,Unknown,41.65629,-87.59062,60827.0,0,0,2023.0,81.99513381995133,14.11192214111922,18.97810218978102,40.14598540145985,57.90754257907543,1.2165450121654502,0.0,1
400033,CICS - LONGWOOD,CICS - Longwood,HS,True,True,True,False,"3,4,5,6,7,8,9,10,11,12",12-Mar,1216,1020,203,7,1191,11,1,0,2,0,0.0,8,0.0,3.0,True,Unknown,Unknown,0,Unknown,Unknown,"9, 95W",Red,Rock Island District (RI),,,34.0,61.9,81.2,83.8,Inability to Rate,NOT APPLICABLE,2023-24,Charter,True,False,False,True,2004-09-01T00:00:00.000,Unknown,41.721221,-87.655768,60643.0,0,0,2023.0,83.88157894736842,16.69407894736842,0.575657894736842,97.94407894736842,0.9046052631578948,0.0822368421052631,0.0,1
609682,RICHARDS HS,Ellen H Richards Career Academy High School,HS,True,False,False,False,"9,10,11,12",12-Sep,277,216,51,113,93,166,1,0,2,0,0.0,0,0.0,15.0,True,Unknown,Unknown,0,Unknown,Unknown,"9, 51, 47","Green, Red",Unknown,,,40.0,61.9,63.5,83.8,Inability to Rate,INTENSIVE SUPPORT,2023-24,Network 16,True,False,False,True,2004-09-01T00:00:00.000,Unknown,41.802881,-87.662278,60609.0,0,0,2023.0,77.9783393501805,18.4115523465704,40.794223826714806,33.57400722021661,59.92779783393502,0.3610108303249097,0.0,1
610380,WILLIAMS HS,Daniel Hale Williams Prep School of Medicine,HS,True,False,False,False,"9,10,11,12",12-Sep,79,71,12,1,77,1,0,0,0,0,0.0,1,0.0,0.0,True,Unknown,Unknown,0,Unknown,Unknown,"1, 15, 29","Green, Red",Unknown,,,75.0,61.9,89.8,83.8,Inability to Rate,PROVISIONAL SUPPORT,2023-24,Network 17,True,False,False,True,2005-09-01T00:00:00.000,Unknown,41.806118,-87.62503,60615.0,0,0,2023.0,89.87341772151899,15.18987341772152,1.2658227848101269,97.46835443037976,1.2658227848101269,0.0,0.0,0
400034,CICS - NORTHTOWN HS,CICS - Northtown,HS,True,False,False,False,"9,10,11,12",12-Sep,837,636,180,293,56,508,122,130,4,0,0.0,7,9.0,1.0,True,Unknown,Unknown,0,Unknown,Unknown,"53, 84","Blue, Red",Unknown,,,63.5,61.9,91.8,83.8,Inability to Rate,NOT APPLICABLE,2023-24,Charter,True,False,False,True,2004-09-01T00:00:00.000,Unknown,41.990245,-87.726504,60659.0,0,0,2023.0,75.98566308243727,21.50537634408602,35.00597371565114,6.690561529271206,60.69295101553166,14.575866188769416,15.531660692951016,0
400115,CATALYST - MARIA,Catalyst - Maria Charter School,ES,True,True,True,False,"K,1,2,3,4,5,6,7,8,9,10,11,12",K-12,544,477,70,133,271,254,8,0,2,0,0.0,5,0.0,4.0,True,Unknown,Unknown,0,Unknown,Unknown,"52A, 67, 94",Unknown,Unknown,,,52.1,61.9,84.2,83.8,Inability to Rate,NOT APPLICABLE,2023-24,Charter,True,False,False,True,2012-07-01T00:00:00.000,Unknown,41.770992,-87.693075,60629.0,0,0,2023.0,87.68382352941177,12.867647058823527,24.448529411764707,49.81617647058824,46.69117647058824,1.4705882352941175,0.0,1
610524,ALCOTT HS,Louisa May Alcott College Preparatory HS,HS,True,False,False,False,"9,10,11,12",12-Sep,371,265,134,106,63,236,60,3,3,0,0.0,5,1.0,0.0,True,Unknown,Unknown,0,Unknown,Unknown,"49, 50, 76, 77","Blue, Red",Unknown,,,76.4,61.9,88.6,83.8,Inability to Rate,GOOD STANDING,2023-24,Network 15,True,False,False,True,2009-07-01T00:00:00.000,Unknown,41.935795,-87.680562,60618.0,0,0,2023.0,71.42857142857143,36.118598382749326,28.57142857142857,16.9811320754717,63.61185983827493,16.172506738544474,0.8086253369272237,0
609748,YORK HS,Consuella B York Alternative HS,HS,True,False,False,False,"9,10,11,12",12-Sep,166,111,62,5,134,29,2,0,1,0,0.0,0,0.0,0.0,True,Unknown,Unknown,0,Unknown,Unknown,Unknown,Unknown,Unknown,,,59.75,61.9,81.1,83.8,Inability to Rate,GOOD STANDING,2023-24,Options,False,False,False,False,2004-09-01T00:00:00.000,Unknown,41.842533,-87.695261,60608.0,0,0,2023.0,66.86746987951807,37.34939759036144,3.0120481927710845,80.72289156626506,17.46987951807229,1.2048192771084338,0.0,1
609780,MARINE LEADERSHIP AT AMES HS,Marine Leadership Academy at Ames,HS,True,True,False,False,"7,8,9,10,11,12",12-Jul,631,581,84,244,10,594,19,4,0,0,0.0,2,1.0,1.0,True,Unknown,Unknown,0,Unknown,Unknown,73,Unknown,Unknown,,,61.0,61.9,94.5,83.8,Inability to Rate,GOOD STANDING,2023-24,Network 14,True,False,True,True,2004-09-01T00:00:00.000,Unknown,41.916045,-87.721742,60647.0,0,0,2023.0,92.07606973058635,13.312202852614895,38.66877971473851,1.584786053882726,94.13629160063392,3.011093502377179,0.6339144215530903,0
609746,KENWOOD HS,Kenwood Academy High School,HS,True,True,False,False,"7,8,9,10,11,12",12-Jul,2285,1288,121,33,1926,123,116,27,3,0,0.0,54,2.0,34.0,True,Unknown,Unknown,1,Unknown,Unknown,"2, 6, 15, 28, X28",Blue,Metra Electric District (ME),,,67.0,61.9,96.9,83.8,Inability to Rate,GOOD STANDING,2023-24,Network 17,True,False,True,True,2004-09-01T00:00:00.000,Unknown,41.803772,-87.590421,60615.0,0,0,2023.0,56.367614879649885,5.295404814004376,1.4442013129102844,84.28884026258206,5.38293216630197,5.076586433260394,1.1816192560175056,0
400149,ACERO - SOTO HS,Acero Charter Schools - Victoria Soto,HS,True,False,False,False,"9,10,11,12",12-Sep,564,430,98,272,1,559,3,0,1,0,0.0,0,0.0,0.0,True,Unknown,Unknown,0,Unknown,Unknown,"52, 52A",Orange,Unknown,,,64.1,61.9,88.5,83.8,Inability to Rate,NOT APPLICABLE,2023-24,Charter,True,False,False,True,2013-07-01T00:00:00.000,Unknown,41.801762,-87.711025,60632.0,0,0,2023.0,76.24113475177306,17.375886524822697,48.226950354609926,0.1773049645390071,99.11347517730496,0.5319148936170213,0.0,0
610565,EXCEL ENGLEWOOD HS,Excel Academy of Englewood,HS,True,True,False,False,"8,9,10,11,12",12-Aug,205,152,31,4,194,9,0,0,1,0,0.0,1,0.0,0.0,True,Unknown,Unknown,0,Unknown,Unknown,"8, 74/5, 67",Unknown,Unknown,,,11.0,61.9,36.8,83.8,Inability to Rate,GOOD STANDING,2023-24,Options,False,False,False,False,2013-07-01T00:00:00.000,Unknown,41.763896,-87.649124,60621.0,0,0,2023.0,74.14634146341463,15.121951219512194,1.951219512195122,94.6341463414634,4.390243902439024,0.0,0.0,1
610340,CHICAGO ACADEMY HS,Chicago Academy High School,HS,True,False,False,False,"9,10,11,12",12-Sep,556,448,108,144,26,423,89,9,2,0,0.0,5,2.0,0.0,True,Unknown,Unknown,0,Unknown,Unknown,"85, 91, 152",Unknown,Unknown,,,64.4,61.9,93.9,83.8,Inability to Rate,GOOD STANDING,2023-24,Network 14,True,False,False,True,2004-09-01T00:00:00.000,Unknown,41.943054,-87.776847,60634.0,0,0,2023.0,80.57553956834532,19.42446043165468,25.899280575539567,4.676258992805756,76.07913669064749,16.007194244604317,1.618705035971223,0
400105,URBAN PREP - BRONZEVILLE HS,Urban Prep Academy for Young Men - Bronzeville,HS,True,False,False,False,"9,10,11,12",12-Sep,170,124,43,3,163,4,0,0,0,0,0.0,1,0.0,2.0,True,Unknown,Unknown,0,Unknown,Unknown,"1, 3, 4, 29, 35","Green, Red",Rock Island District (RI),,,54.0,61.9,78.9,83.8,Inability to Rate,NOT APPLICABLE,2023-24,Charter,True,False,False,True,2010-07-01T00:00:00.000,Unknown,41.831118,-87.613629,60616.0,0,0,2023.0,72.94117647058823,25.294117647058822,1.7647058823529411,95.88235294117648,2.3529411764705883,0.0,0.0,1
610334,RABY HS,Al Raby High School,HS,True,False,False,False,"9,10,11,12",12-Sep,150,136,79,13,131,16,2,0,1,0,0.0,0,0.0,0.0,True,Unknown,Unknown,1,Unknown,Unknown,82,Green,Union Pacific West (UP-W),,,55.8,61.9,73.8,83.8,Inability to Rate,INTENSIVE SUPPORT,2023-24,Network 15,True,False,False,True,2004-09-01T00:00:00.000,Unknown,41.88621,-87.715423,60624.0,0,0,2023.0,90.66666666666666,52.66666666666666,8.666666666666668,87.33333333333333,10.666666666666668,1.3333333333333337,0.0,1
400104,INSTITUTO - HEALTH,Instituto Health Sciences Career Academy,HS,True,False,False,False,"9,10,11,12",12-Sep,545,427,104,290,17,520,6,0,1,0,0.0,0,1.0,0.0,True,Unknown,Unknown,0,Unknown,Unknown,"49, 60","Blue,Pink,Orange",BNSF Railway (BNSF),,,29.3,61.9,88.6,83.8,Inability to Rate,NOT APPLICABLE,2023-24,Charter,True,False,False,True,2010-07-01T00:00:00.000,Unknown,41.845967,-87.68724,60608.0,0,0,2023.0,78.34862385321101,19.08256880733945,53.21100917431193,3.1192660550458715,95.41284403669724,1.1009174311926606,0.0,1
400054,NOBLE - PRITZKER HS,Noble - Pritzker College Prep,HS,True,False,False,False,"9,10,11,12",12-Sep,992,885,132,370,48,924,9,5,6,0,0.0,0,0.0,0.0,True,Unknown,Unknown,0,Unknown,Unknown,"53, 72, 73","Blue, Brown",Unknown,,,85.7,61.9,94.5,83.8,Inability to Rate,NOT APPLICABLE,2023-24,Charter,True,False,False,True,2004-09-01T00:00:00.000,Unknown,41.915214,-87.730127,60639.0,0,0,2023.0,89.21370967741935,13.306451612903224,37.29838709677419,4.838709677419355,93.14516129032258,0.9072580645161292,0.5040322580645161,0
609728,ROOSEVELT HS,Theodore Roosevelt High School,HS,True,False,False,False,"9,10,11,12",12-Sep,1074,852,181,642,74,840,49,88,3,0,0.0,8,1.0,11.0,True,Unknown,Unknown,1,Unknown,Unknown,"78, 81, 82",Brown,Unknown,,,57.4,61.9,78.0,83.8,Inability to Rate,GOOD STANDING,2023-24,Network 14,True,False,True,True,2004-09-01T00:00:00.000,Unknown,41.964828,-87.714819,60625.0,0,0,2023.0,79.3296089385475,16.85288640595903,59.77653631284916,6.890130353817504,78.2122905027933,4.562383612662942,8.193668528864059,1
400077,U OF C - WOODLAWN HS,University of Chicago - Woodlawn,HS,True,True,True,False,"6,7,8,9,10,11,12",12-Jun,599,447,86,5,585,9,0,0,1,0,0.0,2,0.0,2.0,True,Unknown,Unknown,0,Unknown,Unknown,"63, 6",Green,Metra Electric District (ME),,,68.3,61.9,86.3,83.8,Inability to Rate,NOT APPLICABLE,2023-24,Charter,True,False,False,True,2004-09-01T00:00:00.000,Unknown,41.77813,-87.598114,60637.0,0,0,2023.0,74.62437395659433,14.357262103505844,0.8347245409015025,97.66277128547578,1.5025041736227045,0.0,0.0,0
400052,NOBLE - COMER,Noble - Gary Comer College Prep,HS,True,True,True,False,"6,7,8,9,10,11,12",12-Jun,1034,881,160,9,1002,17,1,0,1,0,0.0,9,0.0,4.0,True,Unknown,Unknown,0,Unknown,Unknown,"4, 30, 71",Unknown,Unknown,,,73.1,61.9,89.7,83.8,Inability to Rate,NOT APPLICABLE,2023-24,Charter,True,False,False,True,2008-07-01T00:00:00.000,Unknown,41.764083,-87.601974,60619.0,0,0,2023.0,85.20309477756285,15.473887814313349,0.8704061895551257,96.90522243713733,1.6441005802707929,0.0967117988394584,0.0,0
400056,NOBLE - ROWE CLARK HS,Noble - Rowe-Clark Math and Science Academy,HS,True,False,False,False,"9,10,11,12",12-Sep,340,290,74,27,291,45,0,0,0,0,0.0,3,0.0,1.0,True,Unknown,Unknown,0,Unknown,Unknown,"53, 66, 82","Blue, Brown, Green",Unknown,,,53.4,61.9,79.1,83.8,Inability to Rate,NOT APPLICABLE,2023-24,Charter,True,False,False,True,2004-09-01T00:00:00.000,Unknown,41.895362,-87.718047,60651.0,0,0,2023.0,85.29411764705883,21.764705882352946,7.941176470588235,85.58823529411764,13.23529411764706,0.0,0.0,1
609783,JEFFERSON HS,Nancy B Jefferson Alternative HS,HS,True,True,True,False,"6,7,8,9,10,11,12",12-Jun,173,111,58,8,135,35,1,0,1,0,0.0,0,0.0,1.0,True,Unknown,Unknown,0,Unknown,Unknown,Unknown,Unknown,Unknown,,,59.75,67.2,1.3,83.8,Inability to Rate,GOOD STANDING,2023-24,Options,False,False,False,False,2004-09-01T00:00:00.000,Unknown,41.867832,-87.680418,60612.0,0,0,2023.0,64.16184971098265,33.52601156069364,4.624277456647398,78.03468208092485,20.23121387283237,0.5780346820809248,0.0,1
610557,PATHWAYS - ASHBURN HS,Pathways in Education- Ashburn,HS,True,False,False,False,"9,10,11,12",12-Sep,257,217,50,40,86,159,11,0,0,0,0.0,1,0.0,0.0,True,Unknown,Unknown,0,Unknown,Unknown,Unknown,Unknown,Unknown,,,27.7,61.9,81.1,78.9,Inability to Rate,NOT APPLICABLE,2023-24,Options,False,False,False,False,2011-07-01T00:00:00.000,Unknown,41.735239,-87.70406,60652.0,0,0,2023.0,84.43579766536965,19.45525291828794,15.56420233463035,33.46303501945525,61.86770428015564,4.280155642023346,0.0,1
610563,BACK OF THE YARDS HS,Back of the Yards IB HS,HS,True,False,False,False,"9,10,11,12",12-Sep,1000,925,89,361,15,959,9,13,3,0,0.0,0,0.0,1.0,True,Unknown,Unknown,0,Unknown,Unknown,"47, 48, 49",Orange,Unknown,,,79.7,61.9,96.7,83.8,Inability to Rate,GOOD STANDING,2023-24,ISP,True,False,False,True,2013-07-01T00:00:00.000,Unknown,41.808413,-87.677541,60609.0,0,0,2023.0,92.5,8.9,36.1,1.5,95.9,0.8999999999999999,1.3,0
610573,SAFE ACHIEVE HS,Safe Achieve Academy HS,HS,True,False,False,False,"9,10,11,12",12-Sep,32,30,2,1,21,9,1,0,0,0,0.0,1,0.0,0.0,Unknown,Unknown,Unknown,0,Unknown,Unknown,Unknown,Unknown,Unknown,,,59.75,67.2,81.1,78.9,Inability to Rate,NOT APPLICABLE,2023-24,Options,False,False,False,False,2013-07-01T00:00:00.000,Unknown,41.753115,-87.551804,60649.0,0,0,2023.0,93.75,6.25,3.125,65.625,28.125,3.125,0.0,1
610381,BRONZEVILLE HS,Bronzeville Scholastic Academy High School,HS,True,False,False,False,"9,10,11,12",12-Sep,103,95,28,1,95,6,1,0,0,0,0.0,0,1.0,0.0,True,Unknown,Unknown,1,Unknown,Unknown,"1, 29","Green, Red",Metra Electric District (ME),,,35.7,61.9,80.8,83.8,Inability to Rate,INTENSIVE SUPPORT,2023-24,Network 17,True,False,False,True,2004-09-01T00:00:00.000,Unknown,41.805204,-87.625004,60615.0,0,0,2023.0,92.23300970873788,27.184466019417474,0.9708737864077668,92.23300970873788,5.825242718446602,0.9708737864077668,0.0,1
400141,YCCS - TRUMAN,YCCS-Truman Middle College HS,HS,True,False,False,False,"9,10,11,12",12-Sep,168,103,23,34,37,92,14,15,2,0,0.0,3,1.0,4.0,Unknown,Unknown,Unknown,0,Unknown,Unknown,81,"Purple, Red",Unknown,,,33.3,61.9,81.1,78.9,Inability to Rate,NOT APPLICABLE,2023-24,Options,False,False,False,False,2012-07-01T00:00:00.000,Unknown,41.965295,-87.659239,60640.0,0,0,2023.0,61.30952380952381,13.690476190476192,20.23809523809524,22.02380952380952,54.761904761904766,8.333333333333332,8.928571428571429,1
400059,NLCP - COLLINS HS,North Lawndale College Prep - Collins,HS,True,False,False,False,"9,10,11,12",12-Sep,352,334,63,1,340,8,1,0,0,0,0.0,0,0.0,3.0,True,Unknown,Unknown,0,Unknown,Unknown,"12, 18, 52",Red,Unknown,,,58.7,61.9,70.1,83.8,Inability to Rate,NOT APPLICABLE,2023-24,Charter,True,False,False,True,2004-09-01T00:00:00.000,Unknown,41.864146,-87.700681,60623.0,0,0,2023.0,94.88636363636364,17.897727272727273,0.2840909090909091,96.5909090909091,2.272727272727273,0.2840909090909091,0.0,1
610304,PHOENIX MILITARY HS,Phoenix Military Academy High School,HS,True,False,False,False,"9,10,11,12",12-Sep,404,368,32,84,52,332,14,3,0,0,0.0,1,2.0,0.0,True,Unknown,Unknown,0,Unknown,Unknown,"20, 49, 126","Blue, Green",Unknown,,,59.6,61.9,91.9,83.8,Inability to Rate,GOOD STANDING,2023-24,ISP,True,False,False,True,2004-09-01T00:00:00.000,Unknown,41.879118,-87.68696,60612.0,0,0,2023.0,91.0891089108911,7.920792079207921,20.792079207920796,12.871287128712872,82.17821782178217,3.4653465346534658,0.7425742574257426,1
400157,NOBLE - BAKER HS,Noble - Baker College Prep,HS,True,False,False,False,"9,10,11,12",12-Sep,237,198,59,31,186,44,0,0,0,0,0.0,2,0.0,5.0,True,Unknown,Unknown,0,Unknown,Unknown,"30, 87, 95",Red,Metra Electric District (ME),,,81.8,61.9,72.0,83.8,Inability to Rate,NOT APPLICABLE,2023-24,Charter,True,False,False,True,2013-07-01T00:00:00.000,Unknown,41.734622,-87.556201,60617.0,0,0,2023.0,83.54430379746836,24.89451476793249,13.080168776371307,78.48101265822784,18.565400843881857,0.0,0.0,1
610386,PEACE AND EDUCATION HS,Peace & Education Coalition HS,HS,True,False,False,False,"10,11,12",12-Oct,135,104,21,54,29,102,1,0,0,0,0.0,1,0.0,2.0,True,Unknown,Unknown,0,Unknown,Unknown,Unknown,Unknown,Unknown,,,21.6,61.9,81.1,78.9,Inability to Rate,GOOD STANDING,2023-24,Options,False,False,False,False,2004-09-01T00:00:00.000,Unknown,41.803515,-87.667378,60609.0,0,0,2023.0,77.03703703703704,15.555555555555555,40.0,21.48148148148148,75.55555555555556,0.7407407407407408,0.0,1
609769,GRAHAM HS,Ray Graham Training Center High School,HS,True,False,False,False,"9,10,11,12",12-Sep,255,226,255,100,93,136,9,11,3,0,0.0,2,1.0,0.0,True,Unknown,Unknown,0,Unknown,Unknown,Unknown,"Green, Red",Unknown,,,59.75,67.2,81.1,78.9,Inability to Rate,GOOD STANDING,2023-24,Network 14,False,False,False,False,2004-09-01T00:00:00.000,Unknown,41.849675,-87.625315,60616.0,0,1,2023.0,88.62745098039215,100.0,39.21568627450981,36.47058823529412,53.333333333333336,3.5294117647058822,4.313725490196078,1
610244,CLARK HS,Michele Clark Academic Prep Magnet High School,HS,True,False,False,False,"9,10,11,12",12-Sep,391,325,85,7,380,8,1,0,0,0,0.0,2,0.0,0.0,True,Unknown,Unknown,1,Unknown,Unknown,"7, 57, 126","Blue,Green",Unknown,,,38.0,61.9,82.9,83.8,Inability to Rate,PROVISIONAL SUPPORT,2023-24,ISP,True,False,False,True,2004-09-01T00:00:00.000,Unknown,41.872885,-87.753325,60644.0,0,0,2023.0,83.12020460358056,21.73913043478261,1.7902813299232736,97.18670076726342,2.0460358056265986,0.2557544757033248,0.0,1
400162,INTRINSIC HS,Intrinsic Charter School,HS,True,True,False,False,"7,8,9,10,11,12",12-Jul,941,812,165,289,30,880,26,3,0,0,0.0,2,0.0,0.0,True,Unknown,Unknown,0,Unknown,Unknown,77,Blue,Milwaukee District North (MD-N),,,70.6,61.9,93.2,83.8,Inability to Rate,NOT APPLICABLE,2023-24,Charter,True,False,False,True,2013-07-01T00:00:00.000,Unknown,41.938988,-87.741129,60641.0,0,0,2023.0,86.29117959617429,17.534537725823593,30.71200850159405,3.1880977683315623,93.51753453772582,2.763018065887354,0.3188097768331562,0
400133,YCCS - INNOVATIONS,YCCS- Innovations HS of Arts Integration,HS,True,False,False,False,"9,10,11,12",12-Sep,426,357,97,10,380,40,5,0,0,0,0.0,0,0.0,1.0,True,Unknown,Unknown,0,Unknown,Unknown,"20, 29","Green, Orange, Red",Unknown,,,20.1,61.9,81.1,78.9,Inability to Rate,NOT APPLICABLE,2023-24,Options,False,False,False,False,2012-07-01T00:00:00.000,Unknown,41.883047,-87.627734,60602.0,0,0,2023.0,83.80281690140845,22.769953051643192,2.3474178403755865,89.2018779342723,9.389671361502346,1.1737089201877933,0.0,1
609691,NORTH-GRAND HS,North-Grand High School,HS,True,False,False,False,"9,10,11,12",12-Sep,1045,927,179,371,193,825,11,3,6,0,0.0,4,3.0,0.0,True,Unknown,Unknown,True,Unknown,Unknown,"65, 72",Unknown,Unknown,,,55.8,61.9,86.0,83.8,Inability to Rate,GOOD STANDING,2023-24,Network 15,True,False,False,True,2004-09-01T00:00:00.000,Unknown,41.911674,-87.735238,60639.0,0,0,2023.0,88.70813397129187,17.129186602870814,35.50239234449761,18.4688995215311,78.94736842105263,1.0526315789473684,0.2870813397129186,1
609739,WASHINGTON HS,George Washington High School,HS,True,False,False,False,"9,10,11,12",12-Sep,1481,1223,265,388,113,1302,49,0,7,0,0.0,8,2.0,0.0,True,Unknown,Unknown,1,Unknown,Unknown,30,Unknown,Unknown,,,58.7,61.9,81.0,83.8,Inability to Rate,GOOD STANDING,2023-24,Network 17,True,False,False,True,2004-09-01T00:00:00.000,Unknown,41.688137,-87.53757,60617.0,0,0,2023.0,82.57933828494261,17.89331532748143,26.198514517218097,7.629979743416611,87.91357191087104,3.308575286968265,0.0,1
610561,CRANE MEDICAL HS,Richard T Crane Medical Preparatory HS,HS,True,False,False,False,"9,10,11,12",12-Sep,266,240,27,4,235,27,2,0,0,0,0.0,1,1.0,0.0,True,Unknown,Unknown,0,Unknown,Unknown,"9, 49, 50, 126",Blue,Unknown,,,75.5,61.9,86.1,83.8,Inability to Rate,GOOD STANDING,2023-24,Network 15,True,False,False,True,2013-07-01T00:00:00.000,Unknown,41.876947,-87.683301,60612.0,0,0,2023.0,90.22556390977444,10.150375939849624,1.5037593984962403,88.34586466165413,10.150375939849624,0.7518796992481203,0.0,0
400064,PERSPECTIVES - JOSLIN HS,Perspectives - Rodney D. Joslin,HS,True,True,True,False,"6,7,8,9,10,11,12",12-Jun,327,267,69,4,311,8,2,3,1,0,0.0,2,0.0,0.0,True,Unknown,Unknown,0,Unknown,Unknown,"21, 24, 29, 62","Green, Red",Unknown,,,56.6,61.9,82.5,83.8,Inability to Rate,NOT APPLICABLE,2023-24,Charter,True,False,False,True,2004-09-01T00:00:00.000,Unknown,41.855999,-87.628531,60616.0,0,0,2023.0,81.65137614678899,21.100917431192663,1.2232415902140672,95.10703363914374,2.4464831804281344,0.6116207951070336,0.9174311926605504,1
400135,YCCS - LATINO YOUTH,YCCS-Latino Youth Alternative HS,HS,True,False,False,False,"9,10,11,12",12-Sep,155,113,31,50,8,144,2,0,1,0,0.0,0,0.0,0.0,True,Unknown,Unknown,0,Unknown,Unknown,"94, 21",Pink,Unknown,,,19.2,61.9,81.1,78.9,Inability to Rate,NOT APPLICABLE,2023-24,Options,False,False,False,False,2012-07-01T00:00:00.000,Unknown,41.854665,-87.69543,60608.0,0,0,2023.0,72.90322580645162,20.0,32.25806451612903,5.161290322580645,92.90322580645162,1.2903225806451613,0.0,1
400164,INSTITUTO - JUSTICE HS,Instituto - Justice and Leadership,HS,True,False,False,False,"9,10,11,12",12-Sep,42,33,5,13,1,39,1,0,1,0,0.0,0,0.0,0.0,True,Unknown,Unknown,0,Unknown,Unknown,"349, 60","Blue,Pink,Orange,Red",BNSF Railway (BNSF),,,11.8,61.9,81.1,78.9,Inability to Rate,NOT APPLICABLE,2023-24,Options,False,False,False,False,2013-07-01T00:00:00.000,Unknown,41.845957,-87.685903,60608.0,0,0,2023.0,78.57142857142857,11.904761904761903,30.952380952380956,2.380952380952381,92.85714285714286,2.380952380952381,0.0,1
400062,PERSPECTIVES - TECH HS,Perspectives - High School of Technology,HS,True,False,False,False,"9,10,11,12",12-Sep,404,343,58,4,392,9,0,1,0,0,0.0,1,0.0,1.0,True,Unknown,Unknown,0,Unknown,Unknown,"44, 75",Red,Unknown,,,46.4,61.9,78.9,83.8,Inability to Rate,NOT APPLICABLE,2023-24,Charter,True,False,False,True,2004-09-01T00:00:00.000,Unknown,41.745949,-87.650657,60620.0,0,0,2023.0,84.9009900990099,14.356435643564357,0.99009900990099,97.02970297029702,2.2277227722772275,0.0,0.2475247524752475,1
610392,WORLD LANGUAGE HS,World Language Academy High School,HS,True,False,False,False,"9,10,11,12",12-Sep,327,282,82,159,8,316,1,0,0,0,0.0,0,0.0,2.0,True,Unknown,Unknown,0,Unknown,Unknown,"53, 53A, 82",Pink,BNSF Railway (BNSF),,,79.1,61.9,86.3,83.8,Inability to Rate,GOOD STANDING,2023-24,Network 15,True,False,False,True,2005-09-01T00:00:00.000,Unknown,41.834397,-87.735292,60623.0,0,0,2023.0,86.23853211009175,25.07645259938837,48.62385321100918,2.4464831804281344,96.63608562691132,0.3058103975535168,0.0,0
610594,PATHWAYS - HUMBOLDT PARK HS,Pathways in Education - Humboldt Park,HS,True,False,False,False,"9,10,11,12",12-Sep,153,121,31,24,47,98,5,1,1,0,0.0,1,0.0,0.0,Unknown,Unknown,Unknown,0,Unknown,Unknown,Unknown,Unknown,Unknown,,,10.0,61.9,81.1,78.9,Inability to Rate,GOOD STANDING,2023-24,Options,False,False,False,False,2019-08-01T00:00:00.000,Unknown,41.902841,-87.687946,60622.0,0,0,2023.0,79.08496732026144,20.26143790849673,15.68627450980392,30.71895424836601,64.05228758169935,3.2679738562091507,0.6535947712418301,1
609762,JULIAN HS,Percy L Julian High School,HS,True,False,False,False,"9,10,11,12",12-Sep,466,368,125,3,442,11,1,0,4,0,0.0,2,2.0,4.0,True,Unknown,Unknown,0,Unknown,Unknown,"8A, 9, 103, 108, 112",Unknown,Rock Island District (RI),,,42.6,61.9,80.7,83.8,Inability to Rate,INTENSIVE SUPPORT,2023-24,Network 16,True,False,False,True,2004-09-01T00:00:00.000,Unknown,41.705859,-87.653749,60643.0,1,0,2023.0,78.96995708154506,26.824034334763947,0.6437768240343348,94.84978540772532,2.360515021459228,0.2145922746781116,0.0,1
400057,NOBLE - UIC HS,Noble - UIC College Prep,HS,True,False,False,False,"9,10,11,12",12-Sep,935,806,125,135,390,476,15,45,1,0,0.0,3,2.0,3.0,True,Unknown,Unknown,0,Unknown,Unknown,"50, 12","Blue, Pink",Unknown,,,84.4,61.9,93.0,83.8,Inability to Rate,NOT APPLICABLE,2023-24,Charter,True,False,False,True,2008-07-01T00:00:00.000,Unknown,41.865817,-87.676111,60608.0,0,0,2023.0,86.20320855614973,13.368983957219251,14.43850267379679,41.711229946524064,50.90909090909091,1.6042780748663104,4.81283422459893,0
610570,OMBUDSMAN - SOUTH HS,Ombudsman Chicago - South,HS,True,False,False,False,"9,10,11,12",12-Sep,205,170,33,32,103,98,1,0,2,0,0.0,1,0.0,0.0,True,Unknown,Unknown,0,Unknown,Unknown,"49, 49X","Green, Orange",Unknown,,,12.2,61.9,13.5,83.8,Inability to Rate,NOT APPLICABLE,2023-24,Options,False,False,False,False,2013-07-01T00:00:00.000,Unknown,41.783027,-87.683635,60636.0,0,0,2023.0,82.92682926829268,16.097560975609756,15.609756097560975,50.24390243902439,47.80487804878049,0.4878048780487805,0.0,1
400179,NOBLE - MANSUETO HS,Noble Mansueto High School,HS,True,False,False,False,"9,10,11,12",12-Sep,1068,958,135,414,12,1044,3,2,5,0,0.0,0,1.0,1.0,True,Unknown,Unknown,0,Unknown,Unknown,"47, 52, 53A, 62, 94",Orange,Unknown,,,81.3,61.9,89.9,83.8,Inability to Rate,NOT APPLICABLE,2023-24,Charter,True,False,False,True,2016-07-01T00:00:00.000,Unknown,41.800136,-87.728003,60632.0,0,0,2023.0,89.70037453183521,12.640449438202248,38.764044943820224,1.1235955056179776,97.75280898876404,0.2808988764044944,0.1872659176029962,0
400136,YCCS - OLIVE HARVEY,YCCS-Olive Harvey Middle College HS,HS,True,False,False,False,"9,10,11,12",12-Sep,126,88,14,6,102,22,1,0,0,0,0.0,0,0.0,1.0,True,Unknown,Unknown,0,Unknown,Unknown,"28, 6",Red,Unknown,,,18.2,61.9,81.1,78.9,Inability to Rate,NOT APPLICABLE,2023-24,Options,False,False,False,False,2012-07-01T00:00:00.000,Unknown,41.712922,-87.592333,60628.0,0,0,2023.0,69.84126984126983,11.11111111111111,4.761904761904762,80.95238095238095,17.46031746031746,0.7936507936507936,0.0,1
609732,STEINMETZ HS,Charles P Steinmetz College Preparatory HS,HS,True,False,False,False,"9,10,11,12",12-Sep,1150,938,190,446,182,870,82,6,5,0,0.0,2,3.0,0.0,True,Unknown,Unknown,0,Unknown,Unknown,"76, 77, 86",Unknown,Unknown,,,53.0,61.9,79.5,83.8,Inability to Rate,PROVISIONAL SUPPORT,2023-24,Network 14,True,False,False,True,2004-09-01T00:00:00.000,Unknown,41.935634,-87.783515,60634.0,0,0,2023.0,81.56521739130434,16.52173913043478,38.78260869565218,15.82608695652174,75.65217391304347,7.130434782608695,0.5217391304347827,1
400139,YCCS - SULLIVAN,YCCS-Sullivan House Alternative HS,HS,True,False,False,False,"9,10,11,12",12-Sep,320,262,61,3,287,29,0,0,0,0,0.0,4,0.0,0.0,True,Unknown,Unknown,0,Unknown,Unknown,"30, 14, 28, 15",Unknown,Unknown,,,8.7,61.9,81.1,78.9,Inability to Rate,NOT APPLICABLE,2023-24,Options,False,False,False,False,2012-07-01T00:00:00.000,Unknown,41.746287,-87.578492,60617.0,0,0,2023.0,81.875,19.0625,0.9375,89.6875,9.0625,0.0,0.0,1
400055,NOBLE - RAUNER HS,Noble - Rauner College Prep,HS,True,False,False,False,"9,10,11,12",12-Sep,599,446,83,130,145,426,14,1,3,0,0.0,6,0.0,4.0,True,Unknown,Unknown,0,Unknown,Unknown,"9, 65, 66",Blue,Unknown,,,79.6,61.9,86.7,83.8,Inability to Rate,NOT APPLICABLE,2023-24,Charter,True,False,False,True,2004-09-01T00:00:00.000,Unknown,41.892425,-87.660859,60642.0,0,0,2023.0,74.45742904841403,13.85642737896494,21.702838063439064,24.207011686143574,71.11853088480802,2.337228714524207,0.1669449081803005,0
610391,LINDBLOM HS,Robert Lindblom Math & Science Academy HS,HS,True,True,False,False,"7,8,9,10,11,12",12-Jul,1340,686,85,31,918,364,33,6,2,0,0.0,13,1.0,3.0,True,Unknown,Unknown,True,Unknown,Unknown,"9, 48, 63",Green,Unknown,,,84.5,61.9,93.0,83.8,Inability to Rate,GOOD STANDING,2023-24,Network 16,True,False,True,True,2004-09-01T00:00:00.000,Unknown,41.782041,-87.671662,60636.0,0,0,2023.0,51.19402985074627,6.343283582089552,2.3134328358208958,68.50746268656717,27.164179104477608,2.4626865671641798,0.4477611940298507,0
609761,CORLISS HS,George H Corliss High School,HS,True,False,False,False,"9,10,11,12",12-Sep,273,222,73,8,254,17,0,0,0,0,0.0,2,0.0,0.0,True,Unknown,Unknown,1,Unknown,Unknown,"34, 106, 111, 4",Red,Metra Electric District (ME),,,45.1,61.9,62.3,83.8,Inability to Rate,INTENSIVE SUPPORT,2023-24,Network 17,True,False,False,True,2004-09-01T00:00:00.000,Unknown,41.70666,-87.601216,60628.0,0,0,2023.0,81.31868131868131,26.73992673992674,2.93040293040293,93.04029304029304,6.227106227106227,0.0,0.0,1
610383,SOCIAL JUSTICE HS,Greater Lawndale High School For Social Justice,HS,True,False,False,False,"9,10,11,12",12-Sep,294,263,44,109,56,235,2,1,0,0,0.0,0,0.0,0.0,True,Unknown,Unknown,0,Unknown,Unknown,"53, 53A, 54B",Unknown,Unknown,,,49.1,61.9,85.5,83.8,Inability to Rate,GOOD STANDING,2023-24,Network 15,True,False,False,True,2004-09-01T00:00:00.000,Unknown,41.833507,-87.735299,60623.0,0,0,2023.0,89.45578231292517,14.965986394557824,37.07482993197279,19.047619047619047,79.93197278911565,0.6802721088435374,0.3401360544217687,1
609741,HUBBARD HS,Gurdon S Hubbard High School,HS,True,False,False,False,"9,10,11,12",12-Sep,1666,1504,224,509,63,1569,24,0,6,0,0.0,3,0.0,1.0,True,Unknown,Unknown,0,Unknown,Unknown,"53A, 63, 59",Orange,Unknown,,,60.0,61.9,80.9,83.8,Inability to Rate,GOOD STANDING,2023-24,Network 16,True,False,False,True,2004-09-01T00:00:00.000,Unknown,41.780526,-87.718014,60629.0,1,0,2023.0,90.27611044417768,13.445378151260504,30.552220888355343,3.7815126050420167,94.17767106842736,1.440576230492197,0.0,0
400127,YCCS - AUSTIN CAREER,YCCS-Austin Career Education Center HS,HS,True,False,False,False,"9,10,11,12",12-Sep,0,0,0,0,0,0,0,0,0,0,0.0,0,0.0,0.0,True,Unknown,Unknown,0,Unknown,Unknown,"57, 66","Green, Red",Unknown,,,6.7,61.9,81.1,78.9,Inability to Rate,NOT APPLICABLE,2023-24,Options,False,False,False,False,2012-07-01T00:00:00.000,2022-07-01T00:00:00.000,41.894976,-87.760221,60651.0,0,0,2023.0,0.0,0.0,0.0,0.0,0.0,0.0,0.0,1
610384,INFINITY HS,Infinity Math Science and Technology High School,HS,True,False,False,False,"9,10,11,12",12-Sep,420,393,59,126,17,395,6,1,0,0,0.0,0,1.0,0.0,True,Unknown,Unknown,0,Unknown,Unknown,"53, 53A, 54, 82",Unknown,Unknown,,,56.3,61.9,92.9,83.8,Inability to Rate,GOOD STANDING,2023-24,Network 15,True,False,False,True,2004-09-01T00:00:00.000,Unknown,41.836169,-87.735278,60623.0,0,0,2023.0,93.57142857142856,14.047619047619047,30.0,4.047619047619048,94.04761904761904,1.4285714285714286,0.2380952380952381,1
609695,AMUNDSEN HS,Roald Amundsen High School,HS,True,False,False,False,"9,10,11,12",12-Sep,1501,631,241,180,106,593,625,99,5,0,0.0,68,5.0,0.0,True,Unknown,Unknown,1,Unknown,Unknown,"50, 92",Brown,Unknown,,,68.0,61.9,86.6,83.8,Inability to Rate,GOOD STANDING,2023-24,Network 14,True,False,False,True,2004-09-01T00:00:00.000,Unknown,41.975067,-87.679484,60625.0,0,0,2023.0,42.03864090606263,16.055962691538976,11.992005329780149,7.061958694203864,39.50699533644237,41.63890739506995,6.595602931379081,0
400022,CHIARTS HS,Chicago High School for the Arts (ChiArts),HS,True,False,False,False,"9,10,11,12",12-Sep,601,325,64,37,213,243,117,10,3,0,0.0,14,1.0,0.0,False,Unknown,Unknown,0,Unknown,Unknown,"66, 70, 52, 49","Blue, Red",Union Pacific North (UP-N),,,73.4,61.9,86.3,83.8,Inability to Rate,GOOD STANDING,2023-24,Contract,True,False,False,True,2009-07-01T00:00:00.000,Unknown,41.899377,-87.694945,60622.0,0,0,2023.0,54.0765391014975,10.64891846921797,6.156405990016639,35.44093178036606,40.432612312811976,19.467554076539106,1.6638935108153077,0
609724,MATHER HS,Stephen T Mather High School,HS,True,False,False,False,"9,10,11,12",12-Sep,1679,1260,279,699,237,850,206,345,5,0,0.0,21,5.0,10.0,True,Unknown,Unknown,0,Unknown,Unknown,"11, 84, 93","Brown, Red",Unknown,,,72.5,61.9,83.8,83.8,Inability to Rate,GOOD STANDING,2023-24,Network 14,True,False,False,True,2004-09-01T00:00:00.000,Unknown,41.987589,-87.702496,60659.0,0,0,2023.0,75.04466944609887,16.617033948779035,41.63192376414532,14.115544967242403,50.62537224538416,12.269207861822514,20.54794520547945,0
609754,CHICAGO MILITARY HS,Chicago Military Academy High School,HS,True,False,False,False,"9,10,11,12",12-Sep,213,174,28,29,133,73,3,0,3,0,0.0,0,0.0,1.0,True,Unknown,Unknown,0,Unknown,Unknown,"1, 3, 4, 35","Green, Red",Rock Island District (RI),,,50.6,61.9,89.2,83.8,Inability to Rate,GOOD STANDING,2023-24,Network 17,True,False,False,True,2004-09-01T00:00:00.000,Unknown,41.830555,-87.619216,60653.0,0,0,2023.0,81.69014084507043,13.145539906103288,13.615023474178404,62.441314553990615,34.27230046948357,1.4084507042253522,0.0,1
609726,BROOKS HS,Gwendolyn Brooks College Preparatory Academy HS,HS,True,True,False,False,"7,8,9,10,11,12",12-Jul,971,575,78,5,764,182,13,3,1,0,0.0,7,1.0,0.0,True,Unknown,Unknown,True,Unknown,Unknown,34111119,Orange,Metra Electric District (ME),,,80.4,61.9,89.6,83.8,Inability to Rate,GOOD STANDING,2023-24,ISP,True,False,True,True,2004-09-01T00:00:00.000,Unknown,41.692763,-87.616353,60628.0,0,0,2023.0,59.2173017507724,8.032955715756952,0.5149330587023687,78.68177136972193,18.74356333676622,1.3388259526261586,0.3089598352214212,0
400147,CHICAGO EXCEL HS,Chicago Excel Academy HS,HS,True,False,False,False,"9,10,11,12",12-Sep,223,157,24,1,211,7,0,0,1,0,0.0,0,0.0,4.0,True,Unknown,Unknown,0,Unknown,Unknown,111,Unknown,Unknown,,,16.4,61.9,33.3,83.8,Inability to Rate,GOOD STANDING,2023-24,Options,False,False,False,False,2012-07-01T00:00:00.000,Unknown,41.691953,-87.654248,60643.0,0,0,2023.0,70.4035874439462,10.762331838565023,0.4484304932735426,94.61883408071748,3.1390134529147984,0.0,0.0,1
400066,PERSPECTIVES - MATH & SCI HS,Perspectives - Math and Science Academy,HS,True,True,True,False,"6,7,8,9,10,11,12",12-Jun,337,288,37,0,327,5,3,0,1,0,0.0,0,0.0,1.0,True,Unknown,Unknown,0,Unknown,Unknown,"1, 29, 35",Green,Unknown,,,55.7,61.9,78.0,83.8,Inability to Rate,NOT APPLICABLE,2023-24,Charter,True,False,False,True,2008-07-01T00:00:00.000,Unknown,41.827784,-87.624788,60653.0,0,0,2023.0,85.45994065281899,10.979228486646884,0.0,97.03264094955487,1.483679525222552,0.8902077151335311,0.0,1
609735,TILDEN HS,Edward Tilden Career Community Academy HS,HS,True,False,False,False,"9,10,11,12",12-Sep,221,169,70,66,87,98,23,4,0,0,0.0,2,1.0,6.0,True,Unknown,Unknown,1,Unknown,Unknown,"8, 44, 47",Red,Unknown,,,40.5,61.9,59.3,83.8,Inability to Rate,INTENSIVE SUPPORT,2023-24,Network 16,True,False,False,True,2004-09-01T00:00:00.000,Unknown,41.80751,-87.642966,60609.0,0,0,2023.0,76.47058823529412,31.674208144796378,29.86425339366516,39.36651583710408,44.34389140271493,10.407239819004523,1.809954751131222,1
400175,EXCEL SOUTH SHORE HS,Excel Academy of South Shore,HS,True,False,False,False,"9,10,11,12",12-Sep,156,106,24,4,134,20,2,0,0,0,0.0,0,0.0,0.0,True,Unknown,Unknown,0,Unknown,Unknown,"6, 26, 71, 75","Green,Red",Unknown,,,8.7,61.9,41.2,83.8,Inability to Rate,PROVISIONAL SUPPORT,2023-24,Options,False,False,False,False,2014-07-01T00:00:00.000,Unknown,41.759749,-87.556487,60649.0,0,0,2023.0,67.94871794871796,15.384615384615383,2.564102564102564,85.8974358974359,12.82051282051282,1.282051282051282,0.0,1
609727,PHILLIPS HS,Wendell Phillips Academy High School,HS,True,False,False,False,"9,10,11,12",12-Sep,381,329,77,3,363,11,0,2,0,0,0.0,1,1.0,3.0,True,Unknown,Unknown,0,Unknown,Unknown,"1, 3, 39","Green,Red",Unknown,,,57.8,61.9,74.9,83.8,Inability to Rate,INTENSIVE SUPPORT,2023-24,Network 17,True,False,False,True,2004-09-01T00:00:00.000,Unknown,41.82388,-87.619796,60653.0,0,0,2023.0,86.3517060367454,20.20997375328084,0.7874015748031495,95.2755905511811,2.8871391076115485,0.0,0.5249343832020997,1
610499,COLLINS HS,Collins Academy High School,HS,True,False,False,False,"9,10,11,12",12-Sep,216,208,50,0,206,8,2,0,0,0,0.0,0,0.0,0.0,True,Unknown,Unknown,0,Unknown,Unknown,"12, 18, 52",Unknown,Unknown,,,63.4,61.9,60.7,83.8,Inability to Rate,INTENSIVE SUPPORT,2023-24,Network 15,True,False,False,True,2007-07-01T00:00:00.000,Unknown,41.864149,-87.702042,60623.0,0,0,2023.0,96.29629629629628,23.14814814814815,0.0,95.37037037037037,3.7037037037037033,0.9259259259259258,0.0,1
400097,NOBLE - BULLS HS,Noble - Chicago Bulls College Prep,HS,True,False,False,False,"9,10,11,12",12-Sep,1155,993,209,157,575,553,12,1,4,0,0.0,5,0.0,5.0,True,Unknown,Unknown,0,Unknown,Unknown,"20, 50, 126",Blue,Unknown,,,82.6,61.9,93.8,83.8,Inability to Rate,NOT APPLICABLE,2023-24,Charter,True,False,False,True,2009-07-01T00:00:00.000,Unknown,41.878809,-87.678195,60612.0,0,0,2023.0,85.97402597402596,18.09523809523809,13.593073593073592,49.78354978354979,47.87878787878788,1.0389610389610389,0.0865800865800865,0
400134,YCCS - ADDAMS,YCCS-Jane Addams Alternative HS,HS,True,False,False,False,"9,10,11,12",12-Sep,0,0,0,0,0,0,0,0,0,0,0.0,0,0.0,0.0,True,Unknown,Unknown,0,Unknown,Unknown,"18, 8, 21",Orange,Unknown,,,18.4,61.9,81.1,78.9,Inability to Rate,NOT APPLICABLE,2023-24,Options,False,False,False,False,2012-07-01T00:00:00.000,2022-07-01T00:00:00.000,41.857208,-87.644888,60616.0,0,0,2023.0,0.0,0.0,0.0,0.0,0.0,0.0,0.0,1
610600,New Bronzeville & Englewood HS,New Bronzeville & Englewood HS,HS,True,False,False,False,"9,10,11,12",9-12,3,0,1,0,3,0,0,0,0,0,0.0,0,0.0,0.0,Unknown,Unknown,Unknown,False,Unknown,Unknown,Unknown,Unknown,Unknown,,,59.75,67.2,81.1,78.9,Unknown,Unknown,2024-25,Network 16,True,False,False,True,2023-07-01T00:00:00.000,2023-07-02T00:00:00.000,41.809179,-87.730473,60621.0,False,False,2024.0,0.0,33.33333333333333,0.0,100.0,0.0,0.0,0.0,1
400052,NOBLE - COMER,Noble - Gary Comer College Prep,HS,True,True,True,False,"6,7,8,9,10,11,12",6-12,985,815,163,14,961,20,0,0,1,0,0.0,3,0.0,0.0,True,Unknown,Unknown,False,Unknown,Unknown,"4, 30, 71",Unknown,Unknown,,,62.8,65.2,82.7,85.6,Inability to Rate,Not Applicable,2024-25,Charter,True,False,False,True,2008-07-01T00:00:00.000,Unknown,41.764083,-87.601974,60619.0,False,False,2024.0,82.74111675126903,16.548223350253807,1.4213197969543148,97.56345177664974,2.030456852791878,0.0,0.0,0
400057,NOBLE - UIC HS,Noble - UIC College Prep,HS,True,False,False,False,"9,10,11,12",9-12,918,762,119,150,424,419,14,50,2,0,0.0,7,2.0,0.0,True,Unknown,Unknown,False,Unknown,Unknown,"50, 12","Blue,Pink",Unknown,,,72.6,65.2,92.1,85.6,Inability to Rate,Not Applicable,2024-25,Charter,True,False,False,True,2008-07-01T00:00:00.000,Unknown,41.865817,-87.676111,60608.0,False,False,2024.0,83.00653594771242,12.962962962962962,16.33986928104575,46.187363834422655,45.64270152505447,1.5250544662309369,5.446623093681917,0
400053,NOBLE - GOLDER HS,Noble - Golder College Prep,HS,True,False,False,False,"9,10,11,12",9-12,618,547,84,216,163,434,14,1,2,0,0.0,4,0.0,0.0,True,Unknown,Unknown,False,Unknown,Unknown,"9, 65, 66",Blue,Unknown,,,64.4,65.2,88.7,85.6,Inability to Rate,Not Applicable,2024-25,Charter,True,False,False,True,2004-09-01T00:00:00.000,Unknown,41.895282,-87.664483,60642.0,False,False,2024.0,88.51132686084142,13.592233009708735,34.95145631067961,26.375404530744333,70.22653721682848,2.26537216828479,0.1618122977346278,0
609737,VON STEUBEN HS,Friedrich W von Steuben Metropolitan Science HS,HS,True,False,False,False,"9,10,11,12",9-12,1667,1042,121,247,141,920,299,258,5,0,0.0,31,13.0,0.0,True,Unknown,Unknown,True,Unknown,Unknown,"81, 82, 92, 93",Brown,Unknown,,,76.0,65.2,97.3,85.6,Inability to Rate,Good Standing,2024-25,Network 14,True,False,False,True,2004-09-01T00:00:00.000,Unknown,41.973185,-87.713386,60625.0,False,False,2024.0,62.50749850029994,7.258548290341932,14.817036592681465,8.458308338332333,55.18896220755849,17.93641271745651,15.476904619076183,0
400032,CICS - ELLISON HS,CICS - Ralph Ellison,HS,True,False,False,False,"9,10,11,12",9-12,223,177,47,2,216,6,0,0,0,0,0.0,1,0.0,0.0,True,Unknown,Unknown,False,Unknown,Unknown,"9, 48, 79, 169","Green, Red",Unknown,,,47.6,65.2,81.8,85.6,Inability to Rate,Not Applicable,2024-25,Charter,True,False,False,True,2004-09-01T00:00:00.000,Unknown,41.748382,-87.66898,60620.0,False,False,2024.0,79.37219730941703,21.076233183856505,0.8968609865470852,96.8609865470852,2.690582959641256,0.0,0.0,1
609750,SIMPSON HS,Simpson Academy HS for Young Women,HS,True,True,True,False,"6,7,8,9,10,11,12",6-12,35,30,7,13,15,20,0,0,0,0,0.0,0,0.0,0.0,True,Unknown,Unknown,False,Unknown,Unknown,Unknown,Pink,Unknown,,,64.3,65.2,81.1,78.9,Inability to Rate,Good Standing,2024-25,Options,False,False,False,False,2004-09-01T00:00:00.000,Unknown,41.864365,-87.668722,60608.0,False,False,2024.0,85.71428571428571,20.0,37.142857142857146,42.85714285714285,57.14285714285714,0.0,0.0,0
400033,CICS - LONGWOOD,CICS - Longwood,HS,True,True,True,False,"3,4,5,6,7,8,9,10,11,12",3-12,1125,879,201,13,1094,22,1,0,0,0,0.0,8,0.0,0.0,True,Unknown,Unknown,False,Unknown,Unknown,"9, 95W",Red,Rock Island District (RI),,,37.1,65.2,76.0,85.6,Inability to Rate,Not Applicable,2024-25,Charter,True,False,False,True,2004-09-01T00:00:00.000,Unknown,41.721221,-87.655768,60643.0,False,False,2024.0,78.13333333333333,17.866666666666667,1.1555555555555554,97.24444444444444,1.9555555555555555,0.0888888888888888,0.0,1
400054,NOBLE - PRITZKER HS,Noble - Pritzker College Prep,HS,True,False,False,False,"9,10,11,12",9-12,985,900,116,409,54,909,7,6,9,0,0.0,0,0.0,0.0,True,Unknown,Unknown,False,Unknown,Unknown,"53, 72, 73","Blue, Brown",Unknown,,,83.6,65.2,95.9,85.6,Inability to Rate,Not Applicable,2024-25,Charter,True,False,False,True,2004-09-01T00:00:00.000,Unknown,41.915214,-87.730127,60639.0,False,False,2024.0,91.37055837563452,11.776649746192891,41.52284263959391,5.482233502538072,92.28426395939088,0.7106598984771574,0.6091370558375634,0
400077,U OF C - WOODLAWN HS,University of Chicago - Woodlawn,HS,True,True,True,False,"6,7,8,9,10,11,12",6-12,586,432,84,9,572,10,0,0,1,0,0.0,2,1.0,0.0,True,Unknown,Unknown,False,Unknown,Unknown,"63, 6",Green,Metra Electric District (ME),,,78.3,65.2,92.2,85.6,Inability to Rate,Not Applicable,2024-25,Charter,True,False,False,True,2004-09-01T00:00:00.000,Unknown,41.77813,-87.598114,60637.0,False,False,2024.0,73.72013651877133,14.334470989761092,1.5358361774744027,97.61092150170649,1.706484641638225,0.0,0.0,0
400055,NOBLE - RAUNER HS,Noble - Rauner College Prep,HS,True,False,False,False,"9,10,11,12",9-12,550,431,82,147,150,378,15,1,3,0,0.0,3,0.0,0.0,True,Unknown,Unknown,False,Unknown,Unknown,"9, 65, 66",Blue,Unknown,,,79.7,65.2,87.8,85.6,Inability to Rate,Not Applicable,2024-25,Charter,True,False,False,True,2004-09-01T00:00:00.000,Unknown,41.892425,-87.660859,60642.0,False,False,2024.0,78.36363636363637,14.909090909090908,26.727272727272727,27.27272727272727,68.72727272727272,2.727272727272727,0.1818181818181818,0
400056,NOBLE - ROWE CLARK HS,Noble - Rowe-Clark Math and Science Academy,HS,True,False,False,False,"9,10,11,12",9-12,307,280,69,24,270,35,1,0,0,0,0.0,1,0.0,0.0,True,Unknown,Unknown,False,Unknown,Unknown,"53, 66, 82","Blue, Brown, Green",Unknown,,,45.8,65.2,85.0,85.6,Inability to Rate,Not Applicable,2024-25,Charter,True,False,False,True,2004-09-01T00:00:00.000,Unknown,41.895362,-87.718047,60651.0,False,False,2024.0,91.20521172638436,22.475570032573287,7.81758957654723,87.94788273615634,11.400651465798044,0.3257328990228013,0.0,1
400013,ASPIRA - EARLY COLLEGE HS,ASPIRA Charter School - Early College High School,HS,True,False,False,False,"9,10,11,12",9-12,279,235,42,175,7,267,5,0,0,0,0.0,0,0.0,0.0,True,Unknown,Unknown,False,Unknown,Unknown,"53, 77, 56",Blue,Unknown,,,41.6,65.2,91.4,85.6,Inability to Rate,Not Applicable,2024-25,Charter,True,False,False,True,2004-09-01T00:00:00.000,Unknown,41.937298,-87.727096,60618.0,False,False,2024.0,84.22939068100358,15.053763440860216,62.72401433691756,2.508960573476702,95.6989247311828,1.7921146953405016,0.0,1
400034,CICS - NORTHTOWN HS,CICS - Northtown,HS,True,False,False,False,"9,10,11,12",9-12,864,643,175,363,62,503,118,159,4,5,0.0,6,7.0,0.0,True,Unknown,Unknown,False,Unknown,Unknown,"53, 84","Blue, Red",Unknown,,,71.7,65.2,95.1,85.6,Inability to Rate,Not Applicable,2024-25,Charter,True,False,False,True,2004-09-01T00:00:00.000,Unknown,41.990245,-87.726504,60659.0,False,False,2024.0,74.42129629629629,20.25462962962963,42.01388888888889,7.175925925925926,58.2175925925926,13.657407407407408,18.40277777777778,0
400058,NLCP - CHRISTIANA HS,North Lawndale College Prep - Christiana,HS,True,False,False,False,"9,10,11,12",9-12,242,227,66,1,234,7,1,0,0,0,0.0,0,0.0,0.0,True,Unknown,Unknown,False,Unknown,Unknown,"18, 52",Green,Unknown,,,59.0,65.2,84.1,85.6,Inability to Rate,Not Applicable,2024-25,Charter,True,False,False,True,2004-09-01T00:00:00.000,Unknown,41.858564,-87.708987,60623.0,False,False,2024.0,93.80165289256198,27.27272727272727,0.4132231404958678,96.69421487603306,2.8925619834710745,0.4132231404958678,0.0,1
400085,ACERO - GARCIA HS,Acero Charter Schools - Major Hector P. Garcia MD,HS,True,False,False,False,"9,10,11,12",9-12,652,565,118,332,4,634,8,2,3,0,0.0,1,0.0,0.0,True,Unknown,Unknown,False,Unknown,Unknown,"47, 53A",Orange,Unknown,,,59.1,65.2,92.3,85.6,Inability to Rate,Not Applicable,2024-25,Charter,True,False,False,True,2008-07-01T00:00:00.000,Unknown,41.809171,-87.730467,60632.0,False,False,2024.0,86.65644171779141,18.098159509202453,50.920245398773,0.6134969325153374,97.23926380368098,1.2269938650306749,0.3067484662576687,1
400059,NLCP - COLLINS HS,North Lawndale College Prep - Collins,HS,True,False,False,False,"9,10,11,12",9-12,263,238,45,1,253,7,1,0,0,0,0.0,0,0.0,2.0,True,Unknown,Unknown,False,Unknown,Unknown,"12, 18, 52",Red,Unknown,,,51.0,65.2,82.9,85.6,Inability to Rate,Not Applicable,2024-25,Charter,True,False,False,True,2004-09-01T00:00:00.000,Unknown,41.864146,-87.700681,60623.0,False,False,2024.0,90.49429657794676,17.110266159695815,0.3802281368821292,96.1977186311787,2.6615969581749046,0.3802281368821292,0.0,1
400035,CHICAGO MATH & SCIENCE HS,Chicago Math and Science Academy Charter School,HS,True,True,True,False,"6,7,8,9,10,11,12",6-12,618,516,60,263,277,231,28,69,4,2,0.0,7,0.0,0.0,True,Unknown,Unknown,False,Unknown,Unknown,22,Red,Union Pacific North (UP-N),,,69.5,65.2,84.0,85.6,Inability to Rate,Not Applicable,2024-25,Charter,True,False,False,True,2004-09-01T00:00:00.000,Unknown,42.013031,-87.674818,60626.0,False,False,2024.0,83.49514563106796,9.70873786407767,42.55663430420712,44.82200647249191,37.37864077669903,4.53074433656958,11.165048543689322,0
400061,PERSPECTIVES - LEADERSHIP HS,Perspectives - Leadership Academy,HS,True,True,True,False,"6,7,8,9,10,11,12",6-12,819,693,115,3,808,8,0,0,1,0,0.0,2,0.0,0.0,True,Unknown,Unknown,False,Unknown,Unknown,"44, 75",Red,Unknown,,,42.5,65.2,81.7,85.6,Inability to Rate,Not Applicable,2024-25,Charter,True,False,False,True,2004-09-01T00:00:00.000,Unknown,41.745961,-87.652045,60620.0,False,False,2024.0,84.61538461538461,14.04151404151404,0.3663003663003663,98.65689865689866,0.9768009768009768,0.0,0.0,1
400062,PERSPECTIVES - TECH HS,Perspectives - High School of Technology,HS,True,False,False,False,"9,10,11,12",9-12,310,266,47,1,302,7,0,0,0,0,0.0,1,0.0,0.0,True,Unknown,Unknown,False,Unknown,Unknown,"44, 75",Red,Unknown,,,44.1,65.2,73.3,85.6,Inability to Rate,Not Applicable,2024-25,Charter,True,False,False,True,2004-09-01T00:00:00.000,Unknown,41.745949,-87.650657,60620.0,False,False,2024.0,85.80645161290322,15.161290322580644,0.3225806451612903,97.41935483870968,2.258064516129032,0.0,0.0,1
400097,NOBLE - BULLS HS,Noble - Chicago Bulls College Prep,HS,True,False,False,False,"9,10,11,12",9-12,1033,893,206,153,592,422,11,1,5,0,0.0,2,0.0,0.0,True,Unknown,Unknown,False,Unknown,Unknown,"20, 50, 126",Blue,Unknown,,,78.0,65.2,92.1,85.6,Inability to Rate,Not Applicable,2024-25,Charter,True,False,False,True,2009-07-01T00:00:00.000,Unknown,41.878809,-87.678195,60612.0,False,False,2024.0,86.44724104549854,19.94191674733785,14.811229428848016,57.30880929332043,40.85188770571152,1.0648596321393995,0.0968054211035818,0
400064,PERSPECTIVES - JOSLIN HS,Perspectives - Rodney D. Joslin,HS,True,True,True,False,"6,7,8,9,10,11,12",6-12,315,269,63,4,302,8,1,1,0,0,0.0,3,0.0,0.0,True,Unknown,Unknown,False,Unknown,Unknown,"21, 24, 29, 62","Green, Red",Unknown,,,44.8,65.2,91.0,85.6,Inability to Rate,Not Applicable,2024-25,Charter,True,False,False,True,2004-09-01T00:00:00.000,Unknown,41.855999,-87.628531,60616.0,False,False,2024.0,85.39682539682539,20.0,1.2698412698412698,95.87301587301587,2.5396825396825395,0.3174603174603174,0.3174603174603174,1
400022,CHIARTS HS,Chicago High School for the Arts (ChiArts),HS,True,False,False,False,"9,10,11,12",9-12,564,315,78,52,215,233,89,7,2,0,0.0,13,1.0,4.0,False,Unknown,Unknown,False,Unknown,Unknown,"66, 70, 52, 49","Blue,Red",Unknown,,,80.5,65.2,85.6,85.6,Inability to Rate,Not Applicable,2024-25,Contract,True,False,False,True,2009-07-01T00:00:00.000,Unknown,41.899377,-87.694945,60622.0,False,False,2024.0,55.85106382978723,13.829787234042554,9.219858156028367,38.12056737588653,41.312056737588655,15.780141843971633,1.2411347517730498,0
400098,NOBLE - MUCHIN HS,Noble - Muchin College Prep,HS,True,False,False,False,"9,10,11,12",9-12,886,686,117,153,431,402,11,39,2,0,0.0,0,1.0,0.0,True,Unknown,Unknown,False,Unknown,Unknown,"2, 3, 4, 6, 10, 20, 22, 24, 26, 29, 36, 62, 66, 143, 144, 145, 146, 147, 148, 151","Blue,Green,Pink,Purple,Orange,Brown,Red","North Central Service (NCS),Metra Electric District (ME),Union Pacific West (UP-W),SouthWest Service (SWS),Milwaukee District West (MD-W),Heritage Corridor (HC),Union Pacific Northwest (UP-NW),Rock Island District (RI),Milwaukee District North (MD-N),BNSF Railway (BNSF)",,,68.1,65.2,96.4,85.6,Inability to Rate,Not Applicable,2024-25,Charter,True,False,False,True,2009-07-01T00:00:00.000,Unknown,41.88274,-87.626338,60602.0,False,False,2024.0,77.42663656884876,13.205417607223476,17.268623024830703,48.645598194130926,45.372460496614,1.2415349887133182,4.401805869074492,0
400086,URBAN PREP - ENGLEWOOD HS,Urban Prep Academy for Young Men - Englewood,HS,True,False,False,False,"9,10,11,12",9-12,84,75,26,6,78,5,0,0,0,0,0.0,1,0.0,0.0,True,Unknown,Unknown,False,Unknown,Unknown,"3, 4, 8, 9, 24, 44, 63","Green, Red",Unknown,,,62.5,65.2,83.8,85.6,Inability to Rate,Not Applicable,2024-25,Charter,True,False,False,True,2006-09-01T00:00:00.000,Unknown,41.781498,-87.634357,60621.0,False,False,2024.0,89.28571428571429,30.952380952380956,7.142857142857142,92.85714285714286,5.952380952380952,0.0,0.0,0
610304,PHOENIX MILITARY HS,Phoenix Military Academy High School,HS,True,False,False,False,"9,10,11,12",9-12,363,322,29,91,55,293,9,4,0,0,0.0,1,1.0,0.0,True,Unknown,Unknown,False,Unknown,Unknown,"20, 49, 126","Blue, Green",Unknown,,,71.4,65.2,91.0,85.6,Inability to Rate,Good Standing,2024-25,ISP,True,False,False,True,2004-09-01T00:00:00.000,Unknown,41.879118,-87.68696,60612.0,False,False,2024.0,88.70523415977961,7.988980716253444,25.06887052341597,15.151515151515152,80.71625344352617,2.479338842975207,1.1019283746556474,0
400066,PERSPECTIVES - MATH & SCI HS,Perspectives - Math and Science Academy,HS,True,True,True,False,"6,7,8,9,10,11,12",6-12,396,352,57,1,384,8,2,0,2,0,0.0,0,0.0,0.0,True,Unknown,Unknown,False,Unknown,Unknown,"1, 29, 35",Green,Unknown,,,46.6,65.2,76.7,85.6,Inability to Rate,Not Applicable,2024-25,Charter,True,False,False,True,2008-07-01T00:00:00.000,Unknown,41.827784,-87.624788,60653.0,False,False,2024.0,88.88888888888889,14.393939393939394,0.2525252525252525,96.96969696969695,2.0202020202020203,0.5050505050505051,0.0,1
400091,CHICAGO TECH HS,Chicago Technology Academy High School,HS,True,False,False,False,"9,10,11,12",9-12,321,284,64,18,278,37,3,0,0,0,0.0,3,0.0,0.0,True,Unknown,Unknown,False,Unknown,Unknown,"12, 60","Blue,Pink,Red",Unknown,,,50.0,65.2,92.8,85.6,Inability to Rate,Not Applicable,2024-25,Contract,True,False,False,True,2009-07-01T00:00:00.000,Unknown,41.863301,-87.659095,60608.0,False,False,2024.0,88.47352024922118,19.937694704049843,5.607476635514018,86.6043613707165,11.526479750778815,0.9345794392523364,0.0,1
400094,EPIC HS,EPIC Academy Charter High School,HS,True,False,False,False,"9,10,11,12",9-12,244,216,46,78,128,113,2,0,0,0,0.0,0,1.0,0.0,True,Unknown,Unknown,False,Unknown,Unknown,"5, 26, 71",Unknown,Metra Electric District (ME),,,41.7,65.2,77.9,85.6,Inability to Rate,Not Applicable,2024-25,Charter,True,False,False,True,2009-07-01T00:00:00.000,Unknown,41.744849,-87.550222,60617.0,False,False,2024.0,88.52459016393442,18.852459016393443,31.967213114754102,52.459016393442624,46.31147540983606,0.819672131147541,0.0,1
610380,WILLIAMS HS,Daniel Hale Williams Prep School of Medicine,HS,True,False,False,False,"9,10,11,12",9-12,69,59,9,1,66,1,0,0,0,0,0.0,2,0.0,0.0,True,Unknown,Unknown,False,Unknown,Unknown,"1, 15, 29","Green,Red",Unknown,,,64.7,65.2,78.6,85.6,Inability to Rate,Good Standing,2024-25,Network 17,True,False,False,True,2005-09-01T00:00:00.000,Unknown,41.806118,-87.62503,60615.0,False,False,2024.0,85.5072463768116,13.043478260869565,1.4492753623188406,95.65217391304348,1.4492753623188406,0.0,0.0,1
610392,WORLD LANGUAGE HS,World Language Academy High School,HS,True,False,False,False,"9,10,11,12",9-12,374,337,76,211,11,359,4,0,0,0,0.0,0,0.0,0.0,True,Unknown,Unknown,False,Unknown,Unknown,"53, 53A, 82",Pink,BNSF Railway (BNSF),,,69.2,65.2,85.2,85.6,Inability to Rate,Good Standing,2024-25,Network 15,True,False,False,True,2005-09-01T00:00:00.000,Unknown,41.834397,-87.735292,60623.0,False,False,2024.0,90.10695187165776,20.32085561497326,56.417112299465245,2.941176470588235,95.98930481283422,1.06951871657754,0.0,0
400104,INSTITUTO - HEALTH,Instituto Health Sciences Career Academy,HS,True,False,False,False,"9,10,11,12",9-12,559,518,89,338,18,535,5,0,1,0,0.0,0,0.0,0.0,True,Unknown,Unknown,False,Unknown,Unknown,"49, 60","Blue,Pink,Orange",BNSF Railway (BNSF),,,29.0,65.2,87.6,85.6,Inability to Rate,Not Applicable,2024-25,Charter,True,False,False,True,2010-07-01T00:00:00.000,Unknown,41.845967,-87.68724,60608.0,False,False,2024.0,92.66547406082287,15.92128801431127,60.46511627906976,3.2200357781753133,95.70661896243293,0.8944543828264758,0.0,1
400051,NOBLE - NOBLE HS,Noble - Noble College Prep,HS,True,False,False,False,"9,10,11,12",9-12,677,528,90,181,114,524,20,10,3,0,0.0,6,0.0,0.0,True,Unknown,Unknown,False,Unknown,Unknown,"9, 56, 70",Blue,Unknown,,,87.1,65.2,98.8,85.6,Inability to Rate,Not Applicable,2024-25,Charter,True,False,False,True,2004-09-01T00:00:00.000,Unknown,41.900191,-87.662628,60642.0,False,False,2024.0,77.99113737075332,13.293943870014772,26.73559822747415,16.838995568685377,77.40029542097489,2.954209748892171,1.4771048744460855,0
400105,URBAN PREP - BRONZEVILLE HS,Urban Prep Academy for Young Men - Bronzeville,HS,True,False,False,False,"9,10,11,12",9-12,145,112,32,2,137,4,0,0,0,0,0.0,0,0.0,4.0,True,Unknown,Unknown,False,Unknown,Unknown,"1, 3, 4, 29, 35","Green, Red",Rock Island District (RI),,,57.5,65.2,92.1,85.6,Inability to Rate,Not Applicable,2024-25,Charter,True,False,False,True,2010-07-01T00:00:00.000,Unknown,41.831118,-87.613629,60616.0,False,False,2024.0,77.24137931034483,22.06896551724138,1.3793103448275863,94.48275862068964,2.7586206896551726,0.0,0.0,1
610558,GOODE HS,Sarah E. Goode STEM Academy,HS,True,False,False,False,"9,10,11,12",9-12,961,793,169,225,298,645,14,0,2,0,0.0,1,1.0,0.0,True,Unknown,Unknown,True,Unknown,Unknown,"52, 79",Unknown,SouthWest Service (SWS),,,60.3,65.2,94.9,85.6,Inability to Rate,Good Standing,2024-25,Network 16,True,False,False,True,2012-07-01T00:00:00.000,Unknown,41.75375,-87.707345,60652.0,False,False,2024.0,82.51821019771072,17.585848074921955,23.41311134235172,31.00936524453694,67.11758584807492,1.45681581685744,0.0,0
400106,NOBLE - JOHNSON HS,Noble - John and Eunice Johnson College Prep,HS,True,False,False,False,"9,10,11,12",9-12,492,426,109,11,464,23,2,0,2,0,0.0,0,1.0,0.0,True,Unknown,Unknown,False,Unknown,Unknown,"63, 24","Green,Red",Metra Electric District (ME),,,77.7,65.2,81.0,85.6,Inability to Rate,Not Applicable,2024-25,Charter,True,False,False,True,2010-07-01T00:00:00.000,Unknown,41.778369,-87.635117,60621.0,False,False,2024.0,86.58536585365853,22.15447154471545,2.2357723577235773,94.3089430894309,4.67479674796748,0.4065040650406504,0.0,0
400115,CATALYST - MARIA,Catalyst - Maria Charter School,ES,True,True,True,False,"K,1,2,3,4,5,6,7,8,9,10,11,12",K-12,531,469,73,128,266,250,10,0,1,0,0.0,4,0.0,0.0,True,Unknown,Unknown,False,Unknown,Unknown,"52A, 67, 94",Unknown,Unknown,,,59.75,67.2,87.1,85.6,Inability to Rate,Not Applicable,2024-25,Charter,True,False,False,True,2012-07-01T00:00:00.000,Unknown,41.770992,-87.693075,60629.0,False,False,2024.0,88.32391713747646,13.74764595103578,24.105461393596983,50.09416195856874,47.08097928436912,1.8832391713747645,0.0,1
400117,NOBLE - HANSBERRY HS,Noble - Hansberry College Prep,HS,True,False,False,False,"9,10,11,12",9-12,509,433,112,4,497,8,0,0,0,0,0.0,4,0.0,0.0,True,Unknown,Unknown,False,Unknown,Unknown,"87, 24, 4",Red,Rock Island District (RI),,,70.8,65.2,87.3,85.6,Inability to Rate,Not Applicable,2024-25,Charter,True,False,False,True,2012-07-01T00:00:00.000,Unknown,41.734442,-87.650987,60620.0,False,False,2024.0,85.0687622789784,22.00392927308448,0.7858546168958742,97.64243614931236,1.5717092337917484,0.0,0.0,0
400118,NOBLE - DRW HS,Noble - DRW College Prep,HS,True,False,False,False,"9,10,11,12",9-12,287,249,64,3,282,3,1,0,0,0,0.0,1,0.0,0.0,True,Unknown,Unknown,False,Unknown,Unknown,82,Blue,Unknown,,,57.1,65.2,80.7,85.6,Inability to Rate,Not Applicable,2024-25,Charter,True,False,False,True,2012-07-01T00:00:00.000,Unknown,41.869328,-87.711654,60624.0,False,False,2024.0,86.7595818815331,22.29965156794425,1.0452961672473868,98.25783972125436,1.0452961672473868,0.3484320557491289,0.0,1
400121,ACERO - DE LA CRUZ,Acero Charter Schools - Sor Juana Inés de la Cruz,ES,True,True,True,False,"K,1,2,3,4,5,6,7,8,9,10,11,12",K-12,422,365,82,168,213,181,11,6,2,0,0.0,9,0.0,0.0,True,Unknown,Unknown,False,Unknown,Unknown,Unknown,Red,Unknown,,,64.0,65.2,88.2,85.6,Inability to Rate,Not Applicable,2024-25,Charter,True,False,False,True,2012-07-01T00:00:00.000,Unknown,42.016476,-87.684406,60645.0,False,False,2024.0,86.49289099526067,19.431279620853083,39.81042654028436,50.4739336492891,42.89099526066351,2.6066350710900474,1.4218009478672986,0
400123,YCCS - SCHOLASTIC ACHIEVEMENT,YCCS- Academy of Scholastic Achievement HS,HS,True,False,False,False,"9,10,11,12",9-12,104,73,21,1,93,9,2,0,0,0,0.0,0,0.0,0.0,True,Unknown,Unknown,False,Unknown,Unknown,"20, 54",Green,Unknown,,,12.1,65.2,81.1,78.9,Inability to Rate,Unknown,2024-25,Options,False,False,False,False,2012-07-01T00:00:00.000,Unknown,41.880447,-87.742539,60644.0,False,False,2024.0,70.1923076923077,20.192307692307693,0.9615384615384616,89.42307692307693,8.653846153846153,1.9230769230769231,0.0,1
400124,YCCS - MCKINLEY,YCCS- McKinley Lakeside Leadership HS,HS,True,False,False,False,"9,10,11,12",9-12,87,70,19,0,84,1,0,0,0,0,0.0,2,0.0,0.0,True,Unknown,Unknown,False,Unknown,Unknown,29,Green,Unknown,,,8.2,65.2,81.1,78.9,Inability to Rate,Unknown,2024-25,Options,False,False,False,False,2012-07-01T00:00:00.000,Unknown,41.841331,-87.625331,60616.0,False,False,2024.0,80.45977011494253,21.83908045977012,0.0,96.55172413793105,1.1494252873563218,0.0,0.0,1
400125,YCCS - ASPIRA PANTOJA,"YCCS-ASPIRA,Antonia Pantoja Alternative HS",HS,True,False,False,False,"9,10,11,12",9-12,170,130,21,100,3,158,7,0,1,0,0.0,1,0.0,0.0,True,Unknown,Unknown,False,Unknown,Unknown,"53, 77",Blue,Unknown,,,22.6,65.2,81.1,78.9,Inability to Rate,Unknown,2024-25,Options,False,False,False,False,2012-07-01T00:00:00.000,Unknown,41.938187,-87.727137,60641.0,False,False,2024.0,76.47058823529412,12.352941176470589,58.82352941176471,1.7647058823529411,92.94117647058825,4.117647058823529,0.0,1
400126,YCCS - ASSOCIATION HOUSE,YCCS-Association House HS,HS,True,False,False,False,"9,10,11,12",9-12,89,70,18,21,29,58,1,0,1,0,0.0,0,0.0,0.0,True,Unknown,Unknown,False,Unknown,Unknown,"70, 65, 82, 94",Blue,Unknown,,,10.8,65.2,81.1,78.9,Inability to Rate,Unknown,2024-25,Options,False,False,False,False,2012-07-01T00:00:00.000,Unknown,41.901572,-87.70686,60651.0,False,False,2024.0,78.65168539325843,20.224719101123597,23.59550561797753,32.58426966292135,65.1685393258427,1.1235955056179776,0.0,1
400127,YCCS - AUSTIN CAREER,YCCS-Austin Career Education Center HS,HS,True,False,False,False,"9,10,11,12",9-12,0,0,0,0,0,0,0,0,0,0,0.0,0,0.0,0.0,True,Unknown,Unknown,False,Unknown,Unknown,"57, 66","Green, Red",Unknown,,,6.7,61.9,81.1,78.9,Unknown,NOT APPLICABLE,2024-25,Options,False,False,False,False,2012-07-01T00:00:00.000,2022-07-01T00:00:00.000,41.894976,-87.760221,60651.0,False,False,2024.0,0.0,0.0,0.0,0.0,0.0,0.0,0.0,1
400128,YCCS - CCA ACADEMY,YCCS-CCA Academy HS,HS,True,False,False,False,"9,10,11,12",9-12,123,98,31,2,117,6,0,0,0,0,0.0,0,0.0,0.0,True,Unknown,Unknown,False,Unknown,Unknown,"12, 53",Blue,Unknown,,,10.4,65.2,81.1,78.9,Inability to Rate,Unknown,2024-25,Options,False,False,False,False,2012-07-01T00:00:00.000,Unknown,41.864943,-87.723662,60623.0,False,False,2024.0,79.67479674796748,25.203252032520325,1.6260162601626018,95.1219512195122,4.878048780487805,0.0,0.0,1
400129,YCCS - PROGRESSIVE LEADERSHIP,YCCS-Progressive Leadership Academy,HS,True,False,False,False,"9,10,11,12",9-12,122,87,20,0,121,0,1,0,0,0,0.0,0,0.0,0.0,True,Unknown,Unknown,False,Unknown,Unknown,"3, 15",Green,Unknown,,,15.0,65.2,81.1,78.9,Inability to Rate,Unknown,2024-25,Options,False,False,False,False,2012-07-01T00:00:00.000,Unknown,41.773962,-87.61574,60637.0,False,False,2024.0,71.31147540983606,16.39344262295082,0.0,99.18032786885246,0.0,0.819672131147541,0.0,1
400130,YCCS - YOUTH DEVELOPMENT,YCCS-Community Youth Development Institute HS,HS,True,False,False,False,"9,10,11,12",9-12,70,49,18,2,68,1,0,0,1,0,0.0,0,0.0,0.0,True,Unknown,Unknown,False,Unknown,Unknown,"8, 79",Unknown,Unknown,,,20.0,65.2,81.1,78.9,Inability to Rate,Unknown,2024-25,Options,False,False,False,False,2012-07-01T00:00:00.000,Unknown,41.751377,-87.641731,60620.0,False,False,2024.0,70.0,25.71428571428571,2.857142857142857,97.14285714285714,1.4285714285714286,0.0,0.0,1
400131,YCCS - CAMPOS,YCCS-Dr. Pedro Albizu Campos Puerto Rican HS,HS,True,False,False,False,"9,10,11,12",9-12,148,115,20,72,28,116,2,1,0,0,0.0,1,0.0,0.0,True,Unknown,Unknown,False,Unknown,Unknown,"52, 70",Blue,Unknown,,,18.8,65.2,81.1,78.9,Inability to Rate,Unknown,2024-25,Options,False,False,False,False,2012-07-01T00:00:00.000,Unknown,41.90285,-87.696006,60622.0,False,False,2024.0,77.7027027027027,13.513513513513514,48.64864864864865,18.91891891891892,78.37837837837837,1.351351351351351,0.6756756756756757,1
400133,YCCS - INNOVATIONS,YCCS- Innovations HS of Arts Integration,HS,True,False,False,False,"9,10,11,12",9-12,340,281,52,10,300,32,5,0,1,0,0.0,2,0.0,0.0,True,Unknown,Unknown,False,Unknown,Unknown,"20, 29","Green,Orange,Red",Unknown,,,17.1,65.2,81.1,78.9,Inability to Rate,Unknown,2024-25,Options,False,False,False,False,2012-07-01T00:00:00.000,Unknown,41.883047,-87.627734,60602.0,False,False,2024.0,82.6470588235294,15.294117647058824,2.941176470588235,88.23529411764706,9.411764705882351,1.4705882352941175,0.0,1
400134,YCCS - ADDAMS,YCCS-Jane Addams Alternative HS,HS,True,False,False,False,"9,10,11,12",9-12,0,0,0,0,0,0,0,0,0,0,0.0,0,0.0,0.0,True,Unknown,Unknown,False,Unknown,Unknown,"18, 8, 21",Orange,Unknown,,,18.4,61.9,81.1,78.9,Unknown,NOT APPLICABLE,2024-25,Options,False,False,False,False,2012-07-01T00:00:00.000,2022-07-01T00:00:00.000,41.857208,-87.644888,60616.0,False,False,2024.0,0.0,0.0,0.0,0.0,0.0,0.0,0.0,1
400135,YCCS - LATINO YOUTH,YCCS-Latino Youth Alternative HS,HS,True,False,False,False,"9,10,11,12",9-12,163,131,28,61,8,152,2,0,1,0,0.0,0,0.0,0.0,True,Unknown,Unknown,False,Unknown,Unknown,"94, 21",Pink,Unknown,,,31.1,65.2,81.1,78.9,Inability to Rate,Unknown,2024-25,Options,False,False,False,False,2012-07-01T00:00:00.000,Unknown,41.854665,-87.69543,60608.0,False,False,2024.0,80.3680981595092,17.177914110429448,37.42331288343559,4.9079754601227,93.25153374233128,1.2269938650306749,0.0,1
400136,YCCS - OLIVE HARVEY,YCCS-Olive Harvey Middle College HS,HS,True,False,False,False,"9,10,11,12",9-12,94,66,17,4,81,13,0,0,0,0,0.0,0,0.0,0.0,True,Unknown,Unknown,False,Unknown,Unknown,"28, 6",Red,Unknown,,,19.2,65.2,81.1,78.9,Inability to Rate,Unknown,2024-25,Options,False,False,False,False,2012-07-01T00:00:00.000,Unknown,41.712922,-87.592333,60628.0,False,False,2024.0,70.2127659574468,18.08510638297873,4.25531914893617,86.17021276595744,13.829787234042554,0.0,0.0,1
400137,LITTLE BLACK PEARL HS,Little Black Pearl Art and Design Academy,HS,True,False,False,False,"9,10,11,12",9-12,1,0,0,0,1,0,0,0,0,0,0.0,0,0.0,0.0,True,Unknown,Unknown,False,Unknown,Unknown,47,Red,Unknown,,,50.0,65.2,92.3,85.6,Inability to Rate,Unknown,2024-25,Options,False,False,False,False,2012-07-01T00:00:00.000,2024-07-01T00:00:00.000,41.809695,-87.59934,60653.0,False,False,2024.0,0.0,0.0,0.0,100.0,0.0,0.0,0.0,1
400139,YCCS - SULLIVAN,YCCS-Sullivan House Alternative HS,HS,True,False,False,False,"9,10,11,12",9-12,279,246,37,5,252,24,0,0,0,0,0.0,3,0.0,0.0,True,Unknown,Unknown,False,Unknown,Unknown,"30, 14, 28, 15",Unknown,Unknown,,,8.1,65.2,81.1,78.9,Inability to Rate,Unknown,2024-25,Options,False,False,False,False,2012-07-01T00:00:00.000,Unknown,41.746287,-87.578492,60617.0,False,False,2024.0,88.17204301075269,13.261648745519713,1.7921146953405016,90.32258064516128,8.60215053763441,0.0,0.0,1
400141,YCCS - TRUMAN,YCCS-Truman Middle College HS,HS,True,False,False,False,"9,10,11,12",9-12,158,97,26,67,33,86,12,25,0,0,0.0,1,1.0,0.0,Unknown,Unknown,Unknown,False,Unknown,Unknown,81,"Purple,Red",Unknown,,,34.4,65.2,81.1,78.9,Inability to Rate,Unknown,2024-25,Options,False,False,False,False,2012-07-01T00:00:00.000,Unknown,41.965295,-87.659239,60640.0,False,False,2024.0,61.39240506329114,16.455696202531644,42.40506329113924,20.88607594936709,54.43037974683544,7.59493670886076,15.822784810126585,1
400143,YCCS - WEST TOWN,YCCS-West Town Acad Alternative HS,HS,True,False,False,False,"9,10,11,12",9-12,94,72,18,6,70,21,1,0,1,0,0.0,1,0.0,0.0,True,Unknown,Unknown,False,Unknown,Unknown,"9, 66","Blue,Green",Unknown,,,18.2,65.2,81.1,78.9,Inability to Rate,Unknown,2024-25,Options,False,False,False,False,2012-07-01T00:00:00.000,Unknown,41.890803,-87.702053,60612.0,False,False,2024.0,76.59574468085107,19.148936170212767,6.382978723404255,74.46808510638297,22.34042553191489,1.0638297872340423,0.0,1
400144,YCCS - WEST,YCCS-West HS,HS,True,False,False,False,"9,10,11,12",9-12,76,62,20,3,62,13,1,0,0,0,0.0,0,0.0,0.0,True,Unknown,Unknown,False,Unknown,Unknown,"70, 54","Blue,Green",Unknown,,,7.7,65.2,81.1,78.9,Inability to Rate,Unknown,2024-25,Options,False,False,False,False,2012-07-01T00:00:00.000,Unknown,41.90224,-87.74881,60651.0,False,False,2024.0,81.57894736842105,26.31578947368421,3.947368421052632,81.57894736842105,17.105263157894736,1.3157894736842104,0.0,1
400145,YCCS - YOUTH CONNECTION,YCCS-Youth Connection Leadership Acad HS,HS,True,False,False,False,"9,10,11,12",9-12,86,63,15,11,60,24,2,0,0,0,0.0,0,0.0,0.0,True,Unknown,Unknown,False,Unknown,Unknown,"47,51",Orange,Unknown,,,10.0,65.2,81.1,78.9,Inability to Rate,Unknown,2024-25,Options,False,False,False,False,2012-07-01T00:00:00.000,Unknown,41.832072,-87.626781,60632.0,False,False,2024.0,73.25581395348837,17.441860465116278,12.790697674418606,69.76744186046511,27.906976744186046,2.3255813953488373,0.0,1
400147,CHICAGO EXCEL HS,Chicago Excel Academy HS,HS,True,False,False,False,"9,10,11,12",9-12,249,188,27,3,236,11,2,0,0,0,0.0,0,0.0,0.0,True,Unknown,Unknown,False,Unknown,Unknown,111,Unknown,Unknown,,,26.4,65.2,24.1,85.6,Inability to Rate,Unknown,2024-25,Options,False,False,False,False,2012-07-01T00:00:00.000,Unknown,41.691953,-87.654248,60643.0,False,False,2024.0,75.50200803212851,10.843373493975903,1.2048192771084338,94.77911646586344,4.417670682730924,0.8032128514056224,0.0,1
400149,ACERO - SOTO HS,Acero Charter Schools - Victoria Soto,HS,True,False,False,False,"9,10,11,12",9-12,549,516,91,301,0,547,1,0,1,0,0.0,0,0.0,0.0,True,Unknown,Unknown,False,Unknown,Unknown,"52, 52A",Orange,Unknown,,,54.9,65.2,90.8,85.6,Inability to Rate,Not Applicable,2024-25,Charter,True,False,False,True,2013-07-01T00:00:00.000,Unknown,41.801762,-87.711025,60632.0,False,False,2024.0,93.98907103825135,16.57559198542805,54.82695810564663,0.0,99.63570127504552,0.1821493624772313,0.0,1
400150,YCCS - CHATHAM,YCCS-Chatham AcademyHS,HS,True,False,False,False,"9,10,11,12",9-12,114,97,21,3,108,4,0,0,0,0,0.0,2,0.0,0.0,True,Unknown,Unknown,False,Unknown,Unknown,"4, 87, 95, 79",Red,Unknown,,,11.1,65.2,81.1,78.9,Inability to Rate,Unknown,2024-25,Options,False,False,False,False,2012-07-01T00:00:00.000,Unknown,41.730131,-87.60698,60619.0,False,False,2024.0,85.08771929824562,18.421052631578945,2.631578947368421,94.73684210526316,3.508771929824561,0.0,0.0,1
400156,NOBLE - BUTLER HS,Noble - Butler College Prep,HS,True,False,False,False,"9,10,11,12",9-12,654,567,103,18,617,32,1,0,0,0,0.0,3,0.0,1.0,Unknown,Unknown,Unknown,False,Unknown,Unknown,"106, 103, 115",Red,Metra Electric District (ME),,,50.3,65.2,89.9,85.6,Inability to Rate,Not Applicable,2024-25,Charter,True,False,False,True,2013-07-01T00:00:00.000,Unknown,41.706667,-87.602573,60628.0,False,False,2024.0,86.69724770642202,15.749235474006117,2.752293577981652,94.34250764525994,4.892966360856269,0.1529051987767584,0.0,1
400161,CHICAGO COLLEGIATE,Chicago Collegiate Charter School,HS,True,True,True,False,"5,6,7,8,9,10,11,12",5-12,237,194,42,1,232,4,0,0,1,0,0.0,0,0.0,0.0,Unknown,Unknown,Unknown,False,Unknown,Unknown,28,Unknown,Metra Electric District (ME),,,57.1,65.2,75.0,85.6,Inability to Rate,Not Applicable,2024-25,Charter,True,False,False,True,2013-07-01T00:00:00.000,Unknown,41.679318,-87.617968,60628.0,False,False,2024.0,81.85654008438819,17.72151898734177,0.4219409282700421,97.8902953586498,1.6877637130801686,0.0,0.0,1
400162,INTRINSIC HS,Intrinsic Charter School,HS,True,True,False,False,"7,8,9,10,11,12",7-12,972,858,160,357,20,921,25,4,1,0,0.0,1,0.0,0.0,True,Unknown,Unknown,False,Unknown,Unknown,77,Blue,Milwaukee District North (MD-N),,,74.1,65.2,92.9,85.6,Inability to Rate,Not Applicable,2024-25,Charter,True,False,False,True,2013-07-01T00:00:00.000,Unknown,41.938988,-87.741129,60641.0,False,False,2024.0,88.27160493827161,16.46090534979424,36.7283950617284,2.05761316872428,94.75308641975307,2.57201646090535,0.411522633744856,0
400164,INSTITUTO - JUSTICE HS,Instituto - Justice and Leadership,HS,True,False,False,False,"9,10,11,12",9-12,104,60,8,57,1,103,0,0,0,0,0.0,0,0.0,0.0,True,Unknown,Unknown,False,Unknown,Unknown,"349, 60","Blue,Pink,Orange,Red",BNSF Railway (BNSF),,,11.9,65.2,81.1,78.9,Inability to Rate,Unknown,2024-25,Options,False,False,False,False,2013-07-01T00:00:00.000,Unknown,41.845957,-87.685903,60608.0,False,False,2024.0,57.692307692307686,7.6923076923076925,54.80769230769232,0.9615384615384616,99.03846153846156,0.0,0.0,1
400167,HORIZON - SOUTHWEST,Horizon Science Academy Southwest Chicago Charter,ES,True,True,True,False,"K,1,2,3,4,5,6,7,8,9,10,11,12",K-12,734,635,83,221,156,560,13,0,1,0,0.0,1,0.0,3.0,True,Unknown,Unknown,False,Unknown,Unknown,Unknown,Unknown,Unknown,,,57.9,65.2,89.3,85.6,Inability to Rate,Not Applicable,2024-25,Charter,True,False,False,True,2014-07-01T00:00:00.000,Unknown,41.795201,-87.683963,60609.0,False,False,2024.0,86.51226158038146,11.307901907356948,30.10899182561308,21.25340599455041,76.29427792915531,1.7711171662125342,0.0,1
400169,NOBLE - ITW SPEER HS,Noble - ITW David Speer Academy,HS,True,False,False,False,"9,10,11,12",9-12,1127,923,155,437,102,999,17,1,5,0,0.0,1,0.0,2.0,True,Unknown,Unknown,False,Unknown,Unknown,Unknown,Green,Unknown,,,80.0,65.2,90.5,85.6,Inability to Rate,Not Applicable,2024-25,Charter,True,False,False,True,2014-07-01T00:00:00.000,Unknown,41.92563,-87.769808,60639.0,False,False,2024.0,81.8988464951198,13.75332741792369,38.775510204081634,9.050576752440106,88.642413487134,1.5084294587400178,0.0887311446317657,0
400170,NOBLE - ACADEMY HS,Noble - The Noble Academy,HS,True,False,False,False,"9,10,11,12",9-12,400,327,55,78,200,178,5,8,2,0,0.0,6,1.0,0.0,True,Unknown,Unknown,False,Unknown,Unknown,"8, 64, 70, 156, 37","Purple,Brown,Red",Unknown,,,84.7,65.2,94.7,85.6,Inability to Rate,Not Applicable,2024-25,Charter,True,False,False,True,2014-07-01T00:00:00.000,Unknown,41.906879,-87.645577,60610.0,False,False,2024.0,81.75,13.750000000000002,19.5,50.0,44.5,1.25,2.0,0
400172,ASPIRA - BUSINESS & FINANCE HS,ASPIRA Business and Finance,HS,True,False,False,False,"9,10,11,12",9-12,415,348,95,230,21,381,8,1,2,0,0.0,2,0.0,0.0,True,Unknown,Unknown,False,Unknown,Unknown,56,Blue,Unknown,,,44.1,65.2,80.8,85.6,Inability to Rate,Not Applicable,2024-25,Charter,True,False,False,True,2015-07-01T00:00:00.000,Unknown,41.935726,-87.718204,60618.0,False,False,2024.0,83.855421686747,22.89156626506024,55.42168674698795,5.0602409638554215,91.80722891566263,1.9277108433734944,0.2409638554216867,1
400173,PATHWAYS - BRIGHTON PARK HS,Pathways in Education- Brighton Park,HS,True,False,False,False,"9,10,11,12",9-12,408,355,53,110,13,382,11,0,1,0,0.0,1,0.0,0.0,Unknown,Unknown,Unknown,False,Unknown,Unknown,Unknown,Unknown,Unknown,,,29.2,65.2,14.3,85.6,Inability to Rate,Unknown,2024-25,Options,False,False,False,False,2014-07-01T00:00:00.000,Unknown,41.808226,-87.702645,60632.0,False,False,2024.0,87.00980392156863,12.990196078431374,26.96078431372549,3.1862745098039214,93.62745098039215,2.696078431372549,0.0,1
400175,EXCEL SOUTH SHORE HS,Excel Academy of South Shore,HS,True,False,False,False,"9,10,11,12",9-12,214,145,25,12,177,29,2,0,0,1,0.0,1,2.0,2.0,True,Unknown,Unknown,False,Unknown,Unknown,"6, 26, 71, 75","Green,Red",Unknown,,,22.5,65.2,20.0,85.6,Inability to Rate,Unknown,2024-25,Options,False,False,False,False,2014-07-01T00:00:00.000,Unknown,41.759749,-87.556487,60649.0,False,False,2024.0,67.7570093457944,11.682242990654206,5.607476635514018,82.71028037383178,13.551401869158877,0.9345794392523364,0.0,1
400176,EXCEL SOUTHWEST HS,Excel Academy Southwest,HS,True,True,False,False,"8,9,10,11,12",8-12,191,149,23,42,111,78,1,0,0,0,0.0,1,0.0,0.0,True,Unknown,Unknown,False,Unknown,Unknown,"67, 94",Unknown,Unknown,,,34.6,65.2,46.7,85.6,Inability to Rate,Unknown,2024-25,Options,False,False,False,False,2014-07-01T00:00:00.000,Unknown,41.765929,-87.69073,60629.0,False,False,2024.0,78.01047120418848,12.041884816753926,21.98952879581152,58.1151832460733,40.83769633507853,0.5235602094240838,0.0,1
400179,NOBLE - MANSUETO HS,Noble Mansueto High School,HS,True,False,False,False,"9,10,11,12",9-12,1078,978,143,477,5,1060,6,0,6,0,0.0,0,1.0,0.0,True,Unknown,Unknown,False,Unknown,Unknown,"47, 52, 53A, 62, 94",Orange,Unknown,,,76.1,65.2,91.0,85.6,Inability to Rate,Not Applicable,2024-25,Charter,True,False,False,True,2016-07-01T00:00:00.000,Unknown,41.800136,-87.728003,60632.0,False,False,2024.0,90.72356215213358,13.26530612244898,44.24860853432282,0.463821892393321,98.33024118738405,0.5565862708719851,0.0,0
400157,NOBLE - BAKER HS,Noble - Baker College Prep,HS,True,False,False,False,"9,10,11,12",9-12,280,241,67,36,235,43,1,0,0,0,0.0,1,0.0,0.0,True,Unknown,Unknown,False,Unknown,Unknown,"30, 87, 95",Red,Metra Electric District (ME),,,61.0,65.2,87.2,85.6,Inability to Rate,Not Applicable,2024-25,Charter,True,False,False,True,2013-07-01T00:00:00.000,Unknown,41.734622,-87.556201,60617.0,False,False,2024.0,86.07142857142858,23.92857142857143,12.857142857142856,83.92857142857143,15.357142857142858,0.3571428571428571,0.0,0
400181,ART IN MOTION,Art in Motion Charter School,HS,True,True,False,False,"7,8,9,10,11,12",7-12,601,522,124,6,569,23,0,0,1,0,0.0,3,0.0,5.0,Unknown,Unknown,Unknown,False,Unknown,Unknown,"28, 75, 71",Unknown,Unknown,,,59.75,67.2,81.1,78.9,Inability to Rate,Not Applicable,2024-25,Charter,False,False,False,False,2019-07-01T00:00:00.000,Unknown,41.760034,-87.583328,60649.0,False,False,2024.0,86.85524126455907,20.632279534109816,0.9983361064891848,94.67554076539102,3.826955074875208,0.0,0.0,1
609674,CHICAGO VOCATIONAL HS,Chicago Vocational Career Academy High School,HS,True,False,False,False,"9,10,11,12",9-12,582,434,171,72,504,69,4,0,0,0,0.0,1,0.0,4.0,True,Unknown,Unknown,True,True,Unknown,"14, 15, 87",Unknown,Unknown,,,41.7,65.2,78.1,85.6,Inability to Rate,Good Standing,2024-25,Network 17,True,False,False,True,2004-09-01T00:00:00.000,Unknown,41.737174,-87.573268,60617.0,False,False,2024.0,74.5704467353952,29.381443298969074,12.371134020618555,86.5979381443299,11.855670103092782,0.6872852233676976,0.0,1
609676,DUNBAR HS,Paul Laurence Dunbar Career Academy High School,HS,True,False,False,False,"9,10,11,12",9-12,329,283,65,4,318,8,1,1,0,0,0.0,1,0.0,0.0,True,Unknown,Unknown,True,Unknown,Unknown,"1, 3, 4",Unknown,Metra Electric District (ME),,,40.7,65.2,81.8,85.6,Inability to Rate,Intensive Support,2024-25,Network 17,True,False,False,True,2004-09-01T00:00:00.000,Unknown,41.840226,-87.617637,60616.0,False,False,2024.0,86.01823708206688,19.75683890577508,1.21580547112462,96.65653495440728,2.43161094224924,0.303951367781155,0.303951367781155,1
609678,JONES HS,William Jones College Preparatory High School,HS,True,False,False,False,"9,10,11,12",9-12,1933,802,177,62,246,656,554,381,10,0,0.0,80,5.0,1.0,False,Unknown,Unknown,True,Unknown,Unknown,"2, 6, 10, 29, 62, 144, 146","Blue, Brown, Pink, Red",Metra Electric District (ME),,,87.0,65.2,96.8,85.6,Inability to Rate,Good Standing,2024-25,Network 15,True,False,False,True,2004-09-01T00:00:00.000,Unknown,41.873066,-87.627675,60605.0,False,False,2024.0,41.48991205380238,9.156751163993793,3.207449560269012,12.72633212622866,33.936885669943095,28.660113812726333,19.71029487842732,0
609679,PROSSER HS,Charles Allen Prosser Career Academy High School,HS,True,False,False,False,"9,10,11,12",9-12,1163,1021,183,354,259,880,14,4,4,0,0.0,1,1.0,0.0,True,Unknown,Unknown,True,True,Unknown,"65, 74, 85",Unknown,Milwaukee District West (MD-W),,,74.0,65.2,84.7,85.6,Inability to Rate,Good Standing,2024-25,Network 15,True,False,False,True,2004-09-01T00:00:00.000,Unknown,41.920059,-87.761048,60639.0,False,False,2024.0,87.79019776440241,15.735167669819432,30.43852106620809,22.26999140154772,75.6663800515907,1.2037833190025795,0.3439380911435941,0
609680,PAYTON HS,Walter Payton College Preparatory High School,HS,True,False,False,False,"9,10,11,12",9-12,1254,418,127,36,116,327,401,347,4,0,0.0,57,2.0,0.0,False,Unknown,Unknown,True,Unknown,True,"11, 36, 70","Brown, Red",Unknown,,,91.1,65.2,98.7,85.6,Inability to Rate,Good Standing,2024-25,Network 15,True,False,False,True,2004-09-01T00:00:00.000,Unknown,41.901575,-87.635385,60610.0,False,False,2024.0,33.33333333333333,10.127591706539077,2.8708133971291865,9.250398724082936,26.076555023923444,31.97767145135566,27.67145135566188,0
609682,RICHARDS HS,Ellen H Richards Career Academy High School,HS,True,False,False,False,"9,10,11,12",9-12,309,278,56,146,86,205,1,0,2,0,0.0,0,0.0,15.0,True,Unknown,Unknown,False,Unknown,Unknown,"9, 51, 47","Green, Red",Unknown,,,48.7,65.2,76.9,85.6,Inability to Rate,Intensive Support,2024-25,Network 16,True,False,False,True,2004-09-01T00:00:00.000,Unknown,41.802881,-87.662278,60609.0,False,False,2024.0,89.96763754045307,18.12297734627832,47.249190938511326,27.831715210355988,66.34304207119742,0.3236245954692557,0.0,1
609691,NORTH-GRAND HS,North-Grand High School,HS,True,False,False,False,"9,10,11,12",9-12,1023,916,191,432,199,800,9,4,4,2,0.0,3,2.0,0.0,True,Unknown,Unknown,True,Unknown,Unknown,"65, 72",Unknown,Unknown,,,60.2,65.2,82.7,85.6,Inability to Rate,Good Standing,2024-25,Network 15,True,False,False,True,2004-09-01T00:00:00.000,Unknown,41.911674,-87.735238,60639.0,False,False,2024.0,89.54056695992179,18.670576735092865,42.22873900293255,19.45259042033236,78.20136852394917,0.8797653958944283,0.3910068426197458,0
609692,SIMEON HS,Neal F Simeon Career Academy High School,HS,True,False,False,False,"9,10,11,12",9-12,1046,940,162,6,1021,17,0,0,2,0,0.0,6,0.0,0.0,True,Unknown,Unknown,True,Unknown,Unknown,"24, 79",Red,Unknown,,,53.1,65.2,86.8,85.6,Inability to Rate,Good Standing,2024-25,Network 17,True,False,False,True,2004-09-01T00:00:00.000,Unknown,41.745781,-87.63541,60620.0,False,False,2024.0,89.8661567877629,15.487571701720842,0.5736137667304015,97.60994263862332,1.625239005736138,0.0,0.0,1
609693,WESTINGHOUSE HS,George Westinghouse College Prep,HS,True,False,False,False,"9,10,11,12",9-12,1213,910,105,100,570,513,33,76,3,0,0.0,16,2.0,0.0,True,Unknown,Unknown,True,Unknown,Unknown,"52, 82",Green,Union Pacific West (UP-W),,,86.4,65.2,96.5,85.6,Inability to Rate,Good Standing,2024-25,Network 15,True,False,False,True,2009-07-01T00:00:00.000,Unknown,41.889977,-87.707332,60624.0,False,False,2024.0,75.02061005770815,8.656224237427864,8.244023083264633,46.99093157460841,42.29183841714757,2.720527617477329,6.265457543281121,0
609694,HANCOCK HS,John Hancock College Preparatory High School,HS,True,False,False,False,"9,10,11,12",9-12,1043,672,61,41,14,930,72,7,2,0,0.0,4,1.0,13.0,True,Unknown,Unknown,False,Unknown,Unknown,"53A, 55, 59",Orange,Unknown,,,80.4,65.2,97.0,85.6,Inability to Rate,Good Standing,2024-25,Network 15,True,False,False,True,2004-09-01T00:00:00.000,Unknown,41.791464,-87.72447,60638.0,False,False,2024.0,64.42953020134227,5.848513902205178,3.9309683604985617,1.342281879194631,89.16586768935763,6.903163950143816,0.6711409395973155,0
609695,AMUNDSEN HS,Roald Amundsen High School,HS,True,False,False,False,"9,10,11,12",9-12,1418,520,238,193,91,530,643,92,1,1,0.0,57,3.0,0.0,False,Unknown,Unknown,True,Unknown,Unknown,"50, 92",Brown,Unknown,,,77.7,65.2,89.5,85.6,Inability to Rate,Good Standing,2024-25,Network 14,True,False,False,True,2004-09-01T00:00:00.000,Unknown,41.975067,-87.679484,60625.0,False,False,2024.0,36.67136812411847,16.784203102961918,13.610719322990128,6.417489421720733,37.37658674188998,45.34555712270805,6.488011283497884,0
609704,FARRAGUT HS,David G Farragut Career Academy High School,HS,True,False,False,False,"9,10,11,12",9-12,425,380,117,187,48,371,2,1,1,0,0.0,0,0.0,2.0,True,Unknown,Unknown,True,Unknown,Unknown,"21, 52, 82",Pink,Unknown,,,82.4,65.2,77.6,85.6,Inability to Rate,Intensive Support,2024-25,Network 16,True,False,False,True,2004-09-01T00:00:00.000,Unknown,41.84856,-87.708706,60623.0,False,False,2024.0,89.41176470588236,27.52941176470588,44.0,11.294117647058824,87.29411764705883,0.4705882352941176,0.2352941176470588,1
609705,FENGER HS,Christian Fenger Academy High School,HS,True,False,False,False,"9,10,11,12",9-12,202,159,45,11,182,17,2,0,1,0,0.0,0,0.0,0.0,True,Unknown,Unknown,False,Unknown,Unknown,8A,"Blue, Brown",Unknown,,,59.5,65.2,58.1,85.6,Inability to Rate,Intensive Support,2024-25,Network 17,True,False,False,True,2004-09-01T00:00:00.000,Unknown,41.689951,-87.637572,60628.0,False,False,2024.0,78.71287128712872,22.27722772277228,5.445544554455446,90.0990099009901,8.415841584158416,0.99009900990099,0.0,1
609708,FOREMAN HS,Edwin G. Foreman College and Career Academy,HS,True,False,False,False,"9,10,11,12",9-12,573,475,108,325,67,474,22,7,2,0,0.0,1,0.0,0.0,True,Unknown,Unknown,True,Unknown,Unknown,"54, 77, 85, 152",Blue,Unknown,,,47.6,65.2,66.7,85.6,Inability to Rate,Intensive Support,2024-25,Network 14,True,False,False,True,2004-09-01T00:00:00.000,Unknown,41.939797,-87.754167,60641.0,False,False,2024.0,82.89703315881326,18.848167539267017,56.71902268760908,11.69284467713787,82.72251308900523,3.8394415357766154,1.2216404886561951,1
609710,HARLAN HS,John M Harlan Community Academy High School,HS,True,False,False,False,"9,10,11,12",9-12,164,136,36,10,153,8,0,0,0,0,0.0,2,1.0,0.0,True,Unknown,Unknown,False,Unknown,Unknown,"5, 34, 95E, 100, 103, 106, 111, 119",Red,Unknown,,,36.6,65.2,75.3,85.6,Inability to Rate,Intensive Support,2024-25,Network 17,True,False,True,True,2004-09-01T00:00:00.000,Unknown,41.718372,-87.620623,60628.0,False,False,2024.0,82.92682926829268,21.951219512195124,6.097560975609756,93.29268292682929,4.878048780487805,0.0,0.0,1
609712,HIRSCH HS,Emil G Hirsch Metropolitan High School,HS,True,False,False,False,"9,10,11,12",9-12,110,73,24,13,97,13,0,0,0,0,0.0,0,0.0,0.0,True,Unknown,Unknown,False,Unknown,Unknown,"#4,#79,#74/75","Blue,Green",Metra Electric District (ME),,,26.7,65.2,54.2,85.6,Inability to Rate,Intensive Support,2024-25,Network 17,True,False,False,True,2004-09-01T00:00:00.000,Unknown,41.753748,-87.601727,60619.0,False,False,2024.0,66.36363636363637,21.818181818181817,11.818181818181818,88.18181818181819,11.818181818181818,0.0,0.0,1
609713,HYDE PARK HS,Hyde Park Academy High School,HS,True,False,False,False,"9,10,11,12",9-12,764,701,148,16,741,11,0,0,0,0,0.0,3,0.0,9.0,True,Unknown,Unknown,True,Unknown,Unknown,"6, 15, 28, 59, 63, X28, 170","Green, Red",Metra Electric District (ME),,,42.1,65.2,84.9,85.6,Inability to Rate,Good Standing,2024-25,Network 17,True,False,False,True,2004-09-01T00:00:00.000,Unknown,41.782257,-87.586615,60637.0,False,False,2024.0,91.75392670157068,19.3717277486911,2.094240837696335,96.98952879581152,1.4397905759162304,0.0,0.0,1
609715,KELLY HS,Thomas Kelly College Preparatory,HS,True,False,False,False,"9,10,11,12",9-12,1607,1452,269,794,28,1386,24,165,2,0,0.0,2,0.0,0.0,True,Unknown,Unknown,True,Unknown,Unknown,"39, 62, 94",Orange,Unknown,,,68.2,65.2,77.1,85.6,Inability to Rate,Provisional Support,2024-25,Network 16,True,False,False,True,2004-09-01T00:00:00.000,Unknown,41.818729,-87.694639,60632.0,True,False,2024.0,90.35469819539514,16.739265712507777,49.40883634100809,1.7423771001866837,86.24766645924082,1.4934660858743,10.267579340385812,1
609716,KELVYN PARK HS,Kelvyn Park High School,HS,True,True,False,False,"7,8,9,10,11,12",7-12,542,423,95,295,52,480,5,0,4,0,0.0,1,0.0,0.0,True,Unknown,Unknown,False,Unknown,Unknown,"74, 76",Blue,Milwaukee District North (MD-N),,,63.2,65.2,65.5,85.6,Inability to Rate,Intensive Support,2024-25,Network 14,True,False,True,True,2004-09-01T00:00:00.000,Unknown,41.927918,-87.735999,60639.0,False,False,2024.0,78.04428044280442,17.52767527675277,54.4280442804428,9.59409594095941,88.56088560885608,0.9225092250922508,0.0,1
609718,KENNEDY HS,John F Kennedy High School,HS,True,False,False,False,"9,10,11,12",9-12,1527,999,302,345,68,1267,173,12,0,0,0.0,6,1.0,0.0,True,Unknown,Unknown,True,Unknown,Unknown,"55N, 62, 62H",Orange,Unknown,,,71.9,65.2,81.5,85.6,Inability to Rate,Provisional Support,2024-25,Network 16,True,False,False,True,2004-09-01T00:00:00.000,Unknown,41.789961,-87.78084,60638.0,False,False,2024.0,65.42239685658153,19.7773411918795,22.593320235756384,4.453176162409954,82.97314996725605,11.329404060248857,0.7858546168958742,0
609719,LAKE VIEW HS,Lake View High School,HS,True,False,False,False,"9,10,11,12",9-12,1362,1039,204,357,174,1005,95,47,9,0,0.0,26,1.0,5.0,True,Unknown,Unknown,False,Unknown,Unknown,"9, 80, X9","Blue,Green,Pink,Purple,Orange,Brown,Red",Unknown,,,62.3,65.2,83.0,85.6,Inability to Rate,Good Standing,2024-25,Network 14,True,False,False,True,2004-09-01T00:00:00.000,Unknown,41.954764,-87.668953,60613.0,True,False,2024.0,76.2848751835536,14.977973568281936,26.21145374449339,12.77533039647577,73.7885462555066,6.975036710719531,3.450807635829662,0
609720,LANE TECH HS,Albert G Lane Technical High School,HS,True,True,False,False,"7,8,9,10,11,12",7-12,4590,1686,480,153,338,1625,1880,495,18,0,1.0,207,24.0,2.0,False,Unknown,Unknown,True,Unknown,Unknown,"49, 52, 77, 152","Blue, Brown",Unknown,,,90.9,65.2,97.4,85.6,Inability to Rate,Good Standing,2024-25,Network 14,True,False,True,True,2004-09-01T00:00:00.000,Unknown,41.946645,-87.691013,60618.0,False,False,2024.0,36.73202614379085,10.45751633986928,3.333333333333333,7.363834422657953,35.40305010893246,40.95860566448802,10.784313725490197,0
609723,MARSHALL HS,John Marshall Metropolitan High School,HS,True,False,False,False,"9,10,11,12",9-12,200,150,54,7,179,18,0,1,0,0,0.0,2,0.0,0.0,True,Unknown,Unknown,False,Unknown,Unknown,"20, 52, 82, 126",Green,Unknown,,,32.1,65.2,79.7,85.6,Inability to Rate,Intensive Support,2024-25,Network 15,True,False,False,True,2004-09-01T00:00:00.000,Unknown,41.878444,-87.70805,60624.0,False,False,2024.0,75.0,27.0,3.5000000000000004,89.5,9.0,0.0,0.5,1
609724,MATHER HS,Stephen T Mather High School,HS,True,False,False,False,"9,10,11,12",9-12,1657,1293,252,804,245,815,211,359,5,1,0.0,17,4.0,0.0,True,Unknown,Unknown,False,Unknown,Unknown,"11, 84, 93","Brown,Red",Unknown,,,70.8,65.2,85.6,85.6,Inability to Rate,Good Standing,2024-25,Network 14,True,False,False,True,2004-09-01T00:00:00.000,Unknown,41.987589,-87.702496,60659.0,False,False,2024.0,78.03258901629451,15.2082076041038,48.52142426071213,14.785757392878695,49.1852745926373,12.733856366928183,21.66566083283041,0
609725,MORGAN PARK HS,Morgan Park High School,HS,True,True,False,False,"7,8,9,10,11,12",7-12,1210,906,154,17,1158,42,5,1,0,0,0.0,3,1.0,0.0,True,Unknown,Unknown,True,Unknown,Unknown,"111, 112",Red,Rock Island District (RI),,,74.9,65.2,85.2,85.6,Inability to Rate,Good Standing,2024-25,Network 16,True,False,True,True,2004-09-01T00:00:00.000,Unknown,41.692035,-87.665658,60643.0,False,False,2024.0,74.87603305785125,12.727272727272728,1.4049586776859504,95.70247933884298,3.471074380165289,0.4132231404958678,0.0826446280991735,0
609698,BOGAN HS,William J Bogan High School,HS,True,False,False,False,"9,10,11,12",9-12,611,472,143,164,305,287,5,0,3,2,0.0,2,2.0,5.0,True,Unknown,Unknown,True,Unknown,Unknown,"53A, 79, 169",Unknown,Unknown,,,44.5,65.2,71.3,85.6,Inability to Rate,Intensive Support,2024-25,Network 16,True,False,False,True,2004-09-01T00:00:00.000,Unknown,41.749376,-87.721097,60652.0,False,False,2024.0,77.25040916530278,23.404255319148938,26.841243862520457,49.91816693944354,46.9721767594108,0.8183306055646482,0.0,1
609726,BROOKS HS,Gwendolyn Brooks College Preparatory Academy HS,HS,True,True,False,False,"7,8,9,10,11,12",7-12,990,607,68,11,780,177,21,2,0,0,0.0,10,0.0,0.0,True,Unknown,Unknown,True,Unknown,Unknown,34111119,Orange,Metra Electric District (ME),,,65.5,65.2,90.9,85.6,Inability to Rate,Good Standing,2024-25,ISP,True,False,True,True,2004-09-01T00:00:00.000,Unknown,41.692763,-87.616353,60628.0,False,False,2024.0,61.31313131313131,6.8686868686868685,1.1111111111111112,78.78787878787878,17.87878787878788,2.121212121212121,0.202020202020202,0
609727,PHILLIPS HS,Wendell Phillips Academy High School,HS,True,False,False,False,"9,10,11,12",9-12,395,332,79,10,362,17,1,0,0,0,0.0,2,2.0,11.0,True,Unknown,Unknown,False,Unknown,Unknown,"1, 3, 39","Green,Red",Unknown,,,61.8,65.2,75.2,85.6,Inability to Rate,Intensive Support,2024-25,Network 17,True,False,False,True,2004-09-01T00:00:00.000,Unknown,41.82388,-87.619796,60653.0,False,False,2024.0,84.05063291139241,20.0,2.5316455696202533,91.64556962025316,4.30379746835443,0.2531645569620253,0.0,1
609728,ROOSEVELT HS,Theodore Roosevelt High School,HS,True,False,False,False,"9,10,11,12",9-12,1066,816,166,712,57,861,39,84,3,0,0.0,10,1.0,11.0,True,Unknown,Unknown,True,Unknown,Unknown,"78, 81, 82",Brown,Unknown,,,55.6,65.2,76.6,85.6,Inability to Rate,Provisional Support,2024-25,Network 14,True,False,True,True,2004-09-01T00:00:00.000,Unknown,41.964828,-87.714819,60625.0,False,False,2024.0,76.54784240150094,15.572232645403378,66.79174484052533,5.347091932457786,80.76923076923077,3.658536585365853,7.879924953095685,1
609729,SCHURZ HS,Carl Schurz High School,HS,True,False,False,False,"9,10,11,12",9-12,1110,906,239,585,86,928,52,21,8,1,0.0,11,3.0,0.0,True,Unknown,Unknown,True,Unknown,Unknown,"56, 152",Blue,Milwaukee District North (MD-N),,,62.5,65.2,82.4,85.6,Inability to Rate,Intensive Support,2024-25,Network 14,True,False,False,True,2004-09-01T00:00:00.000,Unknown,41.946365,-87.735612,60641.0,False,False,2024.0,81.62162162162161,21.53153153153153,52.702702702702695,7.747747747747748,83.6036036036036,4.684684684684685,1.891891891891892,0
609730,SENN HS,Nicholas Senn High School,HS,True,False,False,False,"9,10,11,12",9-12,1499,1040,187,513,352,594,269,225,9,0,0.0,34,2.0,14.0,True,Unknown,Unknown,False,Unknown,Unknown,"22, 36, 84",Red,Unknown,,,75.2,65.2,88.8,85.6,Inability to Rate,Good Standing,2024-25,Network 14,True,False,False,True,2004-09-01T00:00:00.000,Unknown,41.989029,-87.667136,60660.0,False,False,2024.0,69.37958639092729,12.47498332221481,34.2228152101401,23.482321547698465,39.62641761174116,17.945296864576385,15.010006671114075,0
609732,STEINMETZ HS,Charles P Steinmetz College Preparatory HS,HS,True,False,False,False,"9,10,11,12",9-12,1047,853,168,492,174,779,78,7,6,0,0.0,2,1.0,0.0,True,Unknown,Unknown,False,Unknown,Unknown,"76, 77, 86",Unknown,Unknown,,,63.0,65.2,79.0,85.6,Inability to Rate,Provisional Support,2024-25,Network 14,True,False,False,True,2004-09-01T00:00:00.000,Unknown,41.935634,-87.783515,60634.0,False,False,2024.0,81.47086914995224,16.045845272206304,46.99140401146132,16.6189111747851,74.40305635148043,7.4498567335243555,0.6685768863419294,1
609733,SULLIVAN HS,Roger C Sullivan High School,HS,True,False,False,False,"9,10,11,12",9-12,727,472,144,471,221,270,112,82,3,18,0.0,11,1.0,9.0,True,Unknown,Unknown,True,Unknown,Unknown,"22, 155",Red,Union Pacific North (UP-N),,,51.7,65.2,72.2,85.6,Inability to Rate,Provisional Support,2024-25,Network 14,True,False,False,True,2004-09-01T00:00:00.000,Unknown,42.002688,-87.669192,60626.0,False,False,2024.0,64.92434662998625,19.80742778541953,64.78679504814305,30.39889958734526,37.13892709766162,15.405777166437415,11.279229711141678,1
609734,TAFT HS,William Howard Taft High School,HS,True,True,False,False,"7,8,9,10,11,12",7-12,4280,2220,490,941,118,1919,1696,327,14,0,0.0,95,26.0,85.0,False,Unknown,Unknown,True,Unknown,Unknown,"68, 86",Blue,Union Pacific Northwest (UP-NW),,,72.5,65.2,92.7,85.6,Inability to Rate,Good Standing,2024-25,Network 14,True,False,True,True,2004-09-01T00:00:00.000,Unknown,41.982961,-87.791547,60631.0,False,False,2024.0,51.86915887850467,11.448598130841122,21.985981308411212,2.7570093457943927,44.83644859813084,39.62616822429906,7.640186915887851,0
609738,LINCOLN PARK HS,Lincoln Park High School,HS,True,False,False,False,"9,10,11,12",9-12,2176,938,169,176,468,638,665,276,8,0,0.0,83,7.0,31.0,False,Unknown,Unknown,True,Unknown,Unknown,"8, 11, 73, 74, 37","Blue,Purple,Brown,Red",Unknown,,,88.5,65.2,84.8,85.6,Inability to Rate,Good Standing,2024-25,Network 14,True,False,False,True,2004-09-01T00:00:00.000,Unknown,41.918268,-87.646009,60614.0,False,False,2024.0,43.106617647058826,7.766544117647059,8.088235294117647,21.50735294117647,29.31985294117647,30.56066176470588,12.683823529411764,0
609739,WASHINGTON HS,George Washington High School,HS,True,False,False,False,"9,10,11,12",9-12,1476,1212,246,487,102,1316,49,0,2,0,0.0,6,1.0,0.0,True,Unknown,Unknown,True,Unknown,Unknown,30,Unknown,Unknown,,,63.0,65.2,84.4,85.6,Inability to Rate,Provisional Support,2024-25,Network 17,True,False,False,True,2004-09-01T00:00:00.000,Unknown,41.688137,-87.53757,60617.0,False,False,2024.0,82.11382113821138,16.666666666666664,32.99457994579946,6.910569105691057,89.15989159891599,3.3197831978319785,0.0,0
609740,WELLS HS,Wells Community Academy High School,HS,True,False,False,False,"9,10,11,12",9-12,352,244,60,146,136,178,26,3,1,0,0.0,6,0.0,2.0,True,Unknown,Unknown,False,Unknown,Unknown,"9, 56, 66","Blue,Green",Unknown,,,50.8,65.2,78.4,85.6,Inability to Rate,Provisional Support,2024-25,Network 15,True,False,False,True,2004-09-01T00:00:00.000,Unknown,41.898995,-87.667483,60622.0,False,False,2024.0,69.31818181818183,17.045454545454543,41.47727272727273,38.63636363636363,50.56818181818182,7.386363636363637,0.8522727272727272,1
609744,NORTHSIDE LEARNING HS,Northside Learning Center High School,HS,True,False,False,False,"9,10,11,12",9-12,271,215,271,113,46,153,47,21,0,0,0.0,4,0.0,0.0,True,Unknown,Unknown,True,Unknown,Unknown,Unknown,Unknown,Unknown,,,59.75,67.2,3.4,85.6,Inability to Rate,Good Standing,2024-25,Network 14,False,False,False,False,2004-09-01T00:00:00.000,Unknown,41.982973,-87.722386,60659.0,False,False,2024.0,79.33579335793358,100.0,41.69741697416974,16.974169741697416,56.45756457564576,17.343173431734318,7.7490774907749085,1
609745,SOUTHSIDE HS,Southside Occupational Academy High School,HS,True,False,False,False,12,12,378,308,378,91,222,144,10,0,0,0,0.0,1,1.0,0.0,True,Unknown,Unknown,False,Unknown,Unknown,Unknown,Unknown,Unknown,,,59.75,67.2,81.1,78.9,Inability to Rate,Good Standing,2024-25,Network 16,False,False,False,False,2004-09-01T00:00:00.000,Unknown,41.759852,-87.675947,60636.0,False,True,2024.0,81.48148148148148,100.0,24.074074074074076,58.730158730158735,38.095238095238095,2.6455026455026456,0.0,1
609746,KENWOOD HS,Kenwood Academy High School,HS,True,True,False,False,"7,8,9,10,11,12",7-12,2219,1235,130,80,1827,153,144,36,2,0,0.0,53,3.0,1.0,True,Unknown,Unknown,True,Unknown,Unknown,"2, 6, 15, 28, X28",Blue,Metra Electric District (ME),,,71.9,65.2,94.4,85.6,Inability to Rate,Good Standing,2024-25,Network 17,True,False,True,True,2004-09-01T00:00:00.000,Unknown,41.803772,-87.590421,60615.0,False,False,2024.0,55.65570076611086,5.8584948174853535,3.605227579990987,82.33438485804416,6.894997746732763,6.489409643983776,1.622352410995944,0
609749,NORTHSIDE PREP HS,Northside College Preparatory High School,HS,True,False,False,False,"9,10,11,12",9-12,1061,398,136,42,64,300,373,248,3,0,0.0,49,6.0,18.0,False,Unknown,Unknown,True,Unknown,Unknown,"82, 92",Unknown,Unknown,,,95.1,65.2,97.5,85.6,Inability to Rate,Good Standing,2024-25,Network 14,True,False,False,True,2004-09-01T00:00:00.000,Unknown,41.981315,-87.708708,60625.0,False,False,2024.0,37.51178133836004,12.81809613572102,3.9585296889726673,6.032045240339302,28.27521206409048,35.1555136663525,23.3741753063148,0
609751,KING HS,Dr  Martin Luther King  Jr  College Prep HS,HS,True,False,False,False,"9,10,11,12",9-12,793,661,97,12,759,23,3,2,1,0,0.0,4,1.0,0.0,True,Unknown,Unknown,True,Unknown,Unknown,"4, 43, 47","Green,Red",Metra Electric District (ME),,,73.1,65.2,91.4,85.6,Inability to Rate,Good Standing,2024-25,Network 17,True,False,False,True,2004-09-01T00:00:00.000,Unknown,41.813675,-87.603874,60653.0,False,False,2024.0,83.35435056746532,12.23203026481715,1.5132408575031526,95.7124842370744,2.900378310214376,0.3783102143757881,0.2522068095838587,0
609753,CHICAGO AGRICULTURE HS,Chicago High School for Agricultural Sciences,HS,True,False,False,False,"9,10,11,12",9-12,764,399,192,47,395,184,167,6,1,0,0.0,10,1.0,0.0,False,Unknown,Unknown,True,Unknown,Unknown,"52A, 53A, 112",Unknown,Unknown,,,70.8,65.2,79.7,85.6,Inability to Rate,Good Standing,2024-25,ISP,True,False,False,True,2004-09-01T00:00:00.000,Unknown,41.691221,-87.71777,60655.0,False,False,2024.0,52.22513089005235,25.13089005235602,6.151832460732985,51.70157068062827,24.083769633507853,21.858638743455497,0.7853403141361256,1
609754,CHICAGO MILITARY HS,Chicago Military Academy High School,HS,True,False,False,False,"9,10,11,12",9-12,199,163,35,25,138,55,1,2,3,0,0.0,0,0.0,0.0,True,Unknown,Unknown,False,Unknown,Unknown,"1, 3, 4, 35","Green, Red",Rock Island District (RI),,,50.9,65.2,81.8,85.6,Inability to Rate,Good Standing,2024-25,Network 17,True,False,False,True,2004-09-01T00:00:00.000,Unknown,41.830555,-87.619216,60653.0,False,False,2024.0,81.90954773869346,17.587939698492463,12.562814070351758,69.34673366834171,27.63819095477387,0.5025125628140703,1.0050251256281406,1
609755,YOUNG HS,Whitney M Young Magnet High School,HS,True,True,False,False,"7,8,9,10,11,12",7-12,2208,747,212,54,411,608,530,546,9,1,0.0,87,16.0,0.0,False,Unknown,Unknown,True,True,Unknown,"9, 20, 126",Blue,Unknown,,,88.5,65.2,95.6,85.6,Inability to Rate,Good Standing,2024-25,Network 15,True,False,True,True,2004-09-01T00:00:00.000,Unknown,41.878603,-87.664233,60607.0,False,False,2024.0,33.83152173913043,9.601449275362318,2.4456521739130435,18.61413043478261,27.536231884057973,24.0036231884058,24.72826086956521,0
609756,CURIE HS,Marie Sklodowska Curie Metropolitan High School,HS,True,False,False,False,"9,10,11,12",9-12,2872,2443,328,929,237,2522,39,60,8,0,0.0,6,0.0,0.0,True,Unknown,Unknown,False,True,True,"53A, 62","Blue,Orange",Unknown,,,68.5,65.2,77.4,85.6,Inability to Rate,Good Standing,2024-25,Network 15,True,False,False,True,2004-09-01T00:00:00.000,Unknown,41.80306,-87.722042,60632.0,False,False,2024.0,85.06267409470752,11.420612813370472,32.34679665738162,8.252089136490252,87.8133704735376,1.3579387186629526,2.0891364902506964,1
609760,CARVER MILITARY HS,George Washington Carver Military Academy HS,HS,True,False,False,False,"9,10,11,12",9-12,414,325,57,86,174,228,8,0,1,0,0.0,3,0.0,0.0,True,Unknown,Unknown,False,Unknown,Unknown,34,Red,Unknown,,,63.8,65.2,89.0,85.6,Inability to Rate,Good Standing,2024-25,Network 17,True,False,False,True,2004-09-01T00:00:00.000,Unknown,41.65629,-87.59062,60827.0,False,False,2024.0,78.50241545893721,13.768115942028986,20.77294685990338,42.028985507246375,55.072463768115945,1.932367149758454,0.0,0
609761,CORLISS HS,George H Corliss High School,HS,True,False,False,False,"9,10,11,12",9-12,365,288,81,33,316,43,1,0,0,0,0.0,4,1.0,0.0,True,Unknown,Unknown,True,Unknown,Unknown,"34, 106, 111, 4",Red,Metra Electric District (ME),,,50.0,65.2,79.2,85.6,Inability to Rate,Good Standing,2024-25,Network 17,True,False,False,True,2004-09-01T00:00:00.000,Unknown,41.70666,-87.601216,60628.0,False,False,2024.0,78.9041095890411,22.19178082191781,9.04109589041096,86.57534246575342,11.78082191780822,0.273972602739726,0.0,1
609722,MANLEY HS,Manley Career Academy High School,HS,True,False,False,False,"9,10,11,12",9-12,128,109,34,9,112,13,1,1,0,0,0.0,1,0.0,0.0,True,Unknown,Unknown,False,Unknown,Unknown,"7, 12, 94",Blue,Unknown,,,10.0,65.2,57.1,85.6,Inability to Rate,Intensive Support,2024-25,Network 15,True,False,False,True,2004-09-01T00:00:00.000,Unknown,41.870939,-87.699896,60612.0,False,False,2024.0,85.15625,26.5625,7.03125,87.5,10.15625,0.78125,0.78125,1
609764,JUAREZ HS,Benito Juarez Community Academy High School,HS,True,False,False,False,"9,10,11,12",9-12,1508,1314,207,675,33,1437,21,11,4,0,0.0,1,1.0,0.0,True,Unknown,Unknown,False,Unknown,Unknown,"9, 21, 60","Blue,Pink,Red",Unknown,,,79.5,65.2,86.6,85.6,Inability to Rate,Good Standing,2024-25,Network 15,True,False,False,True,2004-09-01T00:00:00.000,Unknown,41.852667,-87.663732,60608.0,False,False,2024.0,87.13527851458885,13.726790450928384,44.761273209549074,2.188328912466844,95.29177718832892,1.3925729442970822,0.7294429708222812,0
609766,VAUGHN HS,Jacqueline B Vaughn Occupational High School,HS,True,False,False,False,"9,10,11,12",9-12,227,175,227,95,40,137,34,7,2,0,0.0,3,1.0,3.0,True,Unknown,Unknown,True,Unknown,Unknown,Unknown,Unknown,Unknown,,,59.75,65.2,81.1,85.6,Inability to Rate,Good Standing,2024-25,Network 14,False,False,False,False,2004-09-01T00:00:00.000,Unknown,41.960364,-87.764663,60641.0,False,False,2024.0,77.09251101321586,100.0,41.85022026431718,17.62114537444934,60.352422907488986,14.977973568281936,3.0837004405286343,1
609769,GRAHAM HS,Ray Graham Training Center High School,HS,True,False,False,False,12,12,257,230,257,102,95,130,12,11,3,0,0.0,4,1.0,1.0,True,Unknown,Unknown,False,Unknown,Unknown,Unknown,"Green, Red",Unknown,,,13.6,65.2,81.1,78.9,Inability to Rate,Good Standing,2024-25,Network 14,False,False,False,False,2004-09-01T00:00:00.000,Unknown,41.849675,-87.625315,60616.0,False,True,2024.0,89.49416342412452,100.0,39.688715953307394,36.964980544747085,50.58365758754864,4.669260700389105,4.280155642023346,1
609709,GAGE PARK HS,Gage Park High School,HS,True,False,False,False,"9,10,11,12",9-12,334,282,64,208,60,270,4,0,0,0,0.0,0,0.0,0.0,True,Unknown,Unknown,False,Unknown,Unknown,"49, 55, 94",Green,Unknown,,,50.7,65.2,75.0,85.6,Inability to Rate,Intensive Support,2024-25,Network 16,True,False,False,True,2004-09-01T00:00:00.000,Unknown,41.791013,-87.688954,60629.0,False,False,2024.0,84.4311377245509,19.16167664670659,62.27544910179641,17.964071856287426,80.83832335329342,1.1976047904191618,0.0,1
609741,HUBBARD HS,Gurdon S Hubbard High School,HS,True,False,False,False,"9,10,11,12",9-12,1549,1378,201,578,65,1463,15,0,5,0,0.0,1,0.0,0.0,True,Unknown,Unknown,False,Unknown,Unknown,"53A, 63, 59",Orange,Unknown,,,65.6,65.2,85.4,85.6,Inability to Rate,Good Standing,2024-25,Network 16,True,False,False,True,2004-09-01T00:00:00.000,Unknown,41.780526,-87.718014,60629.0,True,False,2024.0,88.96061975468044,12.976113621691413,37.314396384764365,4.196255648805681,94.44803098773404,0.9683666881859264,0.0,0
609783,JEFFERSON HS,Nancy B Jefferson Alternative High School,HS,True,True,True,False,"6,7,8,9,10,11,12",6-12,190,117,71,12,155,28,6,0,0,0,0.0,1,0.0,0.0,True,Unknown,Unknown,False,Unknown,Unknown,Unknown,Unknown,Unknown,,,59.75,67.2,10.4,85.6,Inability to Rate,Good Standing,2024-25,Options,False,False,False,False,2004-09-01T00:00:00.000,Unknown,41.867832,-87.680418,60612.0,False,False,2024.0,61.578947368421055,37.368421052631575,6.315789473684211,81.57894736842105,14.736842105263156,3.1578947368421053,0.0,1
609759,CLEMENTE HS,Roberto Clemente Community Academy High School,HS,True,False,False,False,"9,10,11,12",9-12,664,569,138,297,176,459,19,3,0,0,0.0,6,1.0,0.0,True,Unknown,Unknown,True,Unknown,Unknown,"49, 70","Blue,Red",Unknown,,,56.3,65.2,83.1,85.6,Inability to Rate,Intensive Support,2024-25,Network 15,True,False,False,True,2004-09-01T00:00:00.000,Unknown,41.902626,-87.686906,60622.0,False,False,2024.0,85.69277108433735,20.783132530120483,44.72891566265061,26.506024096385545,69.12650602409639,2.86144578313253,0.4518072289156626,1
609780,MARINE LEADERSHIP AT AMES HS,Marine Leadership Academy at Ames,HS,True,True,False,False,"7,8,9,10,11,12",7-12,529,481,77,259,11,497,16,3,0,0,0.0,1,1.0,0.0,True,Unknown,Unknown,False,Unknown,Unknown,73,Unknown,Unknown,,,68.4,65.2,93.8,85.6,Inability to Rate,Good Standing,2024-25,Network 14,True,False,True,True,2004-09-01T00:00:00.000,Unknown,41.916045,-87.721742,60647.0,False,False,2024.0,90.92627599243856,14.555765595463138,48.96030245746692,2.0793950850661624,93.95085066162572,3.0245746691871456,0.5671077504725899,0
609735,TILDEN HS,Edward Tilden Career Community Academy HS,HS,True,False,False,False,"9,10,11,12",9-12,246,178,69,109,82,141,17,2,0,0,0.0,2,0.0,2.0,True,Unknown,Unknown,True,Unknown,Unknown,"8, 44, 47",Red,Unknown,,,35.0,65.2,57.4,85.6,Inability to Rate,Intensive Support,2024-25,Network 16,True,False,False,True,2004-09-01T00:00:00.000,Unknown,41.80751,-87.642966,60609.0,False,False,2024.0,72.35772357723577,28.04878048780488,44.3089430894309,33.33333333333333,57.3170731707317,6.910569105691057,0.8130081300813009,1
609748,YORK HS,Consuella B York Alternative High School,HS,True,False,False,False,"9,10,11,12",9-12,169,88,64,12,128,35,2,1,1,0,0.0,1,1.0,0.0,True,Unknown,Unknown,False,Unknown,Unknown,Unknown,Unknown,Unknown,,,2.9,65.2,81.1,85.6,Inability to Rate,Good Standing,2024-25,Options,False,False,False,False,2004-09-01T00:00:00.000,Unknown,41.842533,-87.695261,60608.0,False,False,2024.0,52.071005917159766,37.8698224852071,7.100591715976331,75.7396449704142,20.710059171597635,1.183431952662722,0.591715976331361,1
609762,JULIAN HS,Percy L Julian High School,HS,True,False,False,False,"9,10,11,12",9-12,404,320,119,7,384,14,1,0,3,0,0.0,1,1.0,0.0,True,Unknown,Unknown,False,Unknown,Unknown,"8A, 9, 103, 108, 112",Unknown,Rock Island District (RI),,,44.4,65.2,72.9,85.6,Inability to Rate,Intensive Support,2024-25,Network 16,True,False,False,True,2004-09-01T00:00:00.000,Unknown,41.705859,-87.653749,60643.0,True,False,2024.0,79.20792079207921,29.45544554455445,1.7326732673267329,95.04950495049503,3.4653465346534658,0.2475247524752475,0.0,1
400119,LEGAL PREP HS,Legal Prep Charter Academy,HS,True,False,False,False,"9,10,11,12",9-12,204,173,45,3,198,5,0,0,0,0,0.0,1,0.0,0.0,True,Unknown,Unknown,False,Unknown,Unknown,20126,Green,Unknown,,,31.4,65.2,81.0,85.6,Inability to Rate,Not Applicable,2024-25,Charter,True,False,False,True,2012-07-01T00:00:00.000,Unknown,41.881733,-87.733778,60624.0,False,False,2024.0,84.80392156862744,22.058823529411764,1.4705882352941175,97.05882352941175,2.450980392156863,0.0,0.0,1
610244,CLARK HS,Michele Clark Academic Prep Magnet High School,HS,True,False,False,False,"9,10,11,12",9-12,439,423,107,5,431,8,0,0,0,0,0.0,0,0.0,0.0,True,Unknown,Unknown,True,Unknown,Unknown,"7, 57, 126","Blue,Green",Unknown,,,54.0,65.2,82.4,85.6,Inability to Rate,Good Standing,2024-25,ISP,True,False,False,True,2004-09-01T00:00:00.000,Unknown,41.872885,-87.753325,60644.0,False,False,2024.0,96.35535307517084,24.373576309794988,1.1389521640091116,98.17767653758544,1.8223234624145783,0.0,0.0,1
610245,DOUGLASS HS,Frederick A Douglass Academy High School,HS,True,False,False,False,"9,10,11,12",9-12,28,27,8,1,27,1,0,0,0,0,0.0,0,0.0,0.0,True,Unknown,Unknown,False,Unknown,Unknown,"66, 85",Green,Unknown,,,59.75,67.2,81.1,78.9,Inability to Rate,Good Standing,2024-25,Network 15,True,False,False,True,2004-09-01T00:00:00.000,Unknown,41.890369,-87.767668,60644.0,False,False,2024.0,96.42857142857144,28.57142857142857,3.571428571428571,96.42857142857144,3.571428571428571,0.0,0.0,1
610323,BOWEN HS,Bowen High School,HS,True,False,False,False,"9,10,11,12",9-12,255,200,66,80,159,93,1,0,0,1,0.0,1,0.0,0.0,True,Unknown,Unknown,True,Unknown,Unknown,"30, 87, 95E",Unknown,Metra Electric District (ME),,,46.3,65.2,58.1,85.6,Inability to Rate,Intensive Support,2024-25,Network 17,True,False,False,True,2004-09-01T00:00:00.000,Unknown,41.734627,-87.55755,60617.0,False,False,2024.0,78.43137254901961,25.882352941176475,31.37254901960784,62.35294117647059,36.47058823529412,0.392156862745098,0.0,1
610334,RABY HS,Al Raby High School,HS,True,False,False,False,"9,10,11,12",9-12,113,108,63,11,99,12,1,0,1,0,0.0,0,0.0,0.0,True,Unknown,Unknown,True,Unknown,Unknown,82,Green,Union Pacific West (UP-W),,,73.7,65.2,75.8,85.6,Inability to Rate,Good Standing,2024-25,Network 15,True,False,False,True,2004-09-01T00:00:00.000,Unknown,41.88621,-87.715423,60624.0,False,False,2024.0,95.57522123893806,55.75221238938053,9.734513274336283,87.61061946902655,10.619469026548671,0.8849557522123894,0.0,1
610340,CHICAGO ACADEMY HS,Chicago Academy High School,HS,True,False,False,False,"9,10,11,12",9-12,566,454,99,176,26,434,90,7,3,0,0.0,2,4.0,0.0,True,Unknown,Unknown,False,Unknown,Unknown,"85, 91, 152",Unknown,Unknown,,,73.2,65.2,96.2,85.6,Inability to Rate,Good Standing,2024-25,Network 14,True,False,False,True,2004-09-01T00:00:00.000,Unknown,41.943054,-87.776847,60634.0,False,False,2024.0,80.21201413427562,17.491166077738516,31.09540636042403,4.593639575971731,76.67844522968198,15.901060070671376,1.2367491166077738,0
610357,SPRY HS,Spry Community Links High School,HS,True,False,False,False,"9,10,11,12",9-12,82,71,15,61,2,79,0,0,1,0,0.0,0,0.0,0.0,True,Unknown,Unknown,False,Unknown,Unknown,"21, 94",Unknown,Unknown,,,63.2,65.2,70.6,85.6,Inability to Rate,Not Applicable,2024-25,Network 16,True,False,False,True,2004-09-01T00:00:00.000,Unknown,41.847762,-87.698946,60623.0,False,False,2024.0,86.58536585365853,18.29268292682927,74.39024390243902,2.4390243902439024,96.34146341463416,0.0,0.0,1
610381,BRONZEVILLE HS,Bronzeville Scholastic Academy High School,HS,True,False,False,False,"9,10,11,12",9-12,110,99,31,2,103,6,0,0,0,0,0.0,0,1.0,0.0,True,Unknown,Unknown,True,Unknown,Unknown,"1, 29","Green,Red",Metra Electric District (ME),,,58.3,65.2,82.4,85.6,Inability to Rate,Good Standing,2024-25,Network 17,True,False,False,True,2004-09-01T00:00:00.000,Unknown,41.805204,-87.625004,60615.0,False,False,2024.0,90.0,28.18181818181818,1.818181818181818,93.63636363636364,5.454545454545454,0.0,0.0,1
610383,SOCIAL JUSTICE HS,Greater Lawndale High School For Social Justice,HS,True,False,False,False,"9,10,11,12",9-12,259,234,39,124,46,211,1,1,0,0,0.0,0,0.0,0.0,True,Unknown,Unknown,False,Unknown,Unknown,"53, 53A, 54B",Unknown,Unknown,,,62.2,65.2,81.3,85.6,Inability to Rate,Provisional Support,2024-25,Network 15,True,False,False,True,2004-09-01T00:00:00.000,Unknown,41.833507,-87.735299,60623.0,False,False,2024.0,90.34749034749036,15.05791505791506,47.87644787644788,17.760617760617762,81.46718146718148,0.3861003861003861,0.3861003861003861,0
610384,INFINITY HS,Infinity Math Science and Technology High School,HS,True,False,False,False,"9,10,11,12",9-12,409,369,54,131,15,388,4,0,1,0,0.0,0,1.0,0.0,True,Unknown,Unknown,False,Unknown,Unknown,"53, 53A, 54, 82",Unknown,Unknown,,,58.2,65.2,92.6,85.6,Inability to Rate,Good Standing,2024-25,Network 15,True,False,False,True,2004-09-01T00:00:00.000,Unknown,41.836169,-87.735278,60623.0,False,False,2024.0,90.2200488997555,13.202933985330072,32.02933985330073,3.6674816625916873,94.86552567237165,0.9779951100244498,0.0,1
610385,MULTICULTURAL ARTS HS,Multicultural Arts High School,HS,True,False,False,False,"9,10,11,12",9-12,279,215,44,153,46,230,3,0,0,0,0.0,0,0.0,0.0,True,Unknown,Unknown,False,Unknown,Unknown,"53, 53A, 54B, 82",Unknown,Unknown,,,44.7,65.2,63.5,85.6,Inability to Rate,Intensive Support,2024-25,Network 15,True,False,False,True,2004-09-01T00:00:00.000,Unknown,41.835282,-87.735283,60623.0,False,False,2024.0,77.06093189964157,15.770609318996415,54.83870967741935,16.48745519713262,82.43727598566308,1.0752688172043012,0.0,1
610386,PEACE AND EDUCATION HS,Peace & Education Coalition HS,HS,True,False,False,False,"10,11,12",10-12,191,131,24,114,38,147,3,2,0,0,0.0,1,0.0,0.0,True,Unknown,Unknown,False,Unknown,Unknown,Unknown,Unknown,Unknown,,,30.8,65.2,81.1,78.9,Inability to Rate,Good Standing,2024-25,Options,False,False,False,False,2004-09-01T00:00:00.000,Unknown,41.803515,-87.667378,60609.0,False,False,2024.0,68.58638743455498,12.56544502617801,59.68586387434554,19.895287958115183,76.96335078534031,1.5706806282722512,1.0471204188481675,1
610391,LINDBLOM HS,Robert Lindblom Math & Science Academy HS,HS,True,True,False,False,"7,8,9,10,11,12",7-12,1286,754,87,41,850,375,34,6,1,0,0.0,16,2.0,2.0,True,Unknown,Unknown,True,Unknown,Unknown,"9, 48, 63",Green,Unknown,,,83.1,65.2,93.4,85.6,Inability to Rate,Good Standing,2024-25,Network 16,True,False,True,True,2004-09-01T00:00:00.000,Unknown,41.782041,-87.671662,60636.0,False,False,2024.0,58.63141524105754,6.765163297045102,3.188180404354588,66.09642301710731,29.1601866251944,2.6438569206842923,0.4665629860031104,0
610394,UPLIFT HS,Uplift Community High School,HS,True,False,False,False,"9,10,11,12",9-12,218,173,73,67,132,68,9,6,1,0,0.0,2,0.0,0.0,True,Unknown,Unknown,True,Unknown,Unknown,"78, 81, 136, 144, 145, 146, 148, 151","Purple,Red",Unknown,,,41.2,65.2,70.0,85.6,Inability to Rate,Good Standing,2024-25,Network 14,True,False,False,True,2005-09-01T00:00:00.000,Unknown,41.965547,-87.652473,60640.0,False,False,2024.0,79.35779816513761,33.48623853211009,30.73394495412844,60.550458715596335,31.19266055045872,4.128440366972478,2.752293577981652,1
610402,DEVRY HS,DeVry University Advantage Academy HS,HS,True,False,False,False,"11,12",11-12,151,104,7,15,53,65,19,9,0,0,0.0,5,0.0,0.0,True,Unknown,Unknown,False,Unknown,Unknown,"49, 77, 52",Brown,Unknown,,,89.6,65.2,81.1,78.9,Inability to Rate,Good Standing,2024-25,Network 14,False,False,False,False,2004-09-01T00:00:00.000,Unknown,41.941388,-87.690761,60640.0,False,False,2024.0,68.87417218543047,4.635761589403973,9.933774834437086,35.099337748344375,43.04635761589404,12.582781456953644,5.960264900662252,0
610389,ORR HS,Orr Academy High School,HS,True,False,False,False,"9,10,11,12",9-12,311,215,55,128,155,149,3,1,0,0,0.0,1,2.0,0.0,True,Unknown,Unknown,False,Unknown,Unknown,"53, 66",Unknown,Unknown,,,44.4,65.2,66.7,85.6,Inability to Rate,Intensive Support,2024-25,Network 15,True,False,False,True,2008-07-01T00:00:00.000,Unknown,41.894449,-87.726166,60624.0,False,False,2024.0,69.13183279742765,17.684887459807076,41.157556270096464,49.839228295819936,47.90996784565916,0.964630225080386,0.3215434083601286,1
610390,RICKOVER MILITARY HS,Hyman G Rickover Naval Academy High School,HS,True,False,False,False,"9,10,11,12",9-12,522,359,75,136,13,408,82,9,0,0,0.0,9,1.0,0.0,True,Unknown,Unknown,False,Unknown,Unknown,"91, 78, 85, 80",Blue,Union Pacific Northwest (UP-NW),,,69.1,65.2,93.0,85.6,Inability to Rate,Good Standing,2024-25,ISP,True,False,False,True,2004-09-01T00:00:00.000,Unknown,41.957599,-87.769938,60634.0,False,False,2024.0,68.77394636015326,14.367816091954024,26.05363984674329,2.490421455938697,78.16091954022988,15.708812260536398,1.7241379310344829,0
610499,COLLINS STEAM HS,Collins Academy STEAM High School,HS,True,False,False,False,"9,10,11,12",9-12,196,187,47,0,192,2,1,0,1,0,0.0,0,0.0,0.0,True,Unknown,Unknown,False,Unknown,Unknown,"12, 18, 52",Unknown,Unknown,,,48.0,65.2,72.3,85.6,Inability to Rate,Good Standing,2024-25,Network 15,True,False,False,True,2007-07-01T00:00:00.000,Unknown,41.864149,-87.702042,60623.0,False,False,2024.0,95.40816326530611,23.97959183673469,0.0,97.95918367346938,1.020408163265306,0.5102040816326531,0.0,1
610513,AIR FORCE HS,Air Force Academy High School,HS,True,False,False,False,"9,10,11,12",9-12,130,107,25,34,72,52,4,0,0,0,0.0,1,1.0,0.0,True,Unknown,Unknown,False,Unknown,Unknown,"24, 35, 39, 44","Green,Red",Rock Island District (RI),,,66.7,65.2,90.0,85.6,Inability to Rate,Good Standing,2024-25,Network 16,True,False,False,True,2009-07-01T00:00:00.000,Unknown,41.828145,-87.632757,60609.0,False,False,2024.0,82.3076923076923,19.230769230769237,26.15384615384616,55.38461538461539,40.0,3.076923076923077,0.0,0
610518,AUSTIN CCA HS,Austin College and Career Academy High School,HS,True,False,False,False,"9,10,11,12",9-12,140,98,28,20,114,24,0,0,1,0,0.0,0,0.0,1.0,True,Unknown,Unknown,False,Unknown,Unknown,"20, 57, 85",Green,Unknown,,,33.3,65.2,66.7,85.6,Inability to Rate,Intensive Support,2024-25,Network 15,True,False,False,True,2008-07-01T00:00:00.000,Unknown,41.885993,-87.761916,60644.0,False,False,2024.0,70.0,20.0,14.285714285714285,81.42857142857143,17.142857142857142,0.0,0.0,1
610524,ALCOTT HS,Louisa May Alcott College Preparatory HS,HS,True,False,False,False,"9,10,11,12",9-12,358,255,131,115,54,239,50,5,3,0,0.0,5,2.0,0.0,True,Unknown,Unknown,False,Unknown,Unknown,"49, 50, 76, 77","Blue,Red",Unknown,,,61.6,65.2,91.5,85.6,Inability to Rate,Good Standing,2024-25,Network 15,True,False,False,True,2009-07-01T00:00:00.000,Unknown,41.935795,-87.680562,60618.0,False,False,2024.0,71.22905027932961,36.59217877094972,32.122905027932966,15.083798882681563,66.75977653631286,13.966480446927374,1.3966480446927374,0
610529,OGDEN HS,Ogden International High School,HS,True,False,False,False,"9,10,11,12",9-12,510,361,48,84,241,192,58,9,0,0,0.0,8,0.0,2.0,True,Unknown,Unknown,False,True,Unknown,"65, 66",Blue,Unknown,,,82.8,65.2,92.7,85.6,Inability to Rate,Good Standing,2024-25,Network 15,True,False,True,True,2009-07-01T00:00:00.000,Unknown,41.893548,-87.659405,60642.0,False,False,2024.0,70.7843137254902,9.411764705882351,16.470588235294116,47.25490196078431,37.64705882352941,11.372549019607844,1.7647058823529411,0
610547,SOUTH SHORE INTL HS,South Shore Intl College Prep High School,HS,True,False,False,False,"9,10,11,12",9-12,591,451,72,11,564,21,2,0,0,0,0.0,1,0.0,3.0,True,Unknown,Unknown,True,Unknown,Unknown,"J14, 15, 75",Red,Unknown,,,72.0,65.2,92.9,85.6,Inability to Rate,Good Standing,2024-25,Network 17,True,False,False,True,2011-07-01T00:00:00.000,Unknown,41.758792,-87.576353,60649.0,False,False,2024.0,76.31133671742809,12.18274111675127,1.8612521150592216,95.43147208121827,3.5532994923857872,0.338409475465313,0.0,0
610543,SOLORIO HS,Eric Solorio Academy High School,HS,True,False,False,False,"9,10,11,12",9-12,1237,1097,131,413,10,1204,12,5,5,0,0.0,1,0.0,0.0,True,Unknown,Unknown,True,Unknown,Unknown,"52, 52A, 55",Orange,Unknown,,,65.5,65.2,90.1,85.6,Inability to Rate,Good Standing,2024-25,Network 15,True,False,False,True,2010-07-01T00:00:00.000,Unknown,41.795201,-87.711059,60632.0,False,False,2024.0,88.68229587712207,10.59013742926435,33.38722716248989,0.8084074373484237,97.3322554567502,0.9700889248181084,0.4042037186742118,0
610557,PATHWAYS - ASHBURN HS,Pathways in Education- Ashburn,HS,True,False,False,False,"9,10,11,12",9-12,306,243,44,59,81,213,11,1,0,0,0.0,0,0.0,0.0,True,Unknown,Unknown,False,Unknown,Unknown,Unknown,Unknown,Unknown,,,26.8,65.2,81.1,78.9,Inability to Rate,Unknown,2024-25,Options,False,False,False,False,2011-07-01T00:00:00.000,Unknown,41.735239,-87.70406,60652.0,False,False,2024.0,79.41176470588235,14.37908496732026,19.28104575163399,26.47058823529412,69.6078431372549,3.594771241830065,0.326797385620915,1
610563,BACK OF THE YARDS HS,Back of the Yards IB High School,HS,True,False,False,False,"9,10,11,12",9-12,1008,941,96,433,15,974,9,7,3,0,0.0,0,0.0,0.0,True,Unknown,Unknown,False,Unknown,Unknown,"47, 48, 49",Orange,Unknown,,,81.1,65.2,95.2,85.6,Inability to Rate,Good Standing,2024-25,ISP,True,False,False,True,2013-07-01T00:00:00.000,Unknown,41.808413,-87.677541,60609.0,False,False,2024.0,93.3531746031746,9.523809523809524,42.9563492063492,1.488095238095238,96.62698412698413,0.8928571428571428,0.6944444444444444,0
610564,DISNEY II HS,Disney II Magnet High School,HS,True,True,False,False,"7,8,9,10,11,12",7-12,718,429,121,94,134,406,131,24,4,0,0.0,18,1.0,0.0,False,Unknown,Unknown,False,Unknown,Unknown,"53, 54A, 80",Blue,Union Pacific Northwest (UP-NW),,,70.1,65.2,90.0,85.6,Inability to Rate,Good Standing,2024-25,Network 14,True,False,True,True,2013-07-01T00:00:00.000,Unknown,41.952488,-87.721364,60618.0,False,False,2024.0,59.74930362116992,16.852367688022284,13.09192200557103,18.66295264623956,56.54596100278552,18.24512534818941,3.3426183844011144,0
610565,EXCEL ENGLEWOOD HS,Excel Academy of Englewood,HS,True,True,False,False,"8,9,10,11,12",8-12,269,203,50,2,259,9,0,0,0,0,0.0,1,0.0,0.0,True,Unknown,Unknown,False,Unknown,Unknown,"8, 74/5, 67",Unknown,Unknown,,,12.8,65.2,23.3,85.6,Inability to Rate,Unknown,2024-25,Options,False,False,False,False,2013-07-01T00:00:00.000,Unknown,41.763896,-87.649124,60621.0,False,False,2024.0,75.46468401486989,18.587360594795538,0.7434944237918215,96.28252788104088,3.3457249070631967,0.0,0.0,1
610568,PATHWAYS - AVONDALE HS,Pathways in Education- Avondale,HS,True,False,False,False,"9,10,11,12",9-12,303,257,74,71,36,225,33,5,2,0,0.0,2,0.0,0.0,Unknown,Unknown,Unknown,False,Unknown,Unknown,Unknown,Unknown,Unknown,,,44.9,65.2,81.1,78.9,Inability to Rate,Unknown,2024-25,Options,False,False,False,False,2013-07-01T00:00:00.000,Unknown,41.939433,-87.705206,60618.0,False,False,2024.0,84.81848184818482,24.422442244224424,23.432343234323437,11.88118811881188,74.25742574257426,10.891089108910892,1.65016501650165,1
610569,OMBUDSMAN - NORTHWEST HS,Ombudsman Chicago- Northwest,HS,True,False,False,False,"9,10,11,12",9-12,303,211,65,76,49,157,65,25,1,1,0.0,5,0.0,0.0,True,Unknown,Unknown,False,Unknown,Unknown,"290, 270, Pace",Blue,Unknown,,,33.3,65.2,81.1,78.9,Inability to Rate,Unknown,2024-25,Options,False,False,False,False,2013-07-01T00:00:00.000,Unknown,42.017171,-87.806682,60631.0,False,False,2024.0,69.63696369636963,21.45214521452145,25.08250825082508,16.17161716171617,51.81518151815182,21.45214521452145,8.25082508250825,1
610570,OMBUDSMAN - SOUTH HS,Ombudsman Chicago - South,HS,True,False,False,False,"9,10,11,12",9-12,289,226,44,67,154,129,5,0,0,0,0.0,1,0.0,0.0,True,Unknown,Unknown,False,Unknown,Unknown,"49, 49X","Green,Orange",Unknown,,,15.7,65.2,19.1,85.6,Inability to Rate,Unknown,2024-25,Options,False,False,False,False,2013-07-01T00:00:00.000,Unknown,41.783027,-87.683635,60636.0,False,False,2024.0,78.20069204152249,15.22491349480969,23.18339100346021,53.28719723183391,44.636678200692046,1.7301038062283738,0.0,1
610571,OMBUDSMAN - WEST HS,Ombudsman Chicago- West,HS,True,False,False,False,"9,10,11,12",9-12,212,174,36,14,164,45,2,0,0,0,0.0,1,0.0,0.0,True,Unknown,Unknown,False,Unknown,Unknown,"49, X49",Blue,Unknown,,,20.0,65.2,10.5,85.6,Inability to Rate,Unknown,2024-25,Options,False,False,False,False,2013-07-01T00:00:00.000,Unknown,41.874673,-87.687842,60612.0,False,False,2024.0,82.0754716981132,16.9811320754717,6.60377358490566,77.35849056603774,21.22641509433962,0.9433962264150944,0.0,1
610587,DYETT ARTS HS,Walter Henri Dyett High School for the Arts,HS,True,False,False,False,"9,10,11,12",9-12,517,429,89,10,500,13,2,0,1,0,0.0,1,0.0,0.0,Unknown,Unknown,Unknown,False,Unknown,Unknown,"51,4,3","Green,Red",Metra Electric District (ME),,,55.6,65.2,87.4,85.6,Inability to Rate,Good Standing,2024-25,Network 17,True,False,False,True,2016-07-01T00:00:00.000,Unknown,41.801204,-87.612239,60615.0,False,False,2024.0,82.97872340425532,17.2147001934236,1.9342359767891684,96.71179883945842,2.5145067698259185,0.3868471953578337,0.0,1
610592,ENGLEWOOD STEM HS,Englewood STEM High School,HS,True,False,False,False,"9,10,11,12",9-12,638,521,128,117,492,139,3,0,0,0,0.0,1,3.0,0.0,Unknown,Unknown,Unknown,True,Unknown,Unknown,Unknown,Unknown,Unknown,,,59.75,67.2,81.1,78.9,Inability to Rate,Intensive Support,2024-25,Network 16,True,False,Unknown,True,2019-07-01T00:00:00.000,Unknown,41.770251,-87.639061,60621.0,False,False,2024.0,81.6614420062696,20.06269592476489,18.338557993730408,77.11598746081505,21.78683385579937,0.4702194357366771,0.0,1
610593,OMBUDSMAN - ROSELAND HS,Ombudsman Chicago - Roseland,HS,True,False,False,False,"9,10,11,12",9-12,174,139,27,2,162,10,0,0,0,0,0.0,1,0.0,1.0,True,Unknown,Unknown,False,Unknown,Unknown,"8A, 108",Unknown,Unknown,,,11.1,65.2,81.1,78.9,Inability to Rate,Unknown,2024-25,Options,False,False,False,False,2019-08-01T00:00:00.000,Unknown,41.695105,-87.642816,60628.0,False,False,2024.0,79.88505747126436,15.517241379310343,1.1494252873563218,93.10344827586206,5.747126436781609,0.0,0.0,1
610594,PATHWAYS - HUMBOLDT PARK HS,Pathways in Education - Humboldt Park,HS,True,False,False,False,"9,10,11,12",9-12,155,105,22,34,45,96,8,3,2,0,0.0,0,1.0,0.0,Unknown,Unknown,Unknown,False,Unknown,Unknown,Unknown,Unknown,Unknown,,,42.4,65.2,81.1,78.9,Inability to Rate,Unknown,2024-25,Options,False,False,False,False,2019-08-01T00:00:00.000,Unknown,41.902841,-87.687946,60622.0,False,False,2024.0,67.74193548387096,14.193548387096774,21.935483870967744,29.03225806451613,61.935483870967744,5.161290322580645,1.935483870967742,1
610597,VIRTUAL ACADEMY HS,The Virtual Academy High School,HS,True,False,False,False,"9,10,11,12",9-12,275,205,128,65,76,144,43,5,0,0,0.0,5,1.0,1.0,Unknown,False,Unknown,False,Unknown,Unknown,Unknown,Unknown,Unknown,,,59.75,67.2,81.1,78.9,Inability to Rate,Not Applicable,2024-25,ISP,False,False,False,False,2021-07-01T00:00:00.000,Unknown,41.8627144,-87.6601387,60608.0,False,False,2024.0,74.54545454545455,46.54545454545455,23.63636363636364,27.63636363636364,52.36363636363637,15.636363636363637,1.818181818181818,1
610561,CRANE MEDICAL HS,Richard T Crane Medical Preparatory HS,HS,True,False,False,False,"9,10,11,12",9-12,286,250,39,28,236,46,1,0,0,0,0.0,3,0.0,0.0,True,Unknown,Unknown,False,Unknown,Unknown,"9, 49, 50, 126",Blue,Unknown,,,54.2,65.2,83.0,85.6,Inability to Rate,Good Standing,2024-25,Network 15,True,False,False,True,2013-07-01T00:00:00.000,Unknown,41.876947,-87.683301,60612.0,False,False,2024.0,87.41258741258741,13.636363636363637,9.79020979020979,82.51748251748252,16.083916083916083,0.3496503496503496,0.0,1
610573,SAFE ACHIEVE HS,Safe Achieve Academy HS,HS,True,False,False,False,"9,10,11,12",9-12,26,22,4,0,23,3,0,0,0,0,0.0,0,0.0,0.0,Unknown,Unknown,Unknown,False,Unknown,Unknown,Unknown,Unknown,Unknown,,,59.75,67.2,81.1,78.9,Inability to Rate,Unknown,2024-25,Options,False,False,False,False,2013-07-01T00:00:00.000,Unknown,41.753115,-87.551804,60649.0,False,False,2024.0,84.61538461538461,15.384615384615383,0.0,88.46153846153845,11.538461538461538,0.0,0.0,1
610601,SAFE ACHIEVE WEST HS,SAFE Achieve Academy West HS,HS,True,False,False,False,"9,10,11,12",9-12,21,18,6,1,13,7,1,0,0,0,0.0,0,0.0,0.0,Unknown,Unknown,Unknown,False,Unknown,Unknown,Unknown,Unknown,Unknown,,,59.75,67.2,81.1,78.9,Unknown,Unknown,2024-25,Options,False,False,False,False,2024-07-01T00:00:00.000,Unknown,41.753115,-87.551804,60624.0,False,False,2024.0,85.71428571428571,28.57142857142857,4.761904761904762,61.90476190476191,33.33333333333333,4.761904761904762,0.0,1
